"","Gene","X.x","Chromosome","Start_position","End_position","Strand","mutation_type","Variant_Type","case_id","cDNA_Change","Codon_Change","amino_acid_change","X.y","X.1.x","X.2","f","Length","Protein_Seq","VAIKmotif","HRDmotif","DFGmotif","X.x","Family","Secondary.Family","numberofDFG.x","X.1.y","a","b","c","d","e","HunterName","newname","X.y","Hunter","Accession","Notes...altnames","numberofVAIK","numberofHRD","numberofDFG.y","DUP","VAIKtouse","HRDtouse","DFGtouse","firstDFG","secondDFG","thirdDFG","actual_DFG_D","actual_DFG_F","actual_DFG_G","APEfragstart","APEfragend","APEfrag","numAPE","APELoc","locAPEprotein","numPE","PELoc","locPEprotein","numGTx6E","GTx6ELoc","locGTx6Eprotein","numGTx5NE","GTx5NELoc","locGTx5NEprotein","numGTx6D","GTx6DLoc","locGTx6Dprotein","numAxE","AxELoc","locAxEprotein","numAPD","APDLoc","locAPDprotein","numPPD","PPDLoc","locPPDprotein","numGTxxY","GTxxYLoc","locGTxxYprotein","numPIR","PIRLoc","locPIRprotein","numGx7E","Gx7ELoc","locGx7Eprotein","numYxAP","YxAPLoc","YxAPLocprotein","numWYxxPR","WYxxPRLoc","WYxxPRLocprotein","loc_actual_APE_A","loc_actual_APE_B","loc_actual_APE_C","loc_actual_APE_D","loc_actual_APE_E","loc_actual_APE_F","loc_actual_APE_G","loc_actual_APE_H","loc_actual_APE_I","loc_actual_APE_J","loc_actual_APE_K","loc_actual_APE_L","loc_actual_APE_M","loc_actual_APE_N","loc_actual_APE_O","loc_actual_APE_P","loc_actual_APE_Q","loc_actual_APE_R","loc_actual_APE_S","loc_actual_APE_T","loc_actual_APE_U","loc_actual_APE_V","loc_actual_APE","APE_E1loc","endCAT","Codon","RefAmino","codonConfirm","noMULTIPLEhits","transcriptDUP","duplicateREF","mergedDUP","transcriptFREQ"
"1","ACVR2A",4,"2","148654048","148654048","+","Nonsense_Mutation","SNP","JHH4_LIVER","c.234T>A","c.(232-234)TGT>TGA","p.C78*","","","","ACVR2A-001",513,"MGAAAKLAFAVFLISCSSGAILGRSETQECLFFNANWEKDRTNQTGVEPCYGDKDKRRHCFATWKNISGSIEIVKQGCWLDDINCYDRTDCVEKKDSPEVYFCCCEGNMCNEKFSYFPEMEVTQPTSNPVTPKPPYYNILLYSLVPLMLIAGIVICAFWVYRHHKMAYPPVLVPTQDPGPPPPSPLLGLKPLQLLEVKARGRFGCVWKAQLLNEYVAVKIFPIQDKQSWQNEYEVYSLPGMKHENILQFIGAEKRGTSVDVDLWLITAFHEKGSLSDFLKANVVSWNELCHIAETMARGLAYLHEDIPGLKDGHKPAISHRDIKSKNVLLKNNLTACIADFGLALKFEAGKSAGDTHGQVGTRRYMAPEVLEGAINFQRDAFLRIDMYAMGLVLWELASRCTAADGPVDEYMLPFEEEIGQHPSLEDMQEVVVHKKKRPVLRDYWQKHAGMAMLCETIEECWDHDAEARLSAGCVGERITQMQRLTNIITTEDIVTVVTMVTNVDFPPKESSL","VAVK","HRD","DFG",8,"TKL Ser/Thr","SerineThreonine",1,43,">ENSP00000241416.7","ENST00000241416.10","ENSG00000121989.13","OTTHUMG00000150603.2","OTTHUMT00000319051.1","ACTR2","ACVR2A",NA,"ACTR2","SK010","",1,1,1,TRUE,1,1,1,340,NA,NA,340,341,342,352,412,"SAGDTHGQVGTRRYMAPEVLEGAINFQRDAFLRIDMYAMGLVLWELASRCTAADGPVDEYM",1,16,367,1,17,367,1,10,367,0,NA,NA,0,NA,NA,1,16,367,0,NA,NA,0,NA,NA,1,10,367,0,NA,NA,1,10,367,1,14,367,0,NA,NA,367,367,367,367,367,367,367,367,367,367,367,367,367,367,367,367,367,367,367,367,367,367,367,369,369,78,"C","C","ACVR2A-001 JHH4_LIVER",TRUE,"ACVR2A_78_JHH4_LIVER",TRUE,"ACVR2A-001_369"
"2","AMHR2",28,"12","53818164","53818164","+","Nonsense_Mutation","SNP","HEC251_ENDOMETRIUM","c.142G>T","c.(142-144)GAG>TAG","p.E48*","","","","AMHR2-002",478,"MLGSLGLWALLPTAVEAPPNRRTCVFFEAPGVRGSTKTLGELLDTGTELPRAIRCLYSRCCFGIWNLTQDRAQVEMQGCRDSDEPGCESLHCDPSPRAHPSPGSTLFTCSCGTDFCNANYSHLPPPGSPGTPGSQGPQAAPGESIWMALVLLGLFLLLLLLLGSIILALLQRKNYRVRGEPVPEPRPDSGRDWSVELQELPELCFSQVIREGGHAVVWAGQLQGKLVAIKAFPPRSVAQFQAERALYELPGLQHDHIVRFITASRGGPGRLLSGPLLVLELHPKGSLCHYLTQYTSDWGSSLRMALSLAQGLAFLHEERWQNGQYKPGIAHRDLSSQNVLIREDGSCAIGDLGLALVLPGLTQPPAWTPTQPQGPAAIMEDPDGLRELLEDCWDADPEARLTAECVQQRLAALAHPQESHPFPESCPRGCPPLCPEDCTSIPAPTILPCRPQRSACHFSVQQGPCSRNPQPACTLSPV","VAIK","HRD","DLG",17,"TKL Ser/Thr","SerineThreonine",1,107,">ENSP00000369117.3","ENST00000379791.6","ENSG00000135409.9","OTTHUMG00000170048.2","OTTHUMT00000407050.1","MISR2","AMHR2",NA,"MISR2","SK228","",1,1,1,TRUE,1,1,1,351,NA,NA,351,352,353,363,423,"QPPAWTPTQPQGPAAIMEDPDGLRELLEDCWDADPEARLTAECVQQRLAALAHPQESHPFP",0,NA,NA,1,35,396,0,NA,NA,0,NA,NA,0,NA,NA,0,NA,NA,0,NA,NA,0,NA,NA,0,NA,NA,0,NA,NA,0,NA,NA,0,NA,NA,0,NA,NA,NA,NA,NA,NA,396,396,396,396,396,396,396,396,396,396,396,396,396,396,396,396,396,396,396,398,398,48,"E","E","AMHR2-002 HEC251_ENDOMETRIUM",TRUE,"AMHR2_48_HEC251_ENDOMETRIUM",TRUE,"AMHR2-002_398"
"3","BMPR2",3,"2","203242245","203242245","+","Nonsense_Mutation","SNP","CW2_LARGE_INTESTINE","c.48G>A","c.(46-48)TGG>TGA","p.W16*","","","","BMPR2-001",1038,"MTSSLQRPWRVPWLPWTILLVSTAAASQNQERLCAFKDPYQQDLGIGESRISHENGTILCSKGSTCYGLWEKSKGDINLVKQGCWSHIGDPQECHYEECVVTTTPPSIQNGTYRFCCCSTDLCNVNFTENFPPPDTTPLSPPHSFNRDETIIIALASVSVLAVLIVALCFGYRMLTGDRKQGLHSMNMMEAAASEPSLDLDNLKLLELIGRGRYGAVYKGSLDERPVAVKVFSFANRQNFINEKNIYRVPLMEHDNIARFIVGDERVTADGRMEYLLVMEYYPNGSLCKYLSLHTSDWVSSCRLAHSVTRGLAYLHTELPRGDHYKPAISHRDLNSRNVLVKNDGTCVISDFGLSMRLTGNRLVRPGEEDNAAISEVGTIRYMAPEVLEGAVNLRDCESALKQVDMYALGLIYWEIFMRCTDLFPGESVPEYQMAFQTEVGNHPTFEDMQVLVSREKQRPKFPEAWKENSLAVRSLKETIEDCWDQDAEARLTAQCAEERMAELMMIWERNKSVSPTVNPMSTAMQNERNLSHNRRVPKIGPYPDYSSSSYIEDSIHHTDSIVKNISSEHSMSSTPLTIGEKNRNSINYERQQAQARIPSPETSVTSLSTNTTTTNTTGLTPSTGMTTISEMPYPDETNLHTTNVAQSIGPTPVCLQLTEEDLETNKLDPKEVDKNLKESSDENLMEHSLKQFSGPDPLSSTSSSLLYPLIKLAVEATGQQDFTQTANGQACLIPDVLPTQIYPLPKQQNLPKRPTSLPLNTKNSTKEPRLKFGSKHKSNLKQVETGVAKMNTINAAEPHVVTVTMNGVAGRNHSVNSHAATTQYANGTVLSGQTTNIVTHRAQEMLQNQFIGEDTRLNINSSPDEHEPLLRREQQAGHDEGVLDRLVDRRERPLEGGRTNSNNNNSNPCSEQDVLAQGVPSTAADPGPSKPRRAQRPNSLDLSATNVLDGSSIQIGESTQDGKSGSGEKIKKRVKTPYSLKRWRPSTWVISTESLDCEVNNNGSNRAVHSKSSTAVYLAEGGTATTMVSKDIGMNCL","VAVK","HRD","DFG",30,"TKL Ser/Thr","SerineThreonine",1,182,">ENSP00000363708.4","ENST00000374580.7","ENSG00000204217.11","OTTHUMG00000133617.4","OTTHUMT00000257743.1","BMPR2","BMPR2",NA,"BMPR2","SK365","",1,1,1,TRUE,1,1,1,351,NA,NA,351,352,353,363,423,"LVRPGEEDNAAISEVGTIRYMAPEVLEGAVNLRDCESALKQVDMYALGLIYWEIFMRCTDL",1,22,384,1,23,384,1,16,384,0,NA,NA,0,NA,NA,1,22,384,0,NA,NA,0,NA,NA,1,16,384,0,NA,NA,2,16,384,1,20,384,0,NA,NA,384,384,384,384,384,384,384,384,384,384,384,384,384,384,384,384,384,384,384,384,384,384,384,386,386,16,"W","W","BMPR2-001 CW2_LARGE_INTESTINE",TRUE,"BMPR2_16_CW2_LARGE_INTESTINE",TRUE,"BMPR2-001_386"
"4","BRSK1",24,"19","55800930","55800930","+","Nonsense_Mutation","SNP","JHUEM1_ENDOMETRIUM","c.448C>T","c.(448-450)CGA>TGA","p.R150*","","","","BRSK1-004",794,"MVAGLTLGKGPESPDGDVSVPERKDEVAGGGGEEEEAEERGRHAQYVGPYRLEKTLGKGQTGLVKLGVHCITGQKVAIKIVNREKLSESVLMKVEREIAILKLIEHPHVLKLHDVYENKKYLYLVLEHVSGGELFDYLVKKGRLTPKEARKFFRQIVSALDFCHSYSICHRDLKPENLLLDEKNNIRIADFGMASLQVGDSLLETSCGSPHYACPEVIKGEKYDGRRADMWSCGVILFALLVGALPFDDDNLRQLLEKVKRGVFHMPHFIPPDCQSLLRGMIEVEPEKRLSLEQIQKHPWYLGGKHEPDPCLEPAPGRRVAMRSLPSNGELDPDVLESMASLGCFRDRERLHRELRSEEENQEKMIYYLLLDRKERYPSCEDQDLPPRNDVDPPRKRVDSPMLSRHGKRRPERKSMEVLSITDAGGGGSPVPTRRALEMAQHSQRSRSVSGASTGLSSSPLSSPRSPVFSFSPEPGAGDEARGGGSPTSKTQTLPSRGPRGGGAGEQPPPPSARSTPLPGPPGSPRSSGGTPLHSPLHTPRASPTGTPGTTPPPSPGGGVGGAAWRSRLNSIRNSFLGSPRFHRRKMQVPTAEEMSSLTPESSPELAKRSWFGNFISLDKEEQIFLVLKDKPLSSIKADIVHAFLSIPSLSHSVLSQTSFRAEYKASGGPSVFQKPVRFQVDISSSEGPEPSPRRDGSGGGGIYSVTFTLISGPSRRFKRVVETIQAQLLSTHDQPSVQALADEKNGAQTRPAGAPPRSLQPPPGRPDPELSSSPRRGPPKDKKLLATNGTPLP","VAIK","HRD","DFG",33,"CAMK Ser/Thr","SerineThreonine",1,194,">ENSP00000468190.1","ENST00000590333.4","ENSG00000160469.15","OTTHUMG00000180735.3","OTTHUMT00000452786.1","BRSK1","BRSK1",NA,"BRSK1","SK598","",1,1,1,TRUE,1,1,1,190,NA,NA,190,191,192,202,262,"LLETSCGSPHYACPEVIKGEKYDGRRADMWSCGVILFALLVGALPFDDDNLRQLLEKVKRG",0,NA,NA,1,14,214,0,NA,NA,0,NA,NA,0,NA,NA,0,NA,NA,0,NA,NA,0,NA,NA,0,NA,NA,0,NA,NA,1,7,214,0,NA,NA,0,NA,NA,NA,NA,NA,NA,214,214,214,214,214,214,214,214,214,214,214,214,214,214,214,214,214,214,214,216,216,150,"R","R","BRSK1-004 JHUEM1_ENDOMETRIUM",TRUE,"BRSK1_150_JHUEM1_ENDOMETRIUM",TRUE,"BRSK1-004_216"
"5","CHEK2",12,"22","29106017","29106017","+","Nonsense_Mutation","SNP","HEC251_ENDOMETRIUM","c.952G>T","c.(952-954)GAA>TAA","p.E318*","","","","CHEK2-003",586,"MSRESDVEAQQSHGSSACSQPHGSVTQSQGSSSQSQGISSSSTSTMPNSSQSSHSSSGTLSSLETVSTQELYSIPEDQEPEDQEPEEPTPAPWARLWALQDGFANLETESGHVTQSDLELLLSSDPPASASQSAGIRGVRHHPRPVCSLKCVNDNYWFGRDKSCEYCFDEPLLKRTDKYRTYSKKHFRIFREVGPKNSYIAYIEDHSGNGTFVNTELVGKGKRRPLNNNSEIALSLSRNKVFVFFDLTVDDQSVYPKALRDEYIMSKTLGSGACGEVKLAFERKTCKKVAIKIISKRKFAIGSAREADPALNVETEIEILKKLNHPCIIKIKNFFDAEDYYIVLELMEGGELFDKVVGNKRLKEATCKLYFYQMLLAVQYLHENGIIHRDLKPENVLLSSQEEDCLIKITDFGHSKILGETSLMRTLCGTPTYLAPEVLVSVGTAGYNRAVDCWSLGVILFICLSGYPPFSEHRTQVSLKDQITSGKYNFIPEVWAEVSEKALDLVKKLLVVDPKARFTTEEALRHPWLQDEDMKRKFQDLLSEENESTALPQVLAQPSTSRKRPREGEAEGAETTKRPAVCAAVL","VAIK","HRD","DFG",78,"CAMK Ser/Thr","SerineThreonine",1,494,">ENSP00000372023.2","ENST00000382580.5","ENSG00000183765.19","OTTHUMG00000151023.22","OTTHUMT00000321016.2","CHK2","CHEK2",NA,"CHK2","SK079","",1,1,1,TRUE,1,1,1,411,NA,NA,411,412,413,423,483,"LMRTLCGTPTYLAPEVLVSVGTAGYNRAVDCWSLGVILFICLSGYPPFSEHRTQVSLKDQI",1,13,435,1,14,435,1,7,435,0,NA,NA,0,NA,NA,1,13,435,0,NA,NA,0,NA,NA,2,7,435,0,NA,NA,1,7,435,1,11,435,0,NA,NA,435,435,435,435,435,435,435,435,435,435,435,435,435,435,435,435,435,435,435,435,435,435,435,437,437,318,"E","E","CHEK2-003 HEC251_ENDOMETRIUM",TRUE,"CHEK2_318_HEC251_ENDOMETRIUM",TRUE,"CHEK2-003_437"
"6","CSNK1A1",8,"5","148904721","148904721","+","Nonsense_Mutation","SNP","COLO792_SKIN","c.244G>T","c.(244-246)GAA>TAA","p.E82*","","","","CSNK1A1-003",365,"MASSSGSKAEFIVGGKYKLVRKIGSGSFGDIYLAINITNGEEVAVKLESQKARHPQLLYESKLYKILQGGVGIPHIRWYGQEKDYNVLVMDLLGPSLEDLFNFCSRRFTMKTVLMLADQMISRIEYVHTKNFIHRDIKPDNFLMGIGRHCNKCLESPVGKRKRSMTVSTSQDPSFSGLNQLFLIDFGLAKKYRDNRTRQHIPYREDKNLTGTARYASINAHLGIEQSRRDDMESLGYVLMYFNRTSLPWQGLKAATKKQKYEKISEKKMSTPVEVLCKGFPAEFAMYLNYCRGLRFEEAPDYMYLRQLFRILFRTLNHQYDYTFDWTMLKQKAAQQAASSSGQGQQAQTPTGKQTDKTKSNMKGF","VAVK","HRD","DFG",87,"CK1 Ser/Thr","SerineThreonine",1,569,">ENSP00000421689.1","ENST00000515768.4","ENSG00000113712.15","OTTHUMG00000163463.4","OTTHUMT00000373584.1","CK1a","CSNK1A1",NA,"CK1a","SK082","",1,1,1,TRUE,1,1,1,185,NA,NA,185,186,187,197,257,"TRQHIPYREDKNLTGTARYASINAHLGIEQSRRDDMESLGYVLMYFNRTSLPWQGLKAATK",0,NA,NA,0,NA,NA,0,NA,NA,0,NA,NA,0,NA,NA,0,NA,NA,0,NA,NA,0,NA,NA,1,15,217,0,NA,NA,0,NA,NA,0,NA,NA,0,NA,NA,NA,NA,NA,NA,NA,NA,NA,NA,217,217,217,217,217,217,217,217,217,217,217,217,217,217,217,219,219,82,"E","E","CSNK1A1-003 COLO792_SKIN",TRUE,"CSNK1A1_82_COLO792_SKIN",TRUE,"CSNK1A1-003_219"
"7","DYRK3",16,"1","206820814","206820814","+","Nonsense_Mutation","SNP","U138MG_CENTRAL_NERVOUS_SYSTEM","c.271G>T","c.(271-273)GAA>TAA","p.E91*","","","","DYRK3-001",588,"MGGTARGPGRKDAGPPGAGLPPQQRRLGDGVYDTFMMIDETKCPPCSNVLCNPSEPPPPRRLNMTTEQFTGDHTQHFLDGGEMKVEQLFQEFGNRKSNTIQSDGISDSEKCSPTVSQGKSSDCLNTVKSNSSSKAPKVVPLTPEQALKQYKHHLTAYEKLEIINYPEIYFVGPNAKKRHGVIGGPNNGGYDDADGAYIHVPRDHLAYRYEVLKIIGKGSFGQVARVYDHKLRQYVALKMVRNEKRFHRQAAEEIRILEHLKKQDKTGSMNVIHMLESFTFRNHVCMAFELLSIDLYELIKKNKFQGFSVQLVRKFAQSILQSLDALHKNKIIHCDLKPENILLKHHGRSSTKVIDFGSSCFEYQKLYTYIQSRFYRAPEIILGSRYSTPIDIWSFGCILAELLTGQPLFPGEDEGDQLACMMELLGMPPPKLLEQSKRAKYFINSKGIPRYCSVTTQADGRVVLVGGRSRRGKKRGPPGSKDWGTALKGCDDYLFIEFLKRCLHWDPSARLTPAQALRHPWISKSVPRPLTTIDKVSGKRVVNPASAFQGLGSKLPPVVGIANKLKANLMSETNGSIPLCSVLPKLIS","VALK","HCD","DFG",109,"CMGC Ser/Thr","SerineThreonine",1,747,">ENSP00000356076.2","ENST00000367109.5","ENSG00000143479.14","OTTHUMG00000036339.1","OTTHUMT00000088458.1","DYRK3","DYRK3",NA,"DYRK3","SK488","",1,1,1,TRUE,1,1,1,355,NA,NA,355,356,357,367,427,"YTYIQSRFYRAPEIILGSRYSTPIDIWSFGCILAELLTGQPLFPGEDEGDQLACMMELLGM",1,11,377,1,12,377,0,NA,NA,0,NA,NA,0,NA,NA,1,11,377,0,NA,NA,0,NA,NA,0,NA,NA,0,NA,NA,1,49,421,1,9,377,0,NA,NA,377,377,377,377,377,377,377,377,377,377,377,377,377,377,377,377,377,377,377,377,377,377,377,379,379,91,"E","E","DYRK3-001 U138MG_CENTRAL_NERVOUS_SYSTEM",TRUE,"DYRK3_91_U138MG_CENTRAL_NERVOUS_SYSTEM",TRUE,"DYRK3-001_379"
"8","EPHA5",20,"4","66467756","66467756","+","Nonsense_Mutation","SNP","VMRCLCD_LUNG","c.513C>A","c.(511-513)TAC>TAA","p.Y171*","","","","EPHA5-004",1004,"MRGSGPRGAGRRRPPSGGGDTPITPASLAGCYSAPRRAPLWTCLLLCAALRTLLASPSNEVNLLDSRTVMGDLGWIAFPKNGWEEIGEVDENYAPIHTYQVCKVMEQNQNNWLLTSWISNEGASRIFIELKFTLRDCNSLPGGLGTCKETFNMYYFESDDQNGRNIKENQYIKIDTIAADESFTELDLGDRVMKLNTEVRDVGPLSKKGFYLAFQDVGACIALVSVRVYYKKCPSVVRHLAVFPDTITGADSSQLLEVSGSCVNHSVTDEPPKMHCSAEGEWLVPIGKCMCKAGYEEKNGTCQVCRPGFFKASPHIQSCGKCPPHSYTHEEASTSCVCEKDYFRRESDPPTMACTRPPSAPRNAISNVNETSVFLEWIPPADTGGRKDVSYYIACKKCNSHAGVCEECGGHVRYLPRQSGLKNTSVMMVDLLAHTNYTFEIEAVNGVSDLSPGARQYVSVNVTTNQAAPSPVTNVKKGKIAKNSISLSWQEPDRPNGIILEYEIKYFEKDQETSYTIIKSKETTITAEGLKPASVYVFQIRARTAAGYGVFSRRFEFETTPVSVAASSDQSQIPVIAVSVTVGVILLAVVIGVLLSGSCCECGCGRASSLCAVAHPSLIWRCGYSKAKQDPEEEKMHFHNGHIKLPGVRTYIDPHTYEDPNQAVHEFAKEIEASCITIERVIGAGEFGEVCSGRLKLPGKRELPVAIKTLKVGYTEKQRRDFLGEASIMGQFDHPNIIHLEGVVTKSKPVMIVTEYMENGSLDTFLKKNDGQFTVIQLVGMLRGISAGMKYLSDMGYVHRDLAARNILINSNLVCKVSDFGLSRVLEDDPEAAYTTRGGKIPIRWTAPEAIAFRKFTSASDVWSYGIVMWEVVSYGERPYWEMTNQDVIKAVEEGYRLPSPMDCPAALYQLMLDCWQKERNSRPKFDEIVNMLDKLIRNPSSLKTLVNASCRVSNLLAEHSPLGSGAYRSVGEWLEAIKMGRYTEIFMENGYSSMDAVAQVTLE","VAIK","HRD","DFG",120,"Tyr Kinase","Tyrosine",1,801,">ENSP00000427638.1","ENST00000511294.1","ENSG00000145242.12","OTTHUMG00000129273.4","OTTHUMT00000362135.1","EphA5","EPHA5",NA,"EphA5","SK125","",1,1,1,TRUE,1,1,1,819,NA,NA,819,820,821,831,891,"EAAYTTRGGKIPIRWTAPEAIAFRKFTSASDVWSYGIVMWEVVSYGERPYWEMTNQDVIKA",1,17,847,1,18,847,0,NA,NA,0,NA,NA,0,NA,NA,1,17,847,0,NA,NA,0,NA,NA,0,NA,NA,1,12,847,0,NA,NA,0,NA,NA,0,NA,NA,847,847,847,847,847,847,847,847,847,847,847,847,847,847,847,847,847,847,847,847,847,847,847,849,849,171,"Y","Y","EPHA5-004 VMRCLCD_LUNG",TRUE,"EPHA5_171_VMRCLCD_LUNG",TRUE,"EPHA5-004_849"
"9","EPHA7",25,"6","94120885","94120885","+","Nonsense_Mutation","SNP","TE10_OESOPHAGUS","c.166G>T","c.(166-168)GAA>TAA","p.E56*","","","","EPHA7-001",998,"MVFQTRYPSWIILCYIWLLRFAHTGEAQAAKEVLLLDSKAQQTELEWISSPPNGWEEISGLDENYTPIRTYQVCQVMEPNQNNWLRTNWISKGNAQRIFVELKFTLRDCNSLPGVLGTCKETFNLYYYETDYDTGRNIRENLYVKIDTIAADESFTQGDLGERKMKLNTEVREIGPLSKKGFYLAFQDVGACIALVSVKVYYKKCWSIIENLAIFPDTVTGSEFSSLVEVRGTCVSSAEEEAENAPRMHCSAEGEWLVPIGKCICKAGYQQKGDTCEPCGRGFYKSSSQDLQCSRCPTHSFSDKEGSSRCECEDGYYRAPSDPPYVACTRPPSAPQNLIFNINQTTVSLEWSPPADNGGRNDVTYRILCKRCSWEQGECVPCGSNIGYMPQQTGLEDNYVTVMDLLAHANYTFEVEAVNGVSDLSRSQRLFAAVSITTGQAAPSQVSGVMKERVLQRSVELSWQEPEHPNGVITEYEIKYYEKDQRERTYSTVKTKSTSASINNLKPGTVYVFQIRAFTAAGYGNYSPRLDVATLEEATGKMFEATAVSSEQNPVIIIAVVAVAGTIILVFMVFGFIIGRRHCGYSKADQEGDEELYFHFKFPGTKTYIDPETYEDPNRAVHQFAKELDASCIKIERVIGAGEFGEVCSGRLKLPGKRDVAVAIKTLKVGYTEKQRRDFLCEASIMGQFDHPNVVHLEGVVTRGKPVMIVIEFMENGALDAFLRKHDGQFTVIQLVGMLRGIAAGMRYLADMGYVHRDLAARNILVNSNLVCKVSDFGLSRVIEDDPEAVYTTTGGKIPVRWTAPEAIQYRKFTSASDVWSYGIVMWEVMSYGERPYWDMSNQDVIKAIEEGYRLPAPMDCPAGLHQLMLDCWQKERAERPKFEQIVGILDKMIRNPNSLKTPLGTCSRPISPLLDQNTPDFTTFCSVGEWLQAIKMERYKDNFTAAGYNSLESVARMTIEDVMSLGITLVGHQKKIMSSIQTMRAQMLHLHGTGIQV","VAIK","HRD","DFG",122,"Tyr Kinase","Tyrosine",1,814,">ENSP00000358309.4","ENST00000369303.7","ENSG00000135333.12","OTTHUMG00000015228.1","OTTHUMT00000041545.1","EphA7","EPHA7",NA,"EphA7","SK416","",1,1,1,TRUE,1,1,1,776,NA,NA,776,777,778,788,848,"EAVYTTTGGKIPVRWTAPEAIQYRKFTSASDVWSYGIVMWEVMSYGERPYWDMSNQDVIKA",1,17,804,1,18,804,0,NA,NA,0,NA,NA,0,NA,NA,1,17,804,0,NA,NA,0,NA,NA,0,NA,NA,0,NA,NA,0,NA,NA,0,NA,NA,0,NA,NA,804,804,804,804,804,804,804,804,804,804,804,804,804,804,804,804,804,804,804,804,804,804,804,806,806,56,"E","E","EPHA7-001 TE10_OESOPHAGUS",TRUE,"EPHA7_56_TE10_OESOPHAGUS",TRUE,"EPHA7-001_806"
"10","FER",19,"5","108219206","108219206","+","Nonsense_Mutation","SNP","NCIH82_LUNG","c.1033G>T","c.(1033-1035)GAG>TAG","p.E345*","","","","FER-001",822,"MGFGSDLKNSHEAVLKLQDWELRLLETVKKFMALRIKSDKEYASTLQNLCNQVDKESTVQMNYVSNVSKSWLLMIQQTEQLSRIMKTHAEDLNSGPLHRLTMMIKDKQQVKKSYIGVHQQIEAEMIKVTKTELEKLKCSYRQLIKEMNSAKEKYKEALAKGKETEKAKERYDKATMKLHMLHNQYVLALKGAQLHQNQYYDITLPLLLDSLQKMQEEMIKALKGIFDEYSQITSLVTEEIVNVHKEIQMSVEQIDPSTEYNNFIDVHRTTAAKEQEIEFDTSLLEENENLQANEIMWNNLTAESLQVMLKTLAEELMQTQQMLLNKEEAVLELEKRIEESSETCEKKSDIVLLLSQKQALEELKQSVQQLRCTEAKFSAQKELLEQKVQENDGKEPPPVVNYEEDARSVTSMERKERLSKFESIRHSIAGIIRSPKSALGSSALSDMISISEKPLAEQDWYHGAIPRIEAQELLKKQGDFLVRESHGKPGEYVLSVYSDGQRRHFIIQYVDNMYRFEGTGFSNIPQLIDHHYTTKQVITKKSGVVLLNPIPKDKKWILSHEDVILGELLGKGNFGEVYKGTLKDKTSVAVKTCKEDLPQELKIKFLQEAKILKQYDHPNIVKLIGVCTQRQPVYIIMELVSGGDFLTFLRRKKDELKLKQLVKFSLDAAAGMLYLESKNCIHRDLAARNCLVGENNVLKISDFGMSRQEDGGVYSSSGLKQIPIKWTAPEALNYGRYSSESDVWSFGILLWETFSLGVCPYPGMTNQQAREQVERGYRMSAPQHCPEDISKIMMKCWDYKPENRPKFSELQKELTIIKRKLT","VAVK","HRD","DFG",132,"Tyr Kinase","Tyrosine",1,860,">ENSP00000281092.4","ENST00000281092.7","ENSG00000151422.11","OTTHUMG00000128751.5","OTTHUMT00000250664.1","FER","FER",NA,"FER","SK140","",1,1,1,TRUE,1,1,1,702,NA,NA,702,703,704,714,774,"YSSSGLKQIPIKWTAPEALNYGRYSSESDVWSFGILLWETFSLGVCPYPGMTNQQAREQVE",1,15,728,1,16,728,0,NA,NA,0,NA,NA,0,NA,NA,2,15,728,0,NA,NA,0,NA,NA,0,NA,NA,0,NA,NA,1,50,769,0,NA,NA,0,NA,NA,728,728,728,728,728,728,728,728,728,728,728,728,728,728,728,728,728,728,728,728,728,728,728,730,730,345,"E","E","FER-001 NCIH82_LUNG",TRUE,"FER_345_NCIH82_LUNG",TRUE,"FER-001_730"
"11","LATS1",18,"6","150023019","150023019","+","Nonsense_Mutation","SNP","HEC251_ENDOMETRIUM","c.244C>T","c.(244-246)CGA>TGA","p.R82*","","","","LATS1-001",1130,"MKRSEKPEGYRQMRPKTFPASNYTVSSRQMLQEIRESLRNLSKPSDAAKAEHNMSKMSTEDPRQVRNPPKFGTHHKALQEIRNSLLPFANETNSSRSTSEVNPQMLQDLQAAGFDEDMVIQALQKTNNRSIEAAIEFISKMSYQDPRREQMAAAAARPINASMKPGNVQQSVNRKQSWKGSKESLVPQRHGPPLGESVAYHSESPNSQTDVGRPLSGSGISAFVQAHPSNGQRVNPPPPPQVRSVTPPPPPRGQTPPPRGTTPPPPSWEPNSQTKRYSGNMEYVISRISPVPPGAWQEGYPPPPLNTSPMNPPNQGQRGISSVPVGRQPIIMQSSSKFNFPSGRPGMQNGTGQTDFMIHQNVVPAGTVNRQPPPPYPLTAANGQSPSALQTGGSAAPSSYTNGSIPQSMMVPNRNSHNMELYNISVPGLQTNWPQSSSAPAQSSPSSGHEIPTWQPNIPVRSNSFNNPLGNRASHSANSQPSATTVTAITPAPIQQPVKSMRVLKPELQTALAPTHPSWIPQPIQTVQPSPFPEGTASNVTVMPPVAEAPNYQGPPPPYPKHLLHQNPSVPPYESISKPSKEDQPSLPKEDESEKSYENVDSGDKEKKQITTSPITVRKNKKDEERRESRIQSYSPQAFKFFMEQHVENVLKSHQQRLHRKKQLENEMMRVGLSQDAQDQMRKMLCQKESNYIRLKRAKMDKSMFVKIKTLGIGAFGEVCLARKVDTKALYATKTLRKKDVLLRNQVAHVKAERDILAEADNEWVVRLYYSFQDKDNLYFVMDYIPGGDMMSLLIRMGIFPESLARFYIAELTCAVESVHKMGFIHRDIKPDNILIDRDGHIKLTDFGLCTGFRWTHDSKYYQSGDHPRQDSMDFSNEWGDPSSCRCGDRLKPLERRAARQHQRCLAHSLVGTPNYIAPEVLLRTGYTQLCDWWSVGVILFEMLVGQPPFLAQTPLETQMKVINWQTSLHIPPQAKLSPEASDLIIKLCRGPEDRLGKNGADEIKAHPFFKTIDFSSDLRQQSASYIPKITHPTDTSNFDPVDPDKLWSDDNEEENVNDTLNGWYKNGKHPEHAFYEFTFRRFFDDNGYPYNYPKPIEYEYINSQGSEQQSDEDDQNTGSEIKNRDLVYV","YATK","HRD","DFG",175,"AGC Ser/Thr","SerineThreonine",1,1127,">ENSP00000437550.1","ENST00000543571.4","ENSG00000131023.11","OTTHUMG00000016437.5","OTTHUMT00000043923.4","LATS1","LATS1",NA,"LATS1","SK441","",1,1,1,TRUE,1,1,1,846,NA,NA,846,847,848,858,918,"DSKYYQSGDHPRQDSMDFSNEWGDPSSCRCGDRLKPLERRAARQHQRCLAHSLVGTPNYIA",0,NA,NA,0,NA,NA,0,NA,NA,0,NA,NA,0,NA,NA,0,NA,NA,0,NA,NA,0,NA,NA,1,55,918,0,NA,NA,0,NA,NA,0,NA,NA,0,NA,NA,NA,NA,NA,NA,NA,NA,NA,NA,918,918,918,918,918,918,918,918,918,918,918,918,918,918,918,920,920,82,"R","R","LATS1-001 HEC251_ENDOMETRIUM",TRUE,"LATS1_82_HEC251_ENDOMETRIUM",TRUE,"LATS1-001_920"
"12","MAP2K4",2,"17","11984779","11984779","+","Nonsense_Mutation","SNP","SNU81_LARGE_INTESTINE","c.358G>T","c.(358-360)GGA>TGA","p.G120*","","","","MAP2K4-002",410,"MAAPSPSGGGGSGGGSGSGTPGPVGSPAPGHPAVSSMQGFQINFCEKAQSKRKALKLNFANPPFKSTARFTLNPNPTGVQNPHIERLRTHSIESSGKLKISPEQHWDFTAEDLKDLGEIGRGAYGSVNKMVHKPSGQIMAVKRIRSTVDEKEQKQLLMDLDVVMRSSDCPYIVQFYGALFREGDCWICMELMSTSFDKFYKYVYSVLDDVIPEEILGKITLATVKALNHLKENLKIIHRDIKPSNILLDRSGNIKLCDFGISGQLVDSIAKTRDAGCRPYMAPERIDPSASRQGYDVRSDVWSLGITLYELATGRFPYPKWNSVFDQLTQVVKGDPPQLSNSEEREFSPSFINFVNLCLTKDESKRPKYKELLKHPFILMYEERAVEVACYVCKILDQMPATPSSPMYVD","MAVK","HRD","DFG",190,"STE Ser/Thr","SerineThreonine",1,1193,">ENSP00000410402.3","ENST00000415385.6","ENSG00000065559.13","OTTHUMG00000178267.7","OTTHUMT00000441227.1","MAP2K4","MAP2K4",NA,"MAP2K4","SK239","",1,1,1,TRUE,1,1,1,258,NA,NA,258,259,260,270,330,"AKTRDAGCRPYMAPERIDPSASRQGYDVRSDVWSLGITLYELATGRFPYPKWNSVFDQLTQ",1,13,282,1,14,282,0,NA,NA,0,NA,NA,0,NA,NA,1,13,282,0,NA,NA,0,NA,NA,0,NA,NA,0,NA,NA,1,7,282,1,11,282,0,NA,NA,282,282,282,282,282,282,282,282,282,282,282,282,282,282,282,282,282,282,282,282,282,282,282,284,284,120,"G","G","MAP2K4-002 SNU81_LARGE_INTESTINE",TRUE,"MAP2K4_120_SNU81_LARGE_INTESTINE",TRUE,"MAP2K4-002_284"
"13","MAP3K1",13,"5","56160588","56160588","+","Nonsense_Mutation","SNP","IGROV1_OVARY","c.862C>T","c.(862-864)CGA>TGA","p.R288*","","","","MAP3K1-001",1512,"MAAAAGNRASSSGFPGARATSPEAGGGGGALKASSAPAAAAGLLREAGSGGRERADWRRRQLRKVRSVELDQLPEQPLFLAASPPASSTSPSPEPADAAGSGTGFQPVAVPPPHGAASRGGAHLTESVAAPDSGASSPAAAEPGEKRAPAAEPSPAAAPAGREMENKETLKGLHKMDDRPEERMIREKLKATCMPAWKHEWLERRNRRGPVVVKPIPVKGDGSEMNHLAAESPGEVQASAASPASKGRRSPSPGNSPSGRTVKSESPGVRRKRVSPVPFQSGRITPPRRAPSPDGFSPYSPEETNRRVNKVMRARLYLLQQIGPNSFLIGGDSPDNKYRVFIGPQNCSCARGTFCIHLLFVMLRVFQLEPSDPMLWRKTLKNFEVESLFQKYHSRRSSRIKAPSRNTIQKFVSRMSNSHTLSSSSTSTSSSENSIKDEEEQMCPICLLGMLDEESLTVCEDGCRNKLHHHCMSIWAEECRRNREPLICPLCRSKWRSHDFYSHELSSPVDSPSSLRAAQQQTVQQQPLAGSRRNQESNFNLTHYGTQQIPPAYKDLAEPWIQVFGMELVGCLFSRNWNVREMALRRLSHDVSGALLLANGESTGNSGGSSGSSPSGGATSGSSQTSISGDVVEACCSVLSMVCADPVYKVYVAALKTLRAMLVYTPCHSLAERIKLQRLLQPVVDTILVKCADANSRTSQLSISTLLELCKGQAGELAVGREILKAGSIGIGGVDYVLNCILGNQTESNNWQELLGRLCLIDRLLLEFPAEFYPHIVSTDVSQAEPVEIRYKKLLSLLTFALQSIDNSHSMVGKLSRRIYLSSARMVTTVPHVFSKLLEMLSVSSSTHFTRMRRRLMAIADEVEIAEAIQLGVEDTLDGQQDSFLQASVPNNYLETTENSSPECTVHLEKTGKGLCATKLSASSEDISERLASISVGPSSSTTTTTTTTEQPKPMVQTKGRPHSQCLNSSPLSHHSQLMFPALSTPSSSTPSVPAGTATDVSKHRLQGFIPCRIPSASPQTQRKFSLQFHRNCPENKDSDKLSPVFTQSRPLPSSNIHRPKPSRPTPGNTSKQGDPSKNSMTLDLNSSSKCDDSFGCSSNSSNAVIPSDETVFTPVEEKCRLDVNTELNSSIEDLLEASMPSSDTTVTFKSEVAVLSPEKAENDDTYKDDVNHNQKCKEKMEAEEEEALAIAMAMSASQDALPIVPQLQVENGEDIIIIQQDTPETLPGHTKAKQPYREDTEWLKGQQIGLGAFSSCYQAQDVGTGTLMAVKQVTYVRNTSSEQEEVVEALREEIRMMSHLNHPNIIRMLGATCEKSNYNLFIEWMAGGSVAHLLSKYGAFKESVVINYTEQLLRGLSYLHENQIIHRDVKGANLLIDSTGQRLRIADFGAAARLASKGTGAGEFQGQLLGTIAFMAPEVLRGQQYGRSCDVWSVGCAIIEMACAKPPWNAEKHSNHLALIFKIASATTAPSIPSHLSPGLRDVALRCLELQPQDRPPSRELLKHPVFRTTW","MAVK","HRD","DFG",194,"STE Ser/Thr","SerineThreonine",1,1217,">ENSP00000382423.3","ENST00000399503.3","ENSG00000095015.5","OTTHUMG00000059486.2","OTTHUMT00000132309.2","MAP3K1","MAP3K1",NA,"MAP3K1","SK221","",1,1,1,TRUE,1,1,1,1388,NA,NA,1388,1389,1390,1400,1460,"TGAGEFQGQLLGTIAFMAPEVLRGQQYGRSCDVWSVGCAIIEMACAKPPWNAEKHSNHLAL",1,18,1417,1,19,1417,1,12,1417,0,NA,NA,0,NA,NA,2,3,1402,0,NA,NA,0,NA,NA,0,NA,NA,0,NA,NA,1,12,1417,0,NA,NA,0,NA,NA,1417,1417,1417,1417,1417,1417,1417,1417,1417,1417,1417,1417,1417,1417,1417,1417,1417,1417,1417,1417,1417,1417,1417,1419,1419,288,"R","R","MAP3K1-001 IGROV1_OVARY",TRUE,"MAP3K1_288_IGROV1_OVARY",TRUE,"MAP3K1-001_1419"
"14","MAP3K12",14,"12","53880845","53880845","+","Nonsense_Mutation","SNP","KCL22_HAEMATOPOIETIC_AND_LYMPHOID_TISSUE","c.331C>T","c.(331-333)CGA>TGA","p.R111*","","","","MAP3K12-005",892,"MACLHETRTPSPSFGGFVSTLSEASMRKLDPDTSDCTPEKDLTPTQCVLRDVVPLGGQGGGGPSPSPGGEPPPEPFANSVLQLHEQDAGGPGGAAGSPESRASRVRADEVRLQCQSGSGFLEGLFGCLRPVWTMIGKAYSTEHKQQQEDLWEVPFEEILDLQWVGSGAQGAVFLGRFHGEEVAVKKVRDLKETDIKHLRKLKHPNIITFKGVCTQAPCYCILMEFCAQGQLYEVLRAGRPVTPSLLVDWSMGIAGGMNYLHLHKIIHRDLKSPNMLITYDDVVKISDFGTSKELSDKSTKMSFAGTVAWMAPEVIRNEPVSEKVDIWSFGVVLWELLTGEIPYKDVDSSAIIWGVGSNSLHLPVPSSCPDGFKILLRQCWNSKPRNRPSFRQILLHLDIASADVLSTPQETYFKSQAEWREEVKLHFEKIKSEGTCLHRLEEELVMRRREELRHALDIREHYERKLERANNLYMELNALMLQLELKERELLRREQALERRCPGLLKPHPSRGLLHGNTMEKLIKKRNVPQKLSPHSKRPDILKTESLLPKLDAALSGVGLPGCPKGPPSPGRSRRGKTRHRKASAKGSCGDLPGLRTAVPPHEPGGPGSPGGLGGGPSAWEACPPALRGLHHDLLLRKMSSSSPDLLSAALGSRGRGATGGAGDPGSPPPARGDTPPSEGSAPGSTSPDSPGGAKGEPPPPVGPGEGVGLLGTGREGTSGRGGSRAGSQHLTPAALLYRAAVTRSQKRGISSEEEEGEVDSEVELTSSQRWPQSLNMRQSLSTFSSENPSDGEEGTASEPSPSGTPEVGSTNTDERPDERSDDMCSQGSEIPLDPPPSEVIPGPEPSSLPIPHQELLRERGPPNSEDSDCDSTELDNSNSVDALRPPASLPP","VAVK","HRD","DFG",197,"STE Ser/Thr","SerineThreonine",1,1231,">ENSP00000448689.1","ENST00000547035.4","ENSG00000139625.11","OTTHUMG00000169854.3","OTTHUMT00000406270.1","DLK","MAP3K12",NA,"DLK","SK110","",1,1,1,TRUE,1,1,1,287,NA,NA,287,288,289,299,359,"TKMSFAGTVAWMAPEVIRNEPVSEKVDIWSFGVVLWELLTGEIPYKDVDSSAIIWGVGSNS",1,13,311,1,14,311,1,7,311,0,NA,NA,0,NA,NA,1,13,311,0,NA,NA,0,NA,NA,0,NA,NA,0,NA,NA,1,7,311,0,NA,NA,0,NA,NA,311,311,311,311,311,311,311,311,311,311,311,311,311,311,311,311,311,311,311,311,311,311,311,313,313,111,"R","R","MAP3K12-005 KCL22_HAEMATOPOIETIC_AND_LYMPHOID_TISSUE",TRUE,"MAP3K12_111_KCL22_HAEMATOPOIETIC_AND_LYMPHOID_TISSUE",TRUE,"MAP3K12-005_313"
"15","MAP3K19",9,"2","135756452","135756452","+","Nonsense_Mutation","SNP","SNU1040_LARGE_INTESTINE","c.430C>T","c.(430-432)CAA>TAA","p.Q144*","","","","MAP3K19-001",1328,"MSSMPKPERHAESLLDICHDTNSSPTDLMTVTKNQNIILQSISRSEEFDQDGDCSHSTLVNEEEDPSGGRQDWQPRTEGVEITVTFPRDVSPPQEMSQEDLKEKNLINSSLQEWAQAHAVSHPNEIETVELRKKKLTMRPLVLQKEESSRELCNVNLGFLLPRSCLELNISKSVTREDAPHFLKEQQRKSEEFSTSHMKYSGRSIKFLLPPLSLLPTRSGVLTIPQNHKFPKEKERNIPSLTSFVPKLSVSVRQSDELSPSNEPPGALVKSLMDPTLRSSDGFIWSRNMCSFPKTNHHRQCLEKEENWKSKEIEECNKIEITHFEKGQSLVSFENLKEGNIPAVREEDIDCHGSKTRKPEEENSQYLSSRKNESSVAKNYEQDPEIVCTIPSKFQETQHSEITPSQDEEMRNNKAASKRVSLHKNEAMEPNNILEECTVLKSLSSVVFDDPIDKLPEGCSSMETNIKISIAERAKPEMSRMVPLIHITFPVDGSPKEPVIAKPSLQTRKGTIHNNHSVNIPVHQENDKHKMNSHRSKLDSKTKTSKKTPQNFVISTEGPIKPTMHKTSIKTQIFPALGLVDPRPWQLPRFQKKMPQIAKKQSTHRTQKPKKQSFPCICKNPGTQKSCVPLSVQPTEPRLNYLDLKYSDMFKEINSTANGPGIYEMFGTPVYCHVRETERDENTYYREICSAPSGRRITNKCRSSHSERKSNIRTRLSQKKTHMKCPKTSFGIKQEHKVLISKEKSSKAVHSNLHDIENGDGISEPDWQIKSSGNEFLSSKDEIHPMNLAQTPEQSMKQNEFPPVSDLSIVEEVSMEESTGDRDISNNQILTTSLRDLQELEELHHQIPFIPSEDSWAVPSEKNSNKYVQQEKQNTASLSKVNASRILTNDLEFDSVSDHSKTLTNFSFQAKQESASSQTYQYWVHYLDHDSLANKSITYQMFGKTLSGTNSISQEIMDSVNNEELTDELLGCLAAELLALDEKDNNSCQKMANETDPENLNLVLRWRGSTPKEMGRETTKVKIQRHSSGLRIYDREEKFLISNEKKIFSENSLKSEEPILWTKGEILGKGAYGTVYCGLTSQGQLIAVKQVALDTSNKLAAEKEYRKLQEEVDLLKALKHVNIVAYLGTCLQENTVSIFMEFVPGGSISSIINRFGPLPEMVFCKYTKQILQGVAYLHENCVVHRDIKGNNVMLMPTGIIKLIDFGCARRLAWAGLNGTHSDMLKSMHGTPYWMAPEVINESGYGRKSDIWSIGCTVFEMATGKPPLASMDRMAAMFYIGAHRGLMPPLPDHFSENAADFVRMCLTRDQHERPSALQLLKHSFLERSH","IAVK","HRD","DFG",201,"STE Ser/Thr","SerineThreonine",1,1259,">ENSP00000365005.3","ENST00000375845.6","ENSG00000176601.10","OTTHUMG00000074083.3","OTTHUMT00000158244.1","MAP3K8","MAP3K8",NA,"MAP3K8","SK573","BLASTING HUNTER SEQUENCES SHOWS THAT WHAT HUNTER PUTS AS MAP3K8 IS ACTUALLY MAP3K19",1,1,1,TRUE,1,1,1,1204,NA,NA,1204,1205,1206,1216,1276,"LNGTHSDMLKSMHGTPYWMAPEVINESGYGRKSDIWSIGCTVFEMATGKPPLASMDRMAAM",1,20,1235,1,21,1235,1,14,1235,0,NA,NA,0,NA,NA,1,20,1235,0,NA,NA,0,NA,NA,0,NA,NA,0,NA,NA,1,14,1235,0,NA,NA,0,NA,NA,1235,1235,1235,1235,1235,1235,1235,1235,1235,1235,1235,1235,1235,1235,1235,1235,1235,1235,1235,1235,1235,1235,1235,1237,1237,144,"Q","Q","MAP3K19-001 SNU1040_LARGE_INTESTINE",TRUE,"MAP3K19_144_SNU1040_LARGE_INTESTINE",TRUE,"MAP3K19-001_1237"
"16","NEK11",23,"3","130799295","130799295","+","Nonsense_Mutation","SNP","SNU81_LARGE_INTESTINE","c.199G>T","c.(199-201)GAA>TAA","p.E67*","","","","NEK11-006",599,"MLKFQEAAKCVSGSTAISTYPKTLIARRYVLQQKLGSGSFGTVYLVSDKKAKRGEELKVLKEISVGELNPNETVQANLEAQLLSKLDHPAIVKFHASFVEQDNFCIITEYCEGRDLDDKIQEYKQAGKIFPENQIIEWFIQLLLGVDYMHERRILHRDLKSKNVFLKNNLLKIGDFGVSRLLMGSCDLATTLTGTPHYMSPEALKHQGYDTKSDIWSLACILYEMCCMNHAFAGSNFLSIVLKIVEGDTPSLPERYPKELNAIMESMLNKNPSLRPSAIEILKIPYLDEQLQNLMCRYSEMTLEDKNLDCQKEAAHIINAMQKRIHLQTLRALSEVQKMTPRERMRLRKLQAADEKARKLKKIVEEKYEENSKRMQELRSRNFQQLSVDVLHEKTHLKGMEEKEEQPEGRLSCSPQDEDEERWQGREEESDEPTLENLPESQPIPSMDLHELESIVEDATSDLGYHEIPEDPLVAEEYYADAFDSYCEESDEEEEEIALERPEKEIRNEGSQPAYRTNQQDSDIEALARCLENVLGCTSLDQPCRSWGQKYLKRSIITSREQGIRMLAKQRSASVWKKWCLKPATVLKWTSSCTLKSSC","KVLK","HRD","DFG",260,"NEK Ser/Thr","SerineThreonine",1,1668,">ENSP00000423458.1","ENST00000510688.4","ENSG00000114670.12","OTTHUMG00000159654.12","OTTHUMT00000356758.1","NEK11","NEK11",NA,"NEK11","SK574","",1,1,1,TRUE,1,1,1,175,NA,NA,175,176,177,187,247,"DLATTLTGTPHYMSPEALKHQGYDTKSDIWSLACILYEMCCMNHAFAGSNFLSIVLKIVEG",0,NA,NA,1,15,200,1,8,200,0,NA,NA,0,NA,NA,0,NA,NA,0,NA,NA,0,NA,NA,1,8,200,0,NA,NA,1,8,200,0,NA,NA,0,NA,NA,NA,NA,200,200,200,200,200,200,200,200,200,200,200,200,200,200,200,200,200,200,200,200,200,202,202,67,"E","E","NEK11-006 SNU81_LARGE_INTESTINE",TRUE,"NEK11_67_SNU81_LARGE_INTESTINE",TRUE,"NEK11-006_202"
"17","NEK5",10,"13","52693533","52693533","+","Nonsense_Mutation","SNP","HEC251_ENDOMETRIUM","c.136G>T","c.(136-138)GAA>TAA","p.E46*","","","","NEK5-201",708,"MDKYDVIKAIGQGAFGKAYLAKGKSDSKHCVIKEINFEKMPIQEKEASKKEVILLEKMKHPNIVAFFNSFQENGRLFIVMEYCDGGDLMKRINRQRGVLFSEDQILGWFVQISLGLKHIHDRKILHRDIKAQNIFLSKNGMVAKLGDFGIARVLNNSMELARTCIGTPYYLSPEICQNKPYNNKTDIWSLGCVLYELCTLKHPFEGNNLQQLVLKICQAHFAPISPGFSRELHSLISQLFQVSPRDRPSINSILKRPFLENLIPKYLTPEVIQEEFSHMLICRAGAPASRHAGKVVQKCKIQKVRFQGKCPPRSRISVPIKRNAILHRNEWRPPAGAQKARSIKMIERPKIAAVCGHYDYYYAQLDMLRRRAHKPSYHPIPQENTGVEDYGQETRHGPSPSQWPAEYLQRKFEAQQYKLKVEKQLGLRPSSAEPNYNQRQELRSNGEEPRFQELPFRKNEMKEQEYWKQLEEIRQQYHNDMKEIRKKMGREPEENSKISHKTYLVKKSNLPVHQDASEGEAPVQMEFRSCCPGWSAMARSWLTATSASQDIEKDLKQMRLQNTKESKNPEQKYKAKKGVKFEINLDKCISDENILQEEEAMDIPNETLTFEDGMKFKEYECVKEHGDYTDKAFEKLHCPEAGFSTQTVAAVGNRRQWDGGAPQTLLQMMAVADITSTCPTGPDSESVLSVSRQEGKTKDPYSPVLILM","CVIK","HRD","DFG",264,"NEK Ser/Thr","SerineThreonine",1,1696,">ENSP00000477810.1","ENST00000617045.1","ENSG00000197168.10","OTTHUMG00000016957.6","-","NEK5","NEK5",NA,"NEK5","SK558","",1,1,1,TRUE,1,1,1,147,NA,NA,147,148,149,159,219,"ELARTCIGTPYYLSPEICQNKPYNNKTDIWSLGCVLYELCTLKHPFEGNNLQQLVLKICQA",0,NA,NA,1,15,172,1,8,172,0,NA,NA,0,NA,NA,0,NA,NA,0,NA,NA,0,NA,NA,1,8,172,0,NA,NA,1,8,172,0,NA,NA,0,NA,NA,NA,NA,172,172,172,172,172,172,172,172,172,172,172,172,172,172,172,172,172,172,172,172,172,174,174,46,"E","E","NEK5-201 HEC251_ENDOMETRIUM",TRUE,"NEK5_46_HEC251_ENDOMETRIUM",TRUE,"NEK5-201_174"
"18","PAK7",27,"20","9624860","9624860","+","Nonsense_Mutation","SNP","SNUC4_LARGE_INTESTINE","c.117G>A","c.(115-117)TGG>TGA","p.W39*","","","","PAK7-003",719,"MFGKKKKKIEISGPSNFEHRVHTGFDPQEQKFTGLPQQWHSLLADTANRPKPMVDPSCITPIQLAPMKTIVRGNKPCKETSINGLLEDFDNISVTRSNSLRKESPPTPDQGASSHGPGHAEENGFITFSQYSSESDTTADYTTEKYREKSLYGDDLDPYYRGSHAAKQNGHVMKMKHGEAYYSEVKPLKSDFARFSADYHSHLDSLSKPSEYSDLKWEYQRASSSSPLDYSFQFTPSRTAGTSGCSKESLAYSESEWGPSLDDYDRRPKSSYLNQTSPQPTMRQRSRSGSGLQEPMMPFGASAFKTHPQGHSYNSYTYPRLSEPTMCIPKVDYDRAQMVLSPPLSGSDTYPRGPAKLPQSQSKSGYSSSSHQYPSGYHKATLYHHPSLQSSSQYISTASYLSSLSLSSSTYPPPSWGSSSDQQPSRVSHEQFRAALQLVVSPGDPREYLANFIKIGEGSTGIVCIATEKHTGKQVAVKKMDLRKQQRRELLFNEVVIMRDYHHDNVVDMYSSYLVGDELWVVMEFLEGGALTDIVTHTRMNEEQIATVCLSVLRALSYLHNQGVIHRDIKSDSILLTSDGRIKLSDFGFCAQVSKEVPKRKSLVGTPYWMAPEVISRLPYGTEVDIWSLGIMVIEMIDGEPPYFNEPPLQAMRRIRDSLPPRVKDLHKVSSVLRGFLDLMLVREPSQRATAQELLGHPFLKLAGPPSCIVPLMRQYRHH","VAVK","HRD","DFG",284,"STE Ser/Thr","SerineThreonine",1,1837,">ENSP00000367679.1","ENST00000378423.4","ENSG00000101349.15","OTTHUMG00000031857.1","OTTHUMT00000077964.1","PAK5","PAK7",NA,"PAK5","SK510","",1,1,1,TRUE,1,1,1,586,NA,NA,586,587,588,598,658,"PKRKSLVGTPYWMAPEVISRLPYGTEVDIWSLGIMVIEMIDGEPPYFNEPPLQAMRRIRDS",1,14,611,1,15,611,1,8,611,0,NA,NA,0,NA,NA,1,14,611,0,NA,NA,0,NA,NA,0,NA,NA,0,NA,NA,1,8,611,0,NA,NA,0,NA,NA,611,611,611,611,611,611,611,611,611,611,611,611,611,611,611,611,611,611,611,611,611,611,611,613,613,39,"W","W","PAK7-003 SNUC4_LARGE_INTESTINE",TRUE,"PAK7_39_SNUC4_LARGE_INTESTINE",TRUE,"PAK7-003_613"
"19","PRKG2",26,"4","82096007","82096007","+","Nonsense_Mutation","SNP","A253_SALIVARY_GLAND","c.568C>T","c.(568-570)CAG>TAG","p.Q190*","","","","PRKG2-001",762,"MGNGSVKPKHSKHPDGHSGNLTTDALRNKVTELERELRRKDAEIQEREYHLKELREQLSKQTVAIAELTEELQNKCIQLNKLQDVVHMQGGSPLQASPDKVPLEVHRKTSGLVSLHSRRGAKAGVSAEPTTRTYDLNKPPEFSFEKARVRKDSSEKKLITDALNKNQFLKRLDPQQIKDMVECMYGRNYQQGSYIIKQGEPGNHIFVLAEGRLEVFQGEKLLSSIPMWTTFGELAILYNCTRTASVKAITNVKTWALDREVFQNIMRRTAQARDEQYRNFLRSVSLLKNLPEDKLTKIIDCLEVEYYDKGDYIIREGEEGSTFFILAKGKVKVTQSTEGHDQPQLIKTLQKGEYFGEKALISDDVRSANIIAEENDVACLVIDRETFNQTVGTFEELQKYLEGYVANLNRDDEKRHAKRSMSNWKLSKALSLEMIQLKEKVARFSSSSPFQNLEIIATLGVGGFGRVELVKVKNENVAFAMKCIRKKHIVDTKQQEHVYSEKRILEELCSPFIVKLYRTFKDNKYVYMLLEACLGGELWSILRDRGSFDEPTSKFCVACVTEAFDYLHRLGIIYRDLKPENLILDAEGYLKLVDFGFAKKIGSGQKTWTFCGTPEYVAPEVILNKGHDFSVDFWSLGILVYELLTGNPPFSGVDQMMTYNLILKGIEKMDFPRKITRRPEDLIRRLCRQNPTERLGNLKNGINDIKKHRWLNGFNWEGLKARSLPSPLQRELKGPIDHSYFDKYPPEKGMPPDELSGWDKDF","FAMK","YRD","DFG",327,"AGC Ser/Thr","SerineThreonine",1,2077,">ENSP00000378945.1","ENST00000395578.2","ENSG00000138669.8","OTTHUMG00000130296.3","OTTHUMT00000252639.1","PKG2","PRKG2",NA,"PKG2","SK075","",1,1,1,TRUE,1,1,1,594,NA,NA,594,595,596,606,666,"KTWTFCGTPEYVAPEVILNKGHDFSVDFWSLGILVYELLTGNPPFSGVDQMMTYNLILKGI",1,13,618,2,9,613,1,7,618,0,NA,NA,0,NA,NA,1,13,618,0,NA,NA,0,NA,NA,1,7,618,0,NA,NA,1,7,618,1,11,618,0,NA,NA,618,618,618,618,618,618,618,618,618,618,618,618,618,618,618,618,618,618,618,618,618,618,618,620,620,190,"Q","Q","PRKG2-001 A253_SALIVARY_GLAND",TRUE,"PRKG2_190_A253_SALIVARY_GLAND",TRUE,"PRKG2-001_620"
"20","RIPK3",15,"14","24808529","24808529","+","Nonsense_Mutation","SNP","OC316_OVARY","c.163A>T","c.(163-165)AAG>TAG","p.K55*","","","","RIPK3-002",231,"MSCVKLWPSGAPAPLVSIEELENQELVGKGGFGTVFRAQHRKWGYDVAVKIVNSKAISREVKAMASLDNEFVLRLEGVIEKVNWDQDPKPALVTKFMENGSLSGLLQSQCPRPWPLLCRLLKEVVLGMFYLHDQNPVLLHRDLKPSNVLLDPELHVKLADFGLSTFQGGSQSGTGSGEPGGTLGYLAPELFVNVNRKASTASDVYSFGILMWAVLAGREVECKTLGGFWDP","VAVK","HRD","DFG",338,"TKL Ser/Thr","SerineThreonine",1,2155,">ENSP00000452328.1","ENST00000554756.1","ENSG00000129465.14","OTTHUMG00000029349.4","OTTHUMT00000414199.1","RIPK3","RIPK3",NA,"RIPK3","SK330","",1,1,1,TRUE,1,1,1,160,NA,NA,160,161,162,172,232,"SGTGSGEPGGTLGYLAPELFVNVNRKASTASDVYSFGILMWAVLAGREVECKTLGGFWDP",1,16,187,1,17,187,1,10,187,0,NA,NA,0,NA,NA,1,16,187,0,NA,NA,0,NA,NA,1,10,187,0,NA,NA,1,10,187,1,14,187,0,NA,NA,187,187,187,187,187,187,187,187,187,187,187,187,187,187,187,187,187,187,187,187,187,187,187,189,189,55,"K","K","RIPK3-002 OC316_OVARY",TRUE,"RIPK3_55_OC316_OVARY",TRUE,"RIPK3-002_189"
"21","STK11",1,"19","1219336","1219336","+","Nonsense_Mutation","SNP","MORCPR_LUNG","c.388G>T","c.(388-390)GAG>TAG","p.E130*","","","","STK11-001",433,"MEVVDPQQLGMFTEGELMSVGMDTFIHRIDSTEVIYQPRRKRAKLIGKYLMGDLLGEGSYGKVKEVLDSETLCRRAVKILKKKKLRRIPNGEANVKKEIQLLRRLRHKNVIQLVDVLYNEEKQKMYMVMEYCVCGMQEMLDSVPEKRFPVCQAHGYFCQLIDGLEYLHSQGIVHKDIKPGNLLLTTGGTLKISDLGVAEALHPFAADDTCRTSQGSPAFQPPEIANGLDTFSGFKVDIWSAGVTLYNITTGLYPFEGDNIYKLFENIGKGSYAIPGDCGPPLSDLLKGMLEYEPAKRFSIRQIRQHSWFRKKHPPAEAPVPIPPSPDTKDRWRSMTVVPYLEDLHGADEDEDLFDIEDDIIYTQDFTVPGQVPEEEASHNGQRRGLPKAVCMNGTEAAQLSTKSRAEGRAPNPARKACSASSKIRRLSACKQQ","RAVK","HKD","DLG",375,"CAMK Ser/Thr","SerineThreonine",1,2344,">ENSP00000324856.6","ENST00000326873.10","ENSG00000118046.13","OTTHUMG00000180118.7","OTTHUMT00000449839.6","LKB1","STK11",NA,"LKB1","SK208","",1,1,1,TRUE,1,1,1,194,NA,NA,194,195,196,206,266,"ADDTCRTSQGSPAFQPPEIANGLDTFSGFKVDIWSAGVTLYNITTGLYPFEGDNIYKLFEN",0,NA,NA,1,17,221,0,NA,NA,0,NA,NA,0,NA,NA,0,NA,NA,0,NA,NA,0,NA,NA,0,NA,NA,0,NA,NA,2,10,221,0,NA,NA,0,NA,NA,NA,NA,NA,NA,221,221,221,221,221,221,221,221,221,221,221,221,221,221,221,221,221,221,221,223,223,130,"E","E","STK11-001 MORCPR_LUNG",TRUE,"STK11_130_MORCPR_LUNG",TRUE,"STK11-001_223"
"22","STK24",7,"13","99127585","99127585","+","Nonsense_Mutation","SNP","KMS34_HAEMATOPOIETIC_AND_LYMPHOID_TISSUE","c.394C>T","c.(394-396)CAG>TAG","p.Q132*","","","","STK24-002",443,"MDSRAQLWGLALNKRRATLPHPGGSTNLKADPEELFTKLEKIGKGSFGEVFKGIDNRTQKVVAIKIIDLEEAEDEIEDIQQEITVLSQCDSPYVTKYYGSYLKDTKLWIIMEYLGGGSALDLLEPGPLDETQIATILREILKGLDYLHSEKKIHRDIKAANVLLSEHGEVKLADFGVAGQLTDTQIKRNTFVGTPFWMAPEVIKQSAYDSKADIWSLGITAIELARGEPPHSELHPMKVLFLIPKNNPPTLEGNYSKPLKEFVEACLNKEPSFRPTAKELLKHKFILRNAKKTSYLTELIDRYKRWKAEQSHDDSSSEDSDAETDGQASGGSDSGDWIFTIREKDPKNLENGALQPSDLDRNKMKDIPKRPFSQCLSTIISPLFAELKEKSQACGGNLGSIEELRGAIYLAEEACPGISDTMVAQLVQRLQRYSLSGGGTSSH","VAIK","HRD","DFG",379,"STE Ser/Thr","SerineThreonine",1,2359,">ENSP00000365730.3","ENST00000376547.6","ENSG00000102572.13","OTTHUMG00000017250.3","OTTHUMT00000045549.2","MST3","STK24",NA,"MST3","SK246","",1,1,1,TRUE,1,1,1,174,NA,NA,174,175,176,186,246,"IKRNTFVGTPFWMAPEVIKQSAYDSKADIWSLGITAIELARGEPPHSELHPMKVLFLIPKN",1,14,199,1,15,199,1,8,199,0,NA,NA,0,NA,NA,2,14,199,0,NA,NA,0,NA,NA,0,NA,NA,0,NA,NA,1,8,199,0,NA,NA,0,NA,NA,199,199,199,199,199,199,199,199,199,199,199,199,199,199,199,199,199,199,199,199,199,199,199,201,201,132,"Q","Q","STK24-002 KMS34_HAEMATOPOIETIC_AND_LYMPHOID_TISSUE",TRUE,"STK24_132_KMS34_HAEMATOPOIETIC_AND_LYMPHOID_TISSUE",TRUE,"STK24-002_201"
"23","STK32A",6,"5","146657713","146657713","+","Nonsense_Mutation","SNP","SNU175_LARGE_INTESTINE","c.79C>T","c.(79-81)CGA>TGA","p.R27*","","","","STK32A-001",407,"MGANTSRKPPVFDENEDVNFDHFEILRAIGKGSFGKVCIVQKNDTKKMYAMKYMNKQKCVERNEVRNVFKELQIMQGLEHPFLVNLWYSFQDEEDMFMVVDLLLGGDLRYHLQQNVHFKEETVKLFICELVMALDYLQNQRIIHRDMKPDNILLDEHGHVHITDFNIAAMLPRETQITTMAGTKPYMAPEMFSSRKGAGYSFAVDWWSLGVTAYELLRGRRPYHIRSSTSSKEIVHTFETTVVTYPSAWSQEMVSLLKKLLEPNPDQRFSQLSDVQNFPYMNDINWDAVFQKRLIPGFIPNKGRLNCDPTFELEEMILESKPLHKKKKRLAKKEKDMRKCDSSQTCLLQEHLDSVQKEFIIFNREKVNRDFNKRQPNLALEQTKDPQVTNGQMDTGLSETFQTSKVS","YAMK","HRD","DFN",383,"Other","Other",2,2397,">ENSP00000381535.3","ENST00000398523.3","ENSG00000169302.13","OTTHUMG00000163411.3","OTTHUMT00000373237.2","YANK1","STK32A",NA,"YANK1","SK624","",1,1,2,TRUE,1,1,1,164,370,NA,164,165,166,176,236,"QITTMAGTKPYMAPEMFSSRKGAGYSFAVDWWSLGVTAYELLRGRRPYHIRSSTSSKEIVH",1,13,188,1,14,188,1,7,188,0,NA,NA,0,NA,NA,2,13,188,0,NA,NA,0,NA,NA,1,7,188,0,NA,NA,1,7,188,1,11,188,0,NA,NA,188,188,188,188,188,188,188,188,188,188,188,188,188,188,188,188,188,188,188,188,188,188,188,190,190,27,"R","R","STK32A-001 SNU175_LARGE_INTESTINE",TRUE,"STK32A_27_SNU175_LARGE_INTESTINE",TRUE,"STK32A-001_190"
"24","TGFBR2",22,"3","30713335","30713336","+","Nonsense_Mutation","DNP","DMS454_LUNG","c.735_736GG>TT","c.(733-738)CTGGAA>CTTTAA","p.E246*","","","","TGFBR2-002",592,"MGRGLLRGLWPLHIVLWTRIASTIPPHVQKSDVEMEAQKDEIICPSCNRTAHPLRHINNDMIVTDNNGAVKFPQLCKFCDVRFSTCDNQKSCMSNCSITSICEKPQEVCVAVWRKNDENITLETVCHDPKLPYHDFILEDAASPKCIMKEKKKPGETFFMCSCSSDECNDNIIFSEEYNTSNPDLLLVIFQVTGISLLPPLGVAISVIIIFYCYRVNRQQKLSSTWETGKTRKLMEFSEHCAIILEDDRSDISSTCANNINHNTELLPIELDTLVGKGRFAEVYKAKLKQNTSEQFETVAVKIFPYEEYASWKTEKDIFSDINLKHENILQFLTAEERKTELGKQYWLITAFHAKGNLQEYLTRHVISWEDLRKLGSSLARGIAHLHSDHTPCGRPKMPIVHRDLKSSNILVKNDLTCCLCDFGLSLRLDPTLSVDDLANSGQVGTARYMAPEVLESRMNLENVESFKQTDVYSMALVLWEMTSRCNAVGEVKDYEPPFGSKVREHPCVESMKDNVLRDRGRPEIPSFWLNHQGIQMVCETLTECWDHDPEARLTAQCVAERFSELEHLDRLSGRSCSEEKIPEDGSLNTTK","VAVK","HRD","DFG",403,"TKL Ser/Thr","SerineThreonine",1,2499,">ENSP00000351905.4","ENST00000359013.4","ENSG00000163513.16","OTTHUMG00000130569.3","OTTHUMT00000341418.1","TGFBR2","TGFBR2",NA,"TGFBR2","SK369","",1,1,1,TRUE,1,1,1,422,NA,NA,422,423,424,434,494,"SVDDLANSGQVGTARYMAPEVLESRMNLENVESFKQTDVYSMALVLWEMTSRCNAVGEVKD",1,18,451,1,19,451,1,12,451,0,NA,NA,0,NA,NA,1,18,451,0,NA,NA,0,NA,NA,1,12,451,0,NA,NA,1,12,451,1,16,451,0,NA,NA,451,451,451,451,451,451,451,451,451,451,451,451,451,451,451,451,451,451,451,451,451,451,451,453,453,246,"E","E","TGFBR2-002 DMS454_LUNG",TRUE,"TGFBR2_246_DMS454_LUNG",TRUE,"TGFBR2-002_453"
"25","TSSK1B",5,"5","112770512","112770512","+","Nonsense_Mutation","SNP","HCT15_LARGE_INTESTINE","c.25C>T","c.(25-27)CGA>TGA","p.R9*","","","","TSSK1B-001",367,"MDDAAVLKRRGYLLGINLGEGSYAKVKSAYSERLKFNVAIKIIDRKKAPADFLEKFLPREIEILAMLNHCSIIKTYEIFETSHGKVYIVMELAVQGDLLELIKTRGALHEDEARKKFHQLSLAIKYCHDLDVVHRDLKCDNLLLDKDFNIKLSDFSFSKRCLRDDSGRMALSKTFCGSPAYAAPEVLQGIPYQPKVYDIWSLGVILYIMVCGSMPYDDSNIKKMLRIQKEHRVNFPRSKHLTGECKDLIYHMLQPDVNRRLHIDEILSHCWMQPKARGSPSVAINKEGESSRGTEPLWTPEPGSDKKSATKLEPEGEAQPQAQPETKPEGTAMQMSRQSEILGFPSKPSTMETEEGPPQQPPETRAQ","VAIK","HRD","DFS",412,"CAMK Ser/Thr","SerineThreonine",1,2559,">ENSP00000375081.3","ENST00000390666.3","ENSG00000212122.3","OTTHUMG00000128835.2","OTTHUMT00000250774.2","TSSK1","TSSK1B",NA,"TSSK1","SK705","TSSK1A is pseudogene",1,1,1,TRUE,1,1,1,154,NA,NA,154,155,156,166,226,"SGRMALSKTFCGSPAYAAPEVLQGIPYQPKVYDIWSLGVILYIMVCGSMPYDDSNIKKMLR",1,18,183,1,19,183,0,NA,NA,0,NA,NA,0,NA,NA,1,18,183,0,NA,NA,0,NA,NA,0,NA,NA,0,NA,NA,1,12,183,1,16,183,0,NA,NA,183,183,183,183,183,183,183,183,183,183,183,183,183,183,183,183,183,183,183,183,183,183,183,185,185,9,"R","R","TSSK1B-001 HCT15_LARGE_INTESTINE",TRUE,"TSSK1B_9_HCT15_LARGE_INTESTINE",TRUE,"TSSK1B-001_185"
