"","Gene","Codon","AA","Chromosome","Start_position","End_position","Strand","mutation_type","Variant_Type","case_id","cDNA_Change","Codon_Change","amino_acid_change","X","X.1.x","X.2","VarAA","f","Length","Protein_Seq","X.x","VAIKmotif","HRDmotif","DFGmotif","Family","Secondary.Family","numberofVAIK.x","numberofHRD.x","numberofDFG.x","X.1.y","Gene.y","a","b","c","d","e","Length_i_think.y","Protein_Seq.y","HunterName","newname","X.y","Hunter","Accession","VAIKmotif.y","HRDmotif.y","DFGmotif.y","Notes...altnames","numberofVAIK.y","numberofHRD.y","numberofDFG.y","DUP","VAIKtouse","HRDtouse","DFGtouse","firstVAIK","actual_lysine","firstHRD","secondHRD","thirdHRD","firstDFG","secondDFG","thirdDFG","actual_HRD_H","actual_HRD_R","actual_HRD_D","actual_DFG_D","actual_DFG_F","actual_DFG_G","APEfragstart","APEfragend","APEfrag","numAPE","APELoc","locAPEprotein","numPE","PELoc","locPEprotein","numGTx6E","GTx6ELoc","locGTx6Eprotein","numGTx5NE","GTx5NELoc","locGTx5NEprotein","numGTx6D","GTx6DLoc","locGTx6Dprotein","numAxE","AxELoc","locAxEprotein","numAPD","APDLoc","locAPDprotein","numPPD","PPDLoc","locPPDprotein","numGTxxY","GTxxYLoc","locGTxxYprotein","numPIR","PIRLoc","locPIRprotein","numGx7E","Gx7ELoc","locGx7Eprotein","numYxAP","YxAPLoc","YxAPLocprotein","numWYxxPR","WYxxPRLoc","WYxxPRLocprotein","loc_actual_APE_A","loc_actual_APE_B","loc_actual_APE_C","loc_actual_APE_D","loc_actual_APE_E","loc_actual_APE_F","loc_actual_APE_G","loc_actual_APE_H","loc_actual_APE_I","loc_actual_APE_J","loc_actual_APE_K","loc_actual_APE_L","loc_actual_APE_M","loc_actual_APE_N","loc_actual_APE_O","loc_actual_APE_P","loc_actual_APE_Q","loc_actual_APE_R","loc_actual_APE_S","loc_actual_APE_T","loc_actual_APE_U","loc_actual_APE_V","loc_actual_APE","APE_m14loc","APE_m13loc","APE_m12loc","APE_m11loc","APE_m10loc","APE_m9loc","APE_m8loc","APE_m7loc","APE_m6loc","APE_m5loc","APE_m4loc","APE_m3loc","APE_m2loc","APE_m1loc","APE_A1loc","APE_P1loc","APE_E1loc","APE_m14","APE_m13","APE_m12","APE_m11","APE_m10","APE_m9","APE_m8","APE_m7","APE_m6","APE_m5","APE_m4","APE_m3","APE_m2","APE_m1","APE_A1","APE_P1","APE_E1","APE_MOTIF","PE_MOTIF","correctedG_loc","correctedG","endCAT","GxGfragstart","GxGfragend","GxGfrag","numGxGxxG","GxGxxGLoc","locGxGxxGprotein","numGxGxF","GxGxFLoc","locGxGxFprotein","numGxGxY","GxGxYLoc","locGxGxYprotein","numGxFG","GxFGLoc","locGxFGprotein","numGxGxxA","GxGxxALoc","locGxGxxAprotein","numGxGxxS","GxGxxSLoc","locGxGxxSprotein","numSxGxxG","SxGxxGLoc","locSxGxxGprotein","numGxxG","GxxGLoc","locGxxGprotein","numG4xG","G4xGLoc","locG4xGprotein","numGxG","GxGLoc","locGxGprotein","numGxTxF","GxTxFLoc","locGxTxFprotein","numGG","GGLoc","locGGprotein","loc_actual_gxg_A","loc_actual_gxg_B","loc_actual_gxg_C","loc_actual_gxg_D","loc_actual_gxg_E","loc_actual_gxg_F","loc_actual_gxg_G","loc_actual_gxg_H","loc_actual_gxg_I","loc_actual_gxg_J","loc_actual_gxg_K","loc_actual_gxg_L","loc_actual_gxg_M","loc_actual_gxg_N","loc_actual_gxg_O","loc_actual_gxg_P","loc_actual_gxg_Q","loc_actual_gxg_R","loc_actual_gxg_S","loc_actual_gxg_T","loc_actual_gxg","GxGxxGmotif","GxGxxG_G1","GxGxxG_X1","GxGxxG_G2","GxGxxG_X2","GxGxxG_X3","GxGxxG_G3","GxGxxG_G1loc","GxGxxG_X1loc","GxGxxG_G2loc","GxGxxG_X2loc","GxGxxG_X3loc","GxGxxG_G3loc","GXGXXG_MOTIF","CATALYTIC_FRAG","saltbridgeEfragSTART","saltbridgeEfragEND","saltbridgeEfrag","numExxxL","ExxxLLoc","ExxxLLocprotein","numExxI","ExxILoc","ExxILocprotein","numExxxM","ExxxMLoc","ExxxMLocprotein","numExxL","ExxLLoc","ExxLLocprotein","numQxxxE","QxxxELoc","QxxxELocprotein","loc_actual_saltbridge_A","loc_actual_saltbridge_B","loc_actual_saltbridge_C","loc_actual_saltbridge_D","loc_actual_saltbridge_E","loc_actual_saltbridge_F","loc_actual_saltbridge","checkE","pastedref"
"1","AATK","252","S","17","79100227","79100227","+","Missense_Mutation","SNP","RL952_ENDOMETRIUM","c.755G>A","c.(754-756)AGC>AAC","p.S252N","","","","N","AATK-004",879,"MSSSFFNPSFAFSSHFDPDGAPLSELSWPSSLAVVAVSFSGLFAVIVLMLACLCCKKGGIGFKEFENAEGDEYAADLAQGSPATAAQNGPDVYVLPLTEVSLPMAKQPGRSVQLLKSTDVGRHSLLYLKEIGRGWFGKVFLGEVNSGISSAQVVVKELQASASVQEQMQFLEEVQPYRALKHSNLLQCLAQCAEVTPYLLVMEFCPLGDLKGYLRSCRVAESMAPDPRTLQRMACEVACGVLHLHRNNFVHSDLALRNCLLTADLTVKIGDYGLAHCKYREDYFVTADQLWVPLRWIAPELVDEVHSNLLVVDQTKSGNVWSLGVTIWELFELGTQPYPQHSDQQVLAYTVREQQLKLPKPQLQLTLSDRWYEVMQFCWLQPEQRPTAEEVHLLLSYLCAKGATEAEEEFERRWRSLRPGGGGVGPGPGAAGPMLGGVVELAAASSFPLLEQFAGDGFHADGDDVLTELCAPDGAPPGVVPVLSAHSPSLGSEYFIRLEEAAPAAGHDPDCAGCAPSPPATADQDDDSDGSTAASLAMEPLLGHGPPVDVPWGRGDHYPRRSLARDPLCPSRSPSPSAGPLSLAEGGAEDADWGVAAFCPAFFEDPLGTSPLGSSGAPPLPLTGEDELEEVGARRAAQRGHWRSNVSANNNSGSRCPESWDPVSAGGHAEGCPSPKQTPRASPEPGYPGEPLLGLQAASAQEPGCCPGLPHLCSAQGLAPAPCLVTPSWTETASSGGDHPQAEPKLATEAEGTTGPRLPLPSVPSPSQEGAPLPSEEASAPDAPDALPDSPTPATGGEVSAIKLASALNGSSSSPEVEAPSSEDEDTAEATSGIFTDTSSDGLQARRPDVVPAFRSLQKQWPQREESLPRLCLLLRPRG",2,"VVVK","HSD","DYG","Tyr Kinase","Tyrosine",1,2,1,10,"AATK",">ENSP00000363924.2","ENST00000374792.5","ENSG00000181409.10","OTTHUMG00000132717.2","OTTHUMT00000439038.1",879,"MSSSFFNPSFAFSSHFDPDGAPLSELSWPSSLAVVAVSFSGLFAVIVLMLACLCCKKGGIGFKEFENAEGDEYAADLAQGSPATAAQNGPDVYVLPLTEVSLPMAKQPGRSVQLLKSTDVGRHSLLYLKEIGRGWFGKVFLGEVNSGISSAQVVVKELQASASVQEQMQFLEEVQPYRALKHSNLLQCLAQCAEVTPYLLVMEFCPLGDLKGYLRSCRVAESMAPDPRTLQRMACEVACGVLHLHRNNFVHSDLALRNCLLTADLTVKIGDYGLAHCKYREDYFVTADQLWVPLRWIAPELVDEVHSNLLVVDQTKSGNVWSLGVTIWELFELGTQPYPQHSDQQVLAYTVREQQLKLPKPQLQLTLSDRWYEVMQFCWLQPEQRPTAEEVHLLLSYLCAKGATEAEEEFERRWRSLRPGGGGVGPGPGAAGPMLGGVVELAAASSFPLLEQFAGDGFHADGDDVLTELCAPDGAPPGVVPVLSAHSPSLGSEYFIRLEEAAPAAGHDPDCAGCAPSPPATADQDDDSDGSTAASLAMEPLLGHGPPVDVPWGRGDHYPRRSLARDPLCPSRSPSPSAGPLSLAEGGAEDADWGVAAFCPAFFEDPLGTSPLGSSGAPPLPLTGEDELEEVGARRAAQRGHWRSNVSANNNSGSRCPESWDPVSAGGHAEGCPSPKQTPRASPEPGYPGEPLLGLQAASAQEPGCCPGLPHLCSAQGLAPAPCLVTPSWTETASSGGDHPQAEPKLATEAEGTTGPRLPLPSVPSPSQEGAPLPSEEASAPDAPDALPDSPTPATGGEVSAIKLASALNGSSSSPEVEAPSSEDEDTAEATSGIFTDTSSDGLQARRPDVVPAFRSLQKQWPQREESLPRLCLLLRPRG","LMR1","AATK",NA,"LMR1","SK413","VVVK","HSD","DYG","",1,2,1,TRUE,1,1,1,153,156,251,341,NA,271,NA,NA,251,252,253,271,272,273,283,343,"YFVTADQLWVPLRWIAPELVDEVHSNLLVVDQTKSGNVWSLGVTIWELFELGTQPYPQHSD",1,16,298,1,17,298,0,NA,NA,0,NA,NA,0,NA,NA,1,16,298,0,NA,NA,0,NA,NA,1,52,340,0,NA,NA,1,42,330,0,NA,NA,0,NA,NA,298,298,298,298,298,298,298,298,298,298,298,298,298,298,298,298,298,298,298,298,298,298,298,284,285,286,287,288,289,290,291,292,293,294,295,296,297,298,299,300,"F","V","T","A","D","Q","L","W","V","P","L","R","W","I","A","P","E","A P E","P E",292,"V",300,111,152,"SVQLLKSTDVGRHSLLYLKEIGRGWFGKVFLGEVNSGISSAQ",1,22,132,1,22,132,0,NA,NA,1,24,132,0,NA,NA,0,NA,NA,0,NA,NA,1,24,132,2,22,132,1,22,132,0,NA,NA,0,NA,NA,132,132,132,132,132,132,132,132,132,132,132,132,132,132,132,132,132,132,132,132,132,"GRGWFG","G","R","G","W","F","G",132,133,134,135,136,137,"G G G","GRGWFGKVFLGEVNSGISSAQVVVKELQASASVQEQMQFLEEVQPYRALKHSNLLQCLAQCAEVTPYLLVMEFCPLGDLKGYLRSCRVAESMAPDPRTLQRMACEVACGVLHLHRNNFVHSDLALRNCLLTADLTVKIGDYGLAHCKYREDYFVTADQLWVPLRWIAPE",161,186,"SASVQEQMQFLEEVQPYRALKHSNLL",0,NA,NA,0,NA,NA,0,NA,NA,0,NA,NA,1,9,173,NA,NA,NA,NA,NA,NA,173,"E","AATK_252_RL952_ENDOMETRIUM_S"
"3","BLK","359","R","8","11418857","11418857","+","Missense_Mutation","SNP","HEC6_ENDOMETRIUM","c.1076G>A","c.(1075-1077)CGC>CAC","p.R359H","","","","H","BLK-001",505,"MGLVSSKKPDKEKPIKEKDKGQWSPLKVSAQDKDAPPLPPLVVFNHLTPPPPDEHLDEDKHFVVALYDYTAMNDRDLQMLKGEKLQVLKGTGDWWLARSLVTGREGYVPSNFVARVESLEMERWFFRSQGRKEAERQLLAPINKAGSFLIRESETNKGAFSLSVKDVTTQGELIKHYKIRCLDEGGYYISPRITFPSLQALVQHYSKKGDGLCQRLTLPCVRPAPQNPWAQDEWEIPRQSLRLVRKLGSGQFGEVWMGYYKNNMKVAIKTLKEGTMSPEAFLGEANVMKALQHERLVRLYAVVTKEPIYIVTEYMARGCLLDFLKTDEGSRLSLPRLIDMSAQIAEGMAYIERMNSIHRDLRAANILVSEALCCKIADFGLARIIDSEYTAQEGAKFPIKWTAPEAIHFGVFTIKADVWSFGVLLMEVVTYGRVPYPGMSNPEVIRNLERGYRMPRPDTCPPELYRGVIAECWRSRPEERPTFEFLQSVLEDFYTATERQYELQP",26,"VAIK","HRD","DFG","Tyr Kinase","Tyrosine",1,1,1,165,"BLK",">ENSP00000259089.4","ENST00000259089.7","ENSG00000136573.11","OTTHUMG00000090729.2","OTTHUMT00000207460.1",505,"MGLVSSKKPDKEKPIKEKDKGQWSPLKVSAQDKDAPPLPPLVVFNHLTPPPPDEHLDEDKHFVVALYDYTAMNDRDLQMLKGEKLQVLKGTGDWWLARSLVTGREGYVPSNFVARVESLEMERWFFRSQGRKEAERQLLAPINKAGSFLIRESETNKGAFSLSVKDVTTQGELIKHYKIRCLDEGGYYISPRITFPSLQALVQHYSKKGDGLCQRLTLPCVRPAPQNPWAQDEWEIPRQSLRLVRKLGSGQFGEVWMGYYKNNMKVAIKTLKEGTMSPEAFLGEANVMKALQHERLVRLYAVVTKEPIYIVTEYMARGCLLDFLKTDEGSRLSLPRLIDMSAQIAEGMAYIERMNSIHRDLRAANILVSEALCCKIADFGLARIIDSEYTAQEGAKFPIKWTAPEAIHFGVFTIKADVWSFGVLLMEVVTYGRVPYPGMSNPEVIRNLERGYRMPRPDTCPPELYRGVIAECWRSRPEERPTFEFLQSVLEDFYTATERQYELQP","BLK","BLK",NA,"BLK","SK049","VAIK","HRD","DFG","",1,1,1,TRUE,1,1,1,266,269,358,NA,NA,378,NA,NA,358,359,360,378,379,380,390,450,"TAQEGAKFPIKWTAPEAIHFGVFTIKADVWSFGVLLMEVVTYGRVPYPGMSNPEVIRNLER",1,14,403,2,15,403,0,NA,NA,0,NA,NA,0,NA,NA,2,2,391,0,NA,NA,0,NA,NA,0,NA,NA,0,NA,NA,0,NA,NA,0,NA,NA,0,NA,NA,403,403,403,403,403,403,403,403,403,403,403,403,403,403,403,403,403,403,403,403,403,403,403,389,390,391,392,393,394,395,396,397,398,399,400,401,402,403,404,405,"Y","T","A","Q","E","G","A","K","F","P","I","K","W","T","A","P","E","A P E","P E",394,"G",405,224,265,"APQNPWAQDEWEIPRQSLRLVRKLGSGQFGEVWMGYYKNNMK",1,25,248,1,25,248,0,NA,NA,1,27,248,0,NA,NA,0,NA,NA,0,NA,NA,1,27,248,1,25,248,1,25,248,0,NA,NA,0,NA,NA,248,248,248,248,248,248,248,248,248,248,248,248,248,248,248,248,248,248,248,248,248,"GSGQFG","G","S","G","Q","F","G",248,249,250,251,252,253,"G G G","GSGQFGEVWMGYYKNNMKVAIKTLKEGTMSPEAFLGEANVMKALQHERLVRLYAVVTKEPIYIVTEYMARGCLLDFLKTDEGSRLSLPRLIDMSAQIAEGMAYIERMNSIHRDLRAANILVSEALCCKIADFGLARIIDSEYTAQEGAKFPIKWTAPE",274,299,"GTMSPEAFLGEANVMKALQHERLVRL",0,NA,NA,0,NA,NA,1,11,284,1,6,279,0,NA,NA,NA,NA,284,284,284,284,284,"E","BLK_359_HEC6_ENDOMETRIUM_R"
"4","CDK6","144","R","7","92355046","92355046","+","Missense_Mutation","SNP","LS180_LARGE_INTESTINE","c.431G>A","c.(430-432)CGC>CAC","p.R144H","","","","H","CDK6-001",326,"MEKDGLCRADQQYECVAEIGEGAYGKVFKARDLKNGGRFVALKRVRVQTGEEGMPLSTIREVAVLRHLETFEHPNVVRLFDVCTVSRTDRETKLTLVFEHVDQDLTTYLDKVPEPGVPTETIKDMMFQLLRGLDFLHSHRVVHRDLKPQNILVTSSGQIKLADFGLARIYSFQMALTSVVVTLWYRAPEVLLQSSYATPVDLWSVGCIFAEMFRRKPLFRGSSDVDQLGKILDVIGLPGEEDWPRDVALPRQAFHSKSAQPIEKFVTDIDELGKDLLLKCLTFNPAKRISAYSALSHPYFQDLERCKENLDSHLPPSQNTSELNTA",68,"VALK","HRD","DFG","CMGC Ser/Thr","SerineThreonine",1,1,1,431,"CDK6",">ENSP00000265734.4","ENST00000265734.7","ENSG00000105810.8","OTTHUMG00000131697.2","OTTHUMT00000254605.2",326,"MEKDGLCRADQQYECVAEIGEGAYGKVFKARDLKNGGRFVALKRVRVQTGEEGMPLSTIREVAVLRHLETFEHPNVVRLFDVCTVSRTDRETKLTLVFEHVDQDLTTYLDKVPEPGVPTETIKDMMFQLLRGLDFLHSHRVVHRDLKPQNILVTSSGQIKLADFGLARIYSFQMALTSVVVTLWYRAPEVLLQSSYATPVDLWSVGCIFAEMFRRKPLFRGSSDVDQLGKILDVIGLPGEEDWPRDVALPRQAFHSKSAQPIEKFVTDIDELGKDLLLKCLTFNPAKRISAYSALSHPYFQDLERCKENLDSHLPPSQNTSELNTA","CDK6","CDK6",NA,"CDK6","SK071","VALK","HRD","DFG","",1,1,1,TRUE,1,1,1,40,43,143,NA,NA,163,NA,NA,143,144,145,163,164,165,175,235,"ALTSVVVTLWYRAPEVLLQSSYATPVDLWSVGCIFAEMFRRKPLFRGSSDVDQLGKILDVI",1,13,187,1,14,187,0,NA,NA,0,NA,NA,0,NA,NA,1,13,187,0,NA,NA,0,NA,NA,0,NA,NA,0,NA,NA,0,NA,NA,1,11,187,0,NA,NA,187,187,187,187,187,187,187,187,187,187,187,187,187,187,187,187,187,187,187,187,187,187,187,173,174,175,176,177,178,179,180,181,182,183,184,185,186,187,188,189,"Q","M","A","L","T","S","V","V","V","T","L","W","Y","R","A","P","E","A P E","P E",181,"V",189,1,39,"MEKDGLCRADQQYECVAEIGEGAYGKVFKARDLKNGGRF",1,20,20,0,NA,NA,1,20,20,0,NA,NA,0,NA,NA,0,NA,NA,0,NA,NA,1,22,20,1,20,20,1,20,20,0,NA,NA,1,36,34,20,20,20,20,20,20,20,20,20,20,20,20,20,20,20,20,20,20,20,20,20,"GEGAYG","G","E","G","A","Y","G",20,21,22,23,24,25,"G G G","GEGAYGKVFKARDLKNGGRFVALKRVRVQTGEEGMPLSTIREVAVLRHLETFEHPNVVRLFDVCTVSRTDRETKLTLVFEHVDQDLTTYLDKVPEPGVPTETIKDMMFQLLRGLDFLHSHRVVHRDLKPQNILVTSSGQIKLADFGLARIYSFQMALTSVVVTLWYRAPE",48,73,"QTGEEGMPLSTIREVAVLRHLETFEH",2,5,52,0,NA,NA,0,NA,NA,0,NA,NA,1,1,52,52,52,52,52,52,52,52,"E","CDK6_144_LS180_LARGE_INTESTINE_R"
"6","CDKL4","125","R","2","39431748","39431748","+","Missense_Mutation","SNP","DU145_PROSTATE","c.374G>A","c.(373-375)AGA>AAA","p.R125K","","","","K","CDKL4-002",379,"MEKYEKLAKTGEGSYGVVFKCRNKTSGQVVAVKKFVESEDDPVVKKIALREIRMLKQLKHPNLVNLIEVFRRKRKMHLVFEYCDHTLLNELERNPNGVADGVIKSVLWQTLQALNFCHIHNCIHRDIKPENILITKQGIIKICDFGFAQILIPGDAYTDYVATRWYRAPELLVGDTQYGSSVDIWAIGCVFAELLTGQPLWPGKSDVDQLYLIIRTLGKLIPRHQSIFKSNGFFHGISIPEPEDMETLEEKFSDVHPVALNFMKGCLKMNPDDRLTCSQLLESSYFDSFQEAQIKRKARNEGRNRRRQQQAPKSAFPRLFLKTKICQVQRNETQTSGNQILPNGPILQNSMVTVMTNINSAVYQVTVLHLLSENFEVKS",75,"VAVK","HRD","DFG","CMGC Ser/Thr","SerineThreonine",1,1,1,467,"CDKL4",">ENSP00000378476.3","ENST00000395035.3","ENSG00000205111.7","OTTHUMG00000133574.2","OTTHUMT00000331655.1",379,"MEKYEKLAKTGEGSYGVVFKCRNKTSGQVVAVKKFVESEDDPVVKKIALREIRMLKQLKHPNLVNLIEVFRRKRKMHLVFEYCDHTLLNELERNPNGVADGVIKSVLWQTLQALNFCHIHNCIHRDIKPENILITKQGIIKICDFGFAQILIPGDAYTDYVATRWYRAPELLVGDTQYGSSVDIWAIGCVFAELLTGQPLWPGKSDVDQLYLIIRTLGKLIPRHQSIFKSNGFFHGISIPEPEDMETLEEKFSDVHPVALNFMKGCLKMNPDDRLTCSQLLESSYFDSFQEAQIKRKARNEGRNRRRQQQAPKSAFPRLFLKTKICQVQRNETQTSGNQILPNGPILQNSMVTVMTNINSAVYQVTVLHLLSENFEVKS","CDKL4","CDKL4",NA,"CDKL4","SK466","VAVK","HRD","DFG","",1,1,1,TRUE,1,1,1,30,33,124,NA,NA,144,NA,NA,124,125,126,144,145,146,156,216,"AYTDYVATRWYRAPELLVGDTQYGSSVDIWAIGCVFAELLTGQPLWPGKSDVDQLYLIIRT",1,13,168,1,14,168,0,NA,NA,0,NA,NA,0,NA,NA,1,13,168,0,NA,NA,0,NA,NA,0,NA,NA,0,NA,NA,0,NA,NA,1,11,168,0,NA,NA,168,168,168,168,168,168,168,168,168,168,168,168,168,168,168,168,168,168,168,168,168,168,168,154,155,156,157,158,159,160,161,162,163,164,165,166,167,168,169,170,"G","D","A","Y","T","D","Y","V","A","T","R","W","Y","R","A","P","E","A P E","P E",162,"A",170,1,29,"MEKYEKLAKTGEGSYGVVFKCRNKTSGQV",1,11,11,0,NA,NA,1,11,11,0,NA,NA,0,NA,NA,0,NA,NA,0,NA,NA,1,13,11,1,11,11,1,11,11,0,NA,NA,0,NA,NA,11,11,11,11,11,11,11,11,11,11,11,11,11,11,11,11,11,11,11,11,11,"GEGSYG","G","E","G","S","Y","G",11,12,13,14,15,16,"G G G","GEGSYGVVFKCRNKTSGQVVAVKKFVESEDDPVVKKIALREIRMLKQLKHPNLVNLIEVFRRKRKMHLVFEYCDHTLLNELERNPNGVADGVIKSVLWQTLQALNFCHIHNCIHRDIKPENILITKQGIIKICDFGFAQILIPGDAYTDYVATRWYRAPE",38,63,"SEDDPVVKKIALREIRMLKQLKHPNL",1,14,51,0,NA,NA,0,NA,NA,0,NA,NA,0,NA,NA,51,51,51,51,51,51,51,"E","CDKL4_125_DU145_PROSTATE_R"
"8","DCLK1","510","R","13","36396891","36396891","+","Missense_Mutation","SNP","AGS_STOMACH","c.1529G>A","c.(1528-1530)CGT>CAT","p.R510H","","","","H","DCLK1-010",740,"MSFGRDMELEHFDERDKAQRYSRGSRVNGLPSPTHSAHCSFYRTRTLQTLSSEKKAKKVRFYRNGDRYFKGIVYAISPDRFRSFEALLADLTRTLSDNVNLPQGVRTIYTIDGLKKISSLDQLVEGESYVCGSIEPFKKLEYTKNVNPNWSVNVKTTSASRAVSSLATAKGSPSEVRENKDFIRPKLVTIIRSGVKPRKAVRILLNKKTAHSFEQVLTDITDAIKLDSGVVKRLYTLDGKQVMCLQDFFGDDDIFIACGPEKFRYQDDFLLDESECRVVKSTSYTKIASSSRRSTTKSPGPSRRSKSPASTSSVNGTPGSQLSTPRSGKSPSPSPTSPGSLRKQRSSQHGGSSTSLASTKVCSSMDENDGPGEEVSEEGFQIPATITERYKVGRTIGDGNFAVVKECVERSTAREYALKIIKKSKCRGKEHMIQNEVSILRRVKHPNIVLLIEEMDVPTELYLVMELVKGGDLFDAITSTNKYTERDASGMLYNLASAIKYLHSLNIVHRDIKPENLLVYEHQDGSKSLKLGDFGLATIVDGPLYTVCGTPTYVAPEIIAETGYGLKVDIWAAGVITYILLCGFPPFRGSGDDQEVLFDQILMGQVDFPSPYWDNVSDSAKELITMMLLVDVDQRFSAVQVLEHPWVNDDGLPENEHQLSVAGKIKKHFNTGPKPNSTAAGVSVIATTALDKERQVFRRRRNQDVRSRYKAQPAPPELNSESEDYSPSSSETVRSPNSPF",99,"YALK","HRD","DFG","CAMK Ser/Thr","SerineThreonine",1,1,1,653,"DCLK1",">ENSP00000353846.3","ENST00000360631.6","ENSG00000133083.13","OTTHUMG00000016729.3","OTTHUMT00000044487.3",740,"MSFGRDMELEHFDERDKAQRYSRGSRVNGLPSPTHSAHCSFYRTRTLQTLSSEKKAKKVRFYRNGDRYFKGIVYAISPDRFRSFEALLADLTRTLSDNVNLPQGVRTIYTIDGLKKISSLDQLVEGESYVCGSIEPFKKLEYTKNVNPNWSVNVKTTSASRAVSSLATAKGSPSEVRENKDFIRPKLVTIIRSGVKPRKAVRILLNKKTAHSFEQVLTDITDAIKLDSGVVKRLYTLDGKQVMCLQDFFGDDDIFIACGPEKFRYQDDFLLDESECRVVKSTSYTKIASSSRRSTTKSPGPSRRSKSPASTSSVNGTPGSQLSTPRSGKSPSPSPTSPGSLRKQRSSQHGGSSTSLASTKVCSSMDENDGPGEEVSEEGFQIPATITERYKVGRTIGDGNFAVVKECVERSTAREYALKIIKKSKCRGKEHMIQNEVSILRRVKHPNIVLLIEEMDVPTELYLVMELVKGGDLFDAITSTNKYTERDASGMLYNLASAIKYLHSLNIVHRDIKPENLLVYEHQDGSKSLKLGDFGLATIVDGPLYTVCGTPTYVAPEIIAETGYGLKVDIWAAGVITYILLCGFPPFRGSGDDQEVLFDQILMGQVDFPSPYWDNVSDSAKELITMMLLVDVDQRFSAVQVLEHPWVNDDGLPENEHQLSVAGKIKKHFNTGPKPNSTAAGVSVIATTALDKERQVFRRRRNQDVRSRYKAQPAPPELNSESEDYSPSSSETVRSPNSPF","DCAMKL1","DCLK1",NA,"DCAMKL1","SK063","YALK","HRD","DFG","",1,1,1,TRUE,1,1,1,416,419,509,NA,NA,533,NA,NA,509,510,511,533,534,535,545,605,"YTVCGTPTYVAPEIIAETGYGLKVDIWAAGVITYILLCGFPPFRGSGDDQEVLFDQILMGQ",1,11,555,1,12,555,1,5,555,0,NA,NA,0,NA,NA,1,11,555,0,NA,NA,0,NA,NA,1,5,555,0,NA,NA,1,5,555,1,9,555,0,NA,NA,555,555,555,555,555,555,555,555,555,555,555,555,555,555,555,555,555,555,555,555,555,555,555,541,542,543,544,545,546,547,548,549,550,551,552,553,554,555,556,557,"D","G","P","L","Y","T","V","C","G","T","P","T","Y","V","A","P","E","A P E","P E",549,"G",557,374,415,"EVSEEGFQIPATITERYKVGRTIGDGNFAVVKECVERSTARE",0,NA,NA,1,24,397,0,NA,NA,0,NA,NA,1,24,397,0,NA,NA,0,NA,NA,0,NA,NA,0,NA,NA,1,24,397,0,NA,NA,0,NA,NA,397,397,397,397,397,397,397,397,397,397,397,397,397,397,397,397,397,397,397,397,397,"GDGNFA","G","D","G","N","F","A",397,398,399,400,401,402,"G G A","GDGNFAVVKECVERSTAREYALKIIKKSKCRGKEHMIQNEVSILRRVKHPNIVLLIEEMDVPTELYLVMELVKGGDLFDAITSTNKYTERDASGMLYNLASAIKYLHSLNIVHRDIKPENLLVYEHQDGSKSLKLGDFGLATIVDGPLYTVCGTPTYVAPE",424,449,"SKCRGKEHMIQNEVSILRRVKHPNIV",1,13,436,2,7,430,0,NA,NA,0,NA,NA,0,NA,NA,436,436,436,436,436,436,436,"E","DCLK1_510_AGS_STOMACH_R"
"10","FGR","381","R","1","27941049","27941049","+","Missense_Mutation","SNP","LU65_LUNG","c.1141C>A","c.(1141-1143)CGC>AGC","p.R381S","","","","S","FGR-002",529,"MGCVFCKKLEPVATAKEDAGLEGDFRSYGAADHYGPDPTKARPASSFAHIPNYSNFSSQAINPGFLDSGTIRGVSGIGVTLFIALYDYEARTEDDLTFTKGEKFHILNNTEGDWWEARSLSSGKTGCIPSNYVAPVDSIQAEEWYFGKIGRKDAERQLLSPGNPQGAFLIRESETTKGAYSLSIRDWDQTRGDHVKHYKIRKLDMGGYYITTRVQFNSVQELVQHYMEVNDGLCNLLIAPCTIMKPQTLGLAKDAWEISRSSITLERRLGTGCFGDVWLGTWNGSTKVAVKTLKPGTMSPKAFLEEAQVMKLLRHDKLVQLYAVVSEEPIYIVTEFMCHGSLLDFLKNPEGQDLRLPQLVDMAAQVAEGMAYMERMNYIHRDLRAANILVGERLACKIADFGLARLIKDDEYNPCQGSKFPIKWTAPEAALFGRFTIKSDVWSFGILLTELITKGRIPYPGMNKREVLEQVEQGYHMPCPPGCPASLYEAMEQTWRLDPEERPTFEYLQSFLEDYFTSAEPQYQPGDQT",138,"VAVK","HRD","DFG","Tyr Kinase","Tyrosine",1,1,1,937,"FGR",">ENSP00000363115.3","ENST00000374003.6","ENSG00000000938.11","OTTHUMG00000003516.1","OTTHUMT00000009773.1",529,"MGCVFCKKLEPVATAKEDAGLEGDFRSYGAADHYGPDPTKARPASSFAHIPNYSNFSSQAINPGFLDSGTIRGVSGIGVTLFIALYDYEARTEDDLTFTKGEKFHILNNTEGDWWEARSLSSGKTGCIPSNYVAPVDSIQAEEWYFGKIGRKDAERQLLSPGNPQGAFLIRESETTKGAYSLSIRDWDQTRGDHVKHYKIRKLDMGGYYITTRVQFNSVQELVQHYMEVNDGLCNLLIAPCTIMKPQTLGLAKDAWEISRSSITLERRLGTGCFGDVWLGTWNGSTKVAVKTLKPGTMSPKAFLEEAQVMKLLRHDKLVQLYAVVSEEPIYIVTEFMCHGSLLDFLKNPEGQDLRLPQLVDMAAQVAEGMAYMERMNYIHRDLRAANILVGERLACKIADFGLARLIKDDEYNPCQGSKFPIKWTAPEAALFGRFTIKSDVWSFGILLTELITKGRIPYPGMNKREVLEQVEQGYHMPCPPGCPASLYEAMEQTWRLDPEERPTFEYLQSFLEDYFTSAEPQYQPGDQT","FGR","FGR",NA,"FGR","SK148","VAVK","HRD","DFG","",1,1,1,TRUE,1,1,1,288,291,380,NA,NA,400,NA,NA,380,381,382,400,401,402,412,472,"YNPCQGSKFPIKWTAPEAALFGRFTIKSDVWSFGILLTELITKGRIPYPGMNKREVLEQVE",1,15,426,1,16,426,0,NA,NA,0,NA,NA,0,NA,NA,1,15,426,0,NA,NA,0,NA,NA,0,NA,NA,0,NA,NA,1,50,467,0,NA,NA,0,NA,NA,426,426,426,426,426,426,426,426,426,426,426,426,426,426,426,426,426,426,426,426,426,426,426,412,413,414,415,416,417,418,419,420,421,422,423,424,425,426,427,428,"Y","N","P","C","Q","G","S","K","F","P","I","K","W","T","A","P","E","A P E","P E",417,"G",428,246,287,"PQTLGLAKDAWEISRSSITLERRLGTGCFGDVWLGTWNGSTK",1,25,270,1,25,270,0,NA,NA,1,27,270,0,NA,NA,0,NA,NA,0,NA,NA,1,27,270,1,25,270,1,25,270,0,NA,NA,0,NA,NA,270,270,270,270,270,270,270,270,270,270,270,270,270,270,270,270,270,270,270,270,270,"GTGCFG","G","T","G","C","F","G",270,271,272,273,274,275,"G G G","GTGCFGDVWLGTWNGSTKVAVKTLKPGTMSPKAFLEEAQVMKLLRHDKLVQLYAVVSEEPIYIVTEFMCHGSLLDFLKNPEGQDLRLPQLVDMAAQVAEGMAYMERMNYIHRDLRAANILVGERLACKIADFGLARLIKDDEYNPCQGSKFPIKWTAPE",296,321,"GTMSPKAFLEEAQVMKLLRHDKLVQL",0,NA,NA,0,NA,NA,1,11,306,0,NA,NA,0,NA,NA,NA,NA,306,306,306,306,306,"E","FGR_381_LU65_LUNG_R"
"14","GRK1","316","R","13","114325933","114325933","+","Missense_Mutation","SNP","NCIH838_LUNG","c.947G>A","c.(946-948)CGC>CAC","p.R316H","","","","H","GRK1-001",563,"MDFGSLETVVANSAFIAARGSFDGSSSQPSRDKKYLAKLKLPPLSKCESLRDSLSLEFESVCLEQPIGKKLFQQFLQSAEKHLPALELWKDIEDYDTADNDLQPQKAQTILAQYLDPQAKLFCSFLDEGIVAKFKEGPVEIQDGLFQPLLQATLAHLGQAPFQEYLGSLYFLRFLQWKWLEAQPMGEDWFLDFRVLGKGGFGEVSACQMKATGKLYACKKLNKKRLKKRKGYQGAMVEKKILMKVHSRFIVSLAYAFETKADLCLVMTIMNGGDIRYHIYNVNEENPGFPEPRALFYTAQIICGLEHLHQRRIVYRDLKPENVLLDNDGNVRISDLGLAVELLDGQSKTKGYAGTPGFMAPELLQGEEYDFSVDYFALGVTLYEMIAARGPFRARGEKVENKELKHRIISEPVKYPDKFSQASKDFCEALLEKDPEKRLGFRDETCDKLRAHPLFKDLNWRQLEAGMLMPPFIPDSKTVYAKDIQDVGAFSTVKGVAFDKTDTEFFQEFATGNCPIPWQEEMIETGIFGELNVWRSDGQMPDDMKGISGGSSSSSKSGMCLVS",145,"YACK","YRD","DLG","AGC Ser/Thr","SerineThreonine",1,1,1,989,"GRK1",">ENSP00000334876.5","ENST00000335678.6","ENSG00000185974.6","OTTHUMG00000185528.1","OTTHUMT00000470655.1",563,"MDFGSLETVVANSAFIAARGSFDGSSSQPSRDKKYLAKLKLPPLSKCESLRDSLSLEFESVCLEQPIGKKLFQQFLQSAEKHLPALELWKDIEDYDTADNDLQPQKAQTILAQYLDPQAKLFCSFLDEGIVAKFKEGPVEIQDGLFQPLLQATLAHLGQAPFQEYLGSLYFLRFLQWKWLEAQPMGEDWFLDFRVLGKGGFGEVSACQMKATGKLYACKKLNKKRLKKRKGYQGAMVEKKILMKVHSRFIVSLAYAFETKADLCLVMTIMNGGDIRYHIYNVNEENPGFPEPRALFYTAQIICGLEHLHQRRIVYRDLKPENVLLDNDGNVRISDLGLAVELLDGQSKTKGYAGTPGFMAPELLQGEEYDFSVDYFALGVTLYEMIAARGPFRARGEKVENKELKHRIISEPVKYPDKFSQASKDFCEALLEKDPEKRLGFRDETCDKLRAHPLFKDLNWRQLEAGMLMPPFIPDSKTVYAKDIQDVGAFSTVKGVAFDKTDTEFFQEFATGNCPIPWQEEMIETGIFGELNVWRSDGQMPDDMKGISGGSSSSSKSGMCLVS","RHOK","GRK1",NA,"RHOK","SK327","YACK","YRD","DLG","",1,1,1,TRUE,1,1,1,216,219,315,NA,NA,335,NA,NA,315,316,317,335,336,337,347,407,"SKTKGYAGTPGFMAPELLQGEEYDFSVDYFALGVTLYEMIAARGPFRARGEKVENKELKHR",1,14,360,1,15,360,1,8,360,0,NA,NA,0,NA,NA,1,14,360,0,NA,NA,0,NA,NA,0,NA,NA,0,NA,NA,1,8,360,0,NA,NA,0,NA,NA,360,360,360,360,360,360,360,360,360,360,360,360,360,360,360,360,360,360,360,360,360,360,360,346,347,348,349,350,351,352,353,354,355,356,357,358,359,360,361,362,"Q","S","K","T","K","G","Y","A","G","T","P","G","F","M","A","P","E","A P E","P E",354,"G",362,174,215,"FLQWKWLEAQPMGEDWFLDFRVLGKGGFGEVSACQMKATGKL",1,24,197,1,24,197,0,NA,NA,1,26,197,0,NA,NA,1,27,200,0,NA,NA,1,24,195,1,24,197,2,24,197,0,NA,NA,1,26,197,197,197,197,197,197,197,197,197,197,197,197,197,197,197,197,197,197,197,197,197,197,"GKGGFG","G","K","G","G","F","G",197,198,199,200,201,202,"G G G","GKGGFGEVSACQMKATGKLYACKKLNKKRLKKRKGYQGAMVEKKILMKVHSRFIVSLAYAFETKADLCLVMTIMNGGDIRYHIYNVNEENPGFPEPRALFYTAQIICGLEHLHQRRIVYRDLKPENVLLDNDGNVRISDLGLAVELLDGQSKTKGYAGTPGFMAPE",224,249,"KRLKKRKGYQGAMVEKKILMKVHSRF",1,15,238,1,15,238,0,NA,NA,0,NA,NA,0,NA,NA,238,238,238,238,238,238,238,"E","GRK1_316_NCIH838_LUNG_R"
"15","GRK7","315","R","3","141499547","141499547","+","Missense_Mutation","SNP","SNU1040_LARGE_INTESTINE","c.944G>A","c.(943-945)CGG>CAG","p.R315Q","","","","Q","GRK7-001",553,"MVDMGALDNLIANTAYLQARKPSDCDSKELQRRRRSLALPGLQGCAELRQKLSLNFHSLCEQQPIGRRLFRDFLATVPTFRKAATFLEDVQNWELAEEGPTKDSALQGLVATCASAPAPGNPQPFLSQAVATKCQAATTEEERVAAVTLAKAEAMAFLQEQPFKDFVTSAFYDKFLQWKLFEMQPVSDKYFTEFRVLGKGGFGEVCAVQVKNTGKMYACKKLDKKRLKKKGGEKMALLEKEILEKVSSPFIVSLAYAFESKTHLCLVMSLMNGGDLKFHIYNVGTRGLDMSRVIFYSAQIACGMLHLHELGIVYRDMKPENVLLDDLGNCRLSDLGLAVEMKGGKPITQRAGTNGYMAPEILMEKVSYSYPVDWFAMGCSIYEMVAGRTPFKDYKEKVSKEDLKQRTLQDEVKFQHDNFTEEAKDICRLFLAKKPEQRLGSREKSDDPRKHHFFKTINFPRLEAGLIEPPFVPDPSVVYAKDIAEIDDFSEVRGVEFDDKDKQFFKNFATGAVPIAWQEEIIETGLFEELNDPNRPTGCEEGNSSKSGVCLLL",149,"YACK","YRD","DLG","AGC Ser/Thr","SerineThreonine",1,1,2,1006,"GRK7",">ENSP00000264952.2","ENST00000264952.2","ENSG00000114124.2","OTTHUMG00000159068.1","OTTHUMT00000353168.1",553,"MVDMGALDNLIANTAYLQARKPSDCDSKELQRRRRSLALPGLQGCAELRQKLSLNFHSLCEQQPIGRRLFRDFLATVPTFRKAATFLEDVQNWELAEEGPTKDSALQGLVATCASAPAPGNPQPFLSQAVATKCQAATTEEERVAAVTLAKAEAMAFLQEQPFKDFVTSAFYDKFLQWKLFEMQPVSDKYFTEFRVLGKGGFGEVCAVQVKNTGKMYACKKLDKKRLKKKGGEKMALLEKEILEKVSSPFIVSLAYAFESKTHLCLVMSLMNGGDLKFHIYNVGTRGLDMSRVIFYSAQIACGMLHLHELGIVYRDMKPENVLLDDLGNCRLSDLGLAVEMKGGKPITQRAGTNGYMAPEILMEKVSYSYPVDWFAMGCSIYEMVAGRTPFKDYKEKVSKEDLKQRTLQDEVKFQHDNFTEEAKDICRLFLAKKPEQRLGSREKSDDPRKHHFFKTINFPRLEAGLIEPPFVPDPSVVYAKDIAEIDDFSEVRGVEFDDKDKQFFKNFATGAVPIAWQEEIIETGLFEELNDPNRPTGCEEGNSSKSGVCLLL","GPRK7","MKNK2",NA,"GPRK7","SK578","YACK","YRD","DLG","",1,1,2,TRUE,1,1,2,217,220,314,NA,NA,326,334,NA,314,315,316,334,335,336,346,406,"PITQRAGTNGYMAPEILMEKVSYSYPVDWFAMGCSIYEMVAGRTPFKDYKEKVSKEDLKQR",1,13,358,1,14,358,1,7,358,0,NA,NA,0,NA,NA,1,13,358,0,NA,NA,0,NA,NA,1,7,358,0,NA,NA,1,7,358,1,11,358,0,NA,NA,358,358,358,358,358,358,358,358,358,358,358,358,358,358,358,358,358,358,358,358,358,358,358,344,345,346,347,348,349,350,351,352,353,354,355,356,357,358,359,360,"G","K","P","I","T","Q","R","A","G","T","N","G","Y","M","A","P","E","A P E","P E",352,"G",360,175,216,"FLQWKLFEMQPVSDKYFTEFRVLGKGGFGEVCAVQVKNTGKM",1,24,198,1,24,198,0,NA,NA,1,26,198,0,NA,NA,0,NA,NA,0,NA,NA,1,24,196,1,24,198,2,24,198,0,NA,NA,1,26,198,198,198,198,198,198,198,198,198,198,198,198,198,198,198,198,198,198,198,198,198,198,"GKGGFG","G","K","G","G","F","G",198,199,200,201,202,203,"G G G","GKGGFGEVCAVQVKNTGKMYACKKLDKKRLKKKGGEKMALLEKEILEKVSSPFIVSLAYAFESKTHLCLVMSLMNGGDLKFHIYNVGTRGLDMSRVIFYSAQIACGMLHLHELGIVYRDMKPENVLLDDLGNCRLSDLGLAVEMKGGKPITQRAGTNGYMAPE",225,250,"KRLKKKGGEKMALLEKEILEKVSSPF",2,9,233,1,15,239,0,NA,NA,0,NA,NA,0,NA,NA,233,233,233,233,233,233,233,"E","GRK7_315_SNU1040_LARGE_INTESTINE_R"
"16","INSRR","1114","R","1","156811960","156811960","+","Missense_Mutation","SNP","NCIH1048_LUNG","c.3341G>A","c.(3340-3342)CGA>CAA","p.R1114Q","","","","Q","INSRR-001",1297,"MAVPSLWPWGACLPVIFLSLGFGLDTVEVCPSLDIRSEVAELRQLENCSVVEGHLQILLMFTATGEDFRGLSFPRLTQVTDYLLLFRVYGLESLRDLFPNLAVIRGTRLFLGYALVIFEMPHLRDVALPALGAVLRGAVRVEKNQELCHLSTIDWGLLQPAPGANHIVGNKLGEECADVCPGVLGAAGEPCAKTTFSGHTDYRCWTSSHCQRVCPCPHGMACTARGECCHTECLGGCSQPEDPRACVACRHLYFQGACLWACPPGTYQYESWRCVTAERCASLHSVPGRASTFGIHQGSCLAQCPSGFTRNSSSIFCHKCEGLCPKECKVGTKTIDSIQAAQDLVGCTHVEGSLILNLRQGYNLEPQLQHSLGLVETITGFLKIKHSFALVSLGFFKNLKLIRGDAMVDGNYTLYVLDNQNLQQLGSWVAAGLTIPVGKIYFAFNPRLCLEHIYRLEEVTGTRGRQNKAEINPRTNGDRAACQTRTLRFVSNVTEADRILLRWERYEPLEARDLLSFIVYYKESPFQNATEHVGPDACGTQSWNLLDVELPLSRTQEPGVTLASLKPWTQYAVFVRAITLTTEEDSPHQGAQSPIVYLRTLPAAPTVPQDVISTSNSSSHLLVRWKPPTQRNGNLTYYLVLWQRLAEDGDLYLNDYCHRGLRLPTSNNDPRFDGEDGDPEAEMESDCCPCQHPPPGQVLPPLEAQEASFQKKFENFLHNAITIPISPWKVTSINKSPQRDSGRHRRAAGPLRLGGNSSDFEIQEDKVPRERAVLSGLRHFTEYRIDIHACNHAAHTVGCSAATFVFARTMPHREADGIPGKVAWEASSKNSVLLRWLEPPDPNGLILKYEIKYRRLGEEATVLCVSRLRYAKFGGVHLALLPPGNYSARVRATSLAGNGSWTDSVAFYILGPEEEDAGGLHVLLTATPVGLTLLIVLAALGFFYGKKRNRTLYASVNPEYFSASDMYVPDEWEVPREQISIIRELGQGSFGMVYEGLARGLEAGEESTPVALKTVNELASPRECIEFLKEASVMKAFKCHHVVRLLGVVSQGQPTLVIMELMTRGDLKSHLRSLRPEAENNPGLPQPALGEMIQMAGEIADGMAYLAANKFVHRDLAARNCMVSQDFTVKIGDFGMTRDVYETDYYRKGGKGLLPVRWMAPESLKDGIFTTHSDVWSFGVVLWEIVTLAEQPYQGLSNEQVLKFVMDGGVLEELEGCPLQLQELMSRCWQPNPRLRPSFTHILDSIQEELRPSFRLLSFYYSPECRGARGSLPTTDAEPDSSPTPRDCSPQNGGPGH",163,"VALK","HRD","DFG","Tyr Kinase","Tyrosine",1,1,1,1078,"INSRR",">ENSP00000357178.3","ENST00000368195.3","ENSG00000027644.4","OTTHUMG00000041291.1","OTTHUMT00000098929.1",1297,"MAVPSLWPWGACLPVIFLSLGFGLDTVEVCPSLDIRSEVAELRQLENCSVVEGHLQILLMFTATGEDFRGLSFPRLTQVTDYLLLFRVYGLESLRDLFPNLAVIRGTRLFLGYALVIFEMPHLRDVALPALGAVLRGAVRVEKNQELCHLSTIDWGLLQPAPGANHIVGNKLGEECADVCPGVLGAAGEPCAKTTFSGHTDYRCWTSSHCQRVCPCPHGMACTARGECCHTECLGGCSQPEDPRACVACRHLYFQGACLWACPPGTYQYESWRCVTAERCASLHSVPGRASTFGIHQGSCLAQCPSGFTRNSSSIFCHKCEGLCPKECKVGTKTIDSIQAAQDLVGCTHVEGSLILNLRQGYNLEPQLQHSLGLVETITGFLKIKHSFALVSLGFFKNLKLIRGDAMVDGNYTLYVLDNQNLQQLGSWVAAGLTIPVGKIYFAFNPRLCLEHIYRLEEVTGTRGRQNKAEINPRTNGDRAACQTRTLRFVSNVTEADRILLRWERYEPLEARDLLSFIVYYKESPFQNATEHVGPDACGTQSWNLLDVELPLSRTQEPGVTLASLKPWTQYAVFVRAITLTTEEDSPHQGAQSPIVYLRTLPAAPTVPQDVISTSNSSSHLLVRWKPPTQRNGNLTYYLVLWQRLAEDGDLYLNDYCHRGLRLPTSNNDPRFDGEDGDPEAEMESDCCPCQHPPPGQVLPPLEAQEASFQKKFENFLHNAITIPISPWKVTSINKSPQRDSGRHRRAAGPLRLGGNSSDFEIQEDKVPRERAVLSGLRHFTEYRIDIHACNHAAHTVGCSAATFVFARTMPHREADGIPGKVAWEASSKNSVLLRWLEPPDPNGLILKYEIKYRRLGEEATVLCVSRLRYAKFGGVHLALLPPGNYSARVRATSLAGNGSWTDSVAFYILGPEEEDAGGLHVLLTATPVGLTLLIVLAALGFFYGKKRNRTLYASVNPEYFSASDMYVPDEWEVPREQISIIRELGQGSFGMVYEGLARGLEAGEESTPVALKTVNELASPRECIEFLKEASVMKAFKCHHVVRLLGVVSQGQPTLVIMELMTRGDLKSHLRSLRPEAENNPGLPQPALGEMIQMAGEIADGMAYLAANKFVHRDLAARNCMVSQDFTVKIGDFGMTRDVYETDYYRKGGKGLLPVRWMAPESLKDGIFTTHSDVWSFGVVLWEIVTLAEQPYQGLSNEQVLKFVMDGGVLEELEGCPLQLQELMSRCWQPNPRLRPSFTHILDSIQEELRPSFRLLSFYYSPECRGARGSLPTTDAEPDSSPTPRDCSPQNGGPGH","IRR","INSRR",NA,"IRR","SK183","VALK","HRD","DFG","",1,1,1,TRUE,1,1,1,1010,1013,1113,NA,NA,1133,NA,NA,1113,1114,1115,1133,1134,1135,1145,1205,"YYRKGGKGLLPVRWMAPESLKDGIFTTHSDVWSFGVVLWEIVTLAEQPYQGLSNEQVLKFV",1,16,1160,1,17,1160,0,NA,NA,0,NA,NA,0,NA,NA,1,16,1160,0,NA,NA,0,NA,NA,0,NA,NA,0,NA,NA,0,NA,NA,0,NA,NA,0,NA,NA,1160,1160,1160,1160,1160,1160,1160,1160,1160,1160,1160,1160,1160,1160,1160,1160,1160,1160,1160,1160,1160,1160,1160,1146,1147,1148,1149,1150,1151,1152,1153,1154,1155,1156,1157,1158,1159,1160,1161,1162,"Y","R","K","G","G","K","G","L","L","P","V","R","W","M","A","P","E","A P E","P E",1152,"G",1162,968,1009,"VPDEWEVPREQISIIRELGQGSFGMVYEGLARGLEAGEESTP",1,19,986,1,19,986,0,NA,NA,1,21,986,0,NA,NA,0,NA,NA,0,NA,NA,1,21,986,1,19,986,1,19,986,0,NA,NA,0,NA,NA,986,986,986,986,986,986,986,986,986,986,986,986,986,986,986,986,986,986,986,986,986,"GQGSFG","G","Q","G","S","F","G",986,987,988,989,990,991,"G G G","GQGSFGMVYEGLARGLEAGEESTPVALKTVNELASPRECIEFLKEASVMKAFKCHHVVRLLGVVSQGQPTLVIMELMTRGDLKSHLRSLRPEAENNPGLPQPALGEMIQMAGEIADGMAYLAANKFVHRDLAARNCMVSQDFTVKIGDFGMTRDVYETDYYRKGGKGLLPVRWMAPE",1018,1043,"LASPRECIEFLKEASVMKAFKCHHVV",0,NA,NA,0,NA,NA,1,13,1030,0,NA,NA,0,NA,NA,NA,NA,1030,1030,1030,1030,1030,"E","INSRR_1114_NCIH1048_LUNG_R"
"17","LCK","393","R","1","32745488","32745488","+","Missense_Mutation","SNP","KM12_LARGE_INTESTINE","c.1178G>A","c.(1177-1179)CGT>CAT","p.R393H","","","","H","LCK-004",539,"MGCGCSSHPEDDWMENIDVCENCHYPIVPLDGKGTLLIRNGSEVRDPLVTYEGSNPPASPLQDNLVIALHSYEPSHDGDLGFEKGEQLRILEQSGEWWKAQSLTTGQEGFIPFNFVAKANSLEPEPWFFKNLSRKDAERQLLAPGNTHGSFLIRESESTAGSFSLSVRDFDQNQGEVVKHYKIRNLDNGGFYISPRITFPGLHELVRHYTNASDGLCTRLSRPCQTQKPQKPWWEDEWEVPRETLKLVERLGAGQFGEVWMGYYNGHTKVAVKSLKQGSMSPDAFLAEANLMKQLQHQRLVRLYAVVTQEPIYIITEYMENDTLLDSQLEEKGLGASPWGNLGQQLLLLPTGSLVDFLKTPSGIKLTINKLLDMAAQIAEGMAFIEERNYIHRDLRAANILVSDTLSCKIADFGLARLIEDNEYTAREGAKFPIKWTAPEAINYGTFTIKSDVWSFGILLTEIVTHGRIPYPGMTNPEVIQNLERGYRMVRPDNCPEELYQLMRLCWKERPEDRPTFDYLRSVLEDFFTATEGQYQPQP",177,"VAVK","HRD","DFG","Tyr Kinase","Tyrosine",1,1,1,1134,"LCK",">ENSP00000328213.4","ENST00000333070.4","ENSG00000182866.15","OTTHUMG00000007463.5","OTTHUMT00000019805.2",539,"MGCGCSSHPEDDWMENIDVCENCHYPIVPLDGKGTLLIRNGSEVRDPLVTYEGSNPPASPLQDNLVIALHSYEPSHDGDLGFEKGEQLRILEQSGEWWKAQSLTTGQEGFIPFNFVAKANSLEPEPWFFKNLSRKDAERQLLAPGNTHGSFLIRESESTAGSFSLSVRDFDQNQGEVVKHYKIRNLDNGGFYISPRITFPGLHELVRHYTNASDGLCTRLSRPCQTQKPQKPWWEDEWEVPRETLKLVERLGAGQFGEVWMGYYNGHTKVAVKSLKQGSMSPDAFLAEANLMKQLQHQRLVRLYAVVTQEPIYIITEYMENDTLLDSQLEEKGLGASPWGNLGQQLLLLPTGSLVDFLKTPSGIKLTINKLLDMAAQIAEGMAFIEERNYIHRDLRAANILVSDTLSCKIADFGLARLIEDNEYTAREGAKFPIKWTAPEAINYGTFTIKSDVWSFGILLTEIVTHGRIPYPGMTNPEVIQNLERGYRMVRPDNCPEELYQLMRLCWKERPEDRPTFDYLRSVLEDFFTATEGQYQPQP","LCK","LCK",NA,"LCK","SK206","VAVK","HRD","DFG","",1,1,1,TRUE,1,1,1,270,273,392,NA,NA,412,NA,NA,392,393,394,412,413,414,424,484,"YTAREGAKFPIKWTAPEAINYGTFTIKSDVWSFGILLTEIVTHGRIPYPGMTNPEVIQNLE",1,15,438,2,16,438,0,NA,NA,0,NA,NA,0,NA,NA,2,3,426,0,NA,NA,0,NA,NA,0,NA,NA,0,NA,NA,0,NA,NA,0,NA,NA,0,NA,NA,438,438,438,438,438,438,438,438,438,438,438,438,438,438,438,438,438,438,438,438,438,438,438,424,425,426,427,428,429,430,431,432,433,434,435,436,437,438,439,440,"Y","T","A","R","E","G","A","K","F","P","I","K","W","T","A","P","E","A P E","P E",429,"G",440,228,269,"KPQKPWWEDEWEVPRETLKLVERLGAGQFGEVWMGYYNGHTK",1,25,252,1,25,252,0,NA,NA,1,27,252,0,NA,NA,0,NA,NA,0,NA,NA,1,27,252,1,25,252,1,25,252,0,NA,NA,0,NA,NA,252,252,252,252,252,252,252,252,252,252,252,252,252,252,252,252,252,252,252,252,252,"GAGQFG","G","A","G","Q","F","G",252,253,254,255,256,257,"G G G","GAGQFGEVWMGYYNGHTKVAVKSLKQGSMSPDAFLAEANLMKQLQHQRLVRLYAVVTQEPIYIITEYMENDTLLDSQLEEKGLGASPWGNLGQQLLLLPTGSLVDFLKTPSGIKLTINKLLDMAAQIAEGMAFIEERNYIHRDLRAANILVSDTLSCKIADFGLARLIEDNEYTAREGAKFPIKWTAPE",278,303,"GSMSPDAFLAEANLMKQLQHQRLVRL",0,NA,NA,0,NA,NA,1,11,288,1,11,288,0,NA,NA,NA,NA,288,288,288,288,288,"E","LCK_393_KM12_LARGE_INTESTINE_R"
"18","LIMK2","429","R","22","31667152","31667153","+","Missense_Mutation","DNP","KMRC1_KIDNEY","c.1285_1286CG>GA","c.(1285-1287)CGG>GAG","p.R429E","","","","E","LIMK2-004",617,"MGSYLSVPAYFTSRDLFRCSECQDSLTNWYYEKDGKLYCPKDYWGKFGEFCHGCSLLMTGPFMVAGEFKYHPECFACMSCKVIIEDGDAYALVQHATLYCGKCHNEVVLAPMFERLSTESVQEQLPYSVTLISMPATTEGRRGFSVSVESACSNYATTVQVKEVNRMHISPNNRNAIHPGDRILEINGTPVRTLRVEEVEDAISQTSQTLQLLIEHDPVSQRLDQLRLEARLAPHMQNAGHPHALSTLDTKENLEGTLRRRSLRRSNSISKSPGPSSPKEPLLFSRDISRSESLRCSSSYSQQIFRPCDLIHGEVLGKGFFGQAIKVTHKATGKVMVMKELIRCDEETQKTFLTEVKVMRSLDHPNVLKFIGVLYKDKKLNLLTEYIEGGTLKDFLRSMDPFPWQQKVRFAKGIASGMAYLHSMCIIHRDLNSHNCLIKLDKTVVVADFGLSRLIVEERKRAPMEKATTKKRTLRKNDRKKRYTVVGNPYWMAPEMLNGKSYDETVDIFSFGIVLCEIIGQVYADPDCLPRTLDFGLNVKLFWEKFVPTDCPPAFFPLAAICCRLEPESRPAFSKLEDSFEALSLYLGELGIPLPAELEELDHTVSMQYGLTRDSPP",179,"MVMK","HRD","DFG","TKL Ser/Thr","SerineThreonine",1,1,2,1146,"LIMK2",">ENSP00000330470.4","ENST00000333611.7","ENSG00000182541.16","OTTHUMG00000151251.1","OTTHUMT00000321914.1",617,"MGSYLSVPAYFTSRDLFRCSECQDSLTNWYYEKDGKLYCPKDYWGKFGEFCHGCSLLMTGPFMVAGEFKYHPECFACMSCKVIIEDGDAYALVQHATLYCGKCHNEVVLAPMFERLSTESVQEQLPYSVTLISMPATTEGRRGFSVSVESACSNYATTVQVKEVNRMHISPNNRNAIHPGDRILEINGTPVRTLRVEEVEDAISQTSQTLQLLIEHDPVSQRLDQLRLEARLAPHMQNAGHPHALSTLDTKENLEGTLRRRSLRRSNSISKSPGPSSPKEPLLFSRDISRSESLRCSSSYSQQIFRPCDLIHGEVLGKGFFGQAIKVTHKATGKVMVMKELIRCDEETQKTFLTEVKVMRSLDHPNVLKFIGVLYKDKKLNLLTEYIEGGTLKDFLRSMDPFPWQQKVRFAKGIASGMAYLHSMCIIHRDLNSHNCLIKLDKTVVVADFGLSRLIVEERKRAPMEKATTKKRTLRKNDRKKRYTVVGNPYWMAPEMLNGKSYDETVDIFSFGIVLCEIIGQVYADPDCLPRTLDFGLNVKLFWEKFVPTDCPPAFFPLAAICCRLEPESRPAFSKLEDSFEALSLYLGELGIPLPAELEELDHTVSMQYGLTRDSPP","LIMK2","LIMK2",NA,"LIMK2","SK207","MVMK","HRD","DFG","",1,1,2,TRUE,1,1,1,336,339,428,NA,NA,448,534,NA,428,429,430,448,449,450,460,520,"KRAPMEKATTKKRTLRKNDRKKRYTVVGNPYWMAPEMLNGKSYDETVDIFSFGIVLCEIIG",1,34,493,1,35,493,0,NA,NA,0,NA,NA,0,NA,NA,1,34,493,0,NA,NA,0,NA,NA,0,NA,NA,0,NA,NA,1,28,493,0,NA,NA,0,NA,NA,493,493,493,493,493,493,493,493,493,493,493,493,493,493,493,493,493,493,493,493,493,493,493,479,480,481,482,483,484,485,486,487,488,489,490,491,492,493,494,495,"R","K","K","R","Y","T","V","V","G","N","P","Y","W","M","A","P","E","A P E","P E",487,"G",495,294,335,"LRCSSSYSQQIFRPCDLIHGEVLGKGFFGQAIKVTHKATGKV",1,24,317,1,24,317,0,NA,NA,1,26,317,0,NA,NA,0,NA,NA,0,NA,NA,1,26,317,1,24,317,1,24,317,0,NA,NA,0,NA,NA,317,317,317,317,317,317,317,317,317,317,317,317,317,317,317,317,317,317,317,317,317,"GKGFFG","G","K","G","F","F","G",317,318,319,320,321,322,"G G G","GKGFFGQAIKVTHKATGKVMVMKELIRCDEETQKTFLTEVKVMRSLDHPNVLKFIGVLYKDKKLNLLTEYIEGGTLKDFLRSMDPFPWQQKVRFAKGIASGMAYLHSMCIIHRDLNSHNCLIKLDKTVVVADFGLSRLIVEERKRAPMEKATTKKRTLRKNDRKKRYTVVGNPYWMAPE",344,369,"CDEETQKTFLTEVKVMRSLDHPNVLK",0,NA,NA,0,NA,NA,1,12,355,0,NA,NA,0,NA,NA,NA,NA,355,355,355,355,355,"E","LIMK2_429_KMRC1_KIDNEY_R"
"20","MAP2K7","242","R","19","7975914","7975914","+","Missense_Mutation","SNP","LOVO_LARGE_INTESTINE","c.725G>A","c.(724-726)CGC>CAC","p.R242H","","","","H","MAP2K7-001",426,"MAASSLEQKLSRLEAKLKQENREARRRIDLNLDISPQRPRPTLQLPLANDGGSRSPSSESSPQHPTPPARPRHMLGLPSTLFTPRSMESIEIDQKLQEIMKQTGYLTIGGQRYQAEINDLENLGEMGSGTCGQVWKMRFRKTGHVIAVKQMRRSGNKEENKRILMDLDVVLKSHDCPYIVQCFGTFITNTDVFIAMELMGTCAEKLKKRMQGPIPERILGKMTVAIVKALYYLKEKHGVIHRDVKPSNILLDERGQIKLCDFGISGRLVDSKAKTRSAGCAAYMAPERIDPPDPTKPDYDIRADVWSLGISLPCPSPSQVELATGQFPYKNCKTDFEVLTKVLQEEPPLLPGHMGFSGDFQSFVKDCLTKDHRKRPKYNKLLEHSFIKRYETLEVDVASWFKDVMAKTESPRTSGVLSQPHLPFFR",193,"IAVK","HRD","DFG","STE Ser/Thr","SerineThreonine",1,1,1,1216,"MAP2K7",">ENSP00000381068.3","ENST00000397981.6","ENSG00000076984.16","OTTHUMG00000137368.3","OTTHUMT00000267979.1",426,"MAASSLEQKLSRLEAKLKQENREARRRIDLNLDISPQRPRPTLQLPLANDGGSRSPSSESSPQHPTPPARPRHMLGLPSTLFTPRSMESIEIDQKLQEIMKQTGYLTIGGQRYQAEINDLENLGEMGSGTCGQVWKMRFRKTGHVIAVKQMRRSGNKEENKRILMDLDVVLKSHDCPYIVQCFGTFITNTDVFIAMELMGTCAEKLKKRMQGPIPERILGKMTVAIVKALYYLKEKHGVIHRDVKPSNILLDERGQIKLCDFGISGRLVDSKAKTRSAGCAAYMAPERIDPPDPTKPDYDIRADVWSLGISLPCPSPSQVELATGQFPYKNCKTDFEVLTKVLQEEPPLLPGHMGFSGDFQSFVKDCLTKDHRKRPKYNKLLEHSFIKRYETLEVDVASWFKDVMAKTESPRTSGVLSQPHLPFFR","MAP2K7","MAP2K7",NA,"MAP2K7","SK230","IAVK","HRD","DFG","",1,1,1,TRUE,1,1,1,146,149,241,NA,NA,261,NA,NA,241,242,243,261,262,263,273,333,"AKTRSAGCAAYMAPERIDPPDPTKPDYDIRADVWSLGISLPCPSPSQVELATGQFPYKNCK",1,13,285,1,14,285,0,NA,NA,0,NA,NA,0,NA,NA,1,13,285,0,NA,NA,1,19,291,0,NA,NA,0,NA,NA,1,7,285,1,11,285,0,NA,NA,285,285,285,285,285,285,285,285,285,285,285,285,285,285,285,285,285,285,285,285,285,285,285,271,272,273,274,275,276,277,278,279,280,281,282,283,284,285,286,287,"S","K","A","K","T","R","S","A","G","C","A","A","Y","M","A","P","E","A P E","P E",279,"G",287,104,145,"GYLTIGGQRYQAEINDLENLGEMGSGTCGQVWKMRFRKTGHV",1,24,127,0,NA,NA,0,NA,NA,0,NA,NA,0,NA,NA,0,NA,NA,0,NA,NA,2,21,122,2,1,104,1,24,127,0,NA,NA,1,6,107,127,127,127,127,127,127,127,127,127,127,127,127,127,127,127,127,127,127,127,127,127,"GSGTCG","G","S","G","T","C","G",127,128,129,130,131,132,"G G G","GSGTCGQVWKMRFRKTGHVIAVKQMRRSGNKEENKRILMDLDVVLKSHDCPYIVQCFGTFITNTDVFIAMELMGTCAEKLKKRMQGPIPERILGKMTVAIVKALYYLKEKHGVIHRDVKPSNILLDERGQIKLCDFGISGRLVDSKAKTRSAGCAAYMAPE",154,179,"SGNKEENKRILMDLDVVLKSHDCPYI",0,NA,NA,0,NA,NA,0,NA,NA,0,NA,NA,0,NA,NA,NA,NA,NA,NA,NA,NA,NA,NA,"MAP2K7_242_LOVO_LARGE_INTESTINE_R"
"22","MAP3K14","514","G","17","43351501","43351502","+","Missense_Mutation","DNP","NCIH2106_LUNG","c.1540_1541GG>AA","c.(1540-1542)GGG>AAG","p.G514K","","","","K","MAP3K14-201",947,"MAVMEMACPGAPGSAVGQQKELPKAKEKTPPLGKKQSSVYKLEAVEKSPVFCGKWEILNDVITKGTAKEGSEAGPAAISIIAQAECENSQEFSPTFSERIFIAGSKQYSQSESLDQIPNNVAHATEGKMARVCWKGKRRSKARKKRKKKSSKSLAHAGVALAKPLPRTPEQESCTIPVQEDESPLGAPYVRNTPQFTKPLKEPGLGQLCFKQLGEGLRPALPRSELHKLISPLQCLNHVWKLHHPQDGGPLPLPTHPFPYSRLPHPFPFHPLQPWKPHPLESFLGKLACVDSQKPLPDPHLSKLACVDSPKPLPGPHLEPSCLSRGAHEKFSVEEYLVHALQGSVSSGQAHSLTSLAKTWAARGSRSREPSPKTEDNEGVLLTEKLKPVDYEYREEVHWATHQLRLGRGSFGEVHRMEDKQTGFQCAVKKVRLEVFRAEELMACAGLTSPRIVPLYGAVREGPWVNIFMELLEGGSLGQLVKEQGCLPEDRALYYLGQALEGLEYLHSRRILHGDVKADNVLLSSDGSHAALCDFGHAVCLQPDGLGKSLLTGDYIPGTETHMAPEVVLGRSCDAKVDVWSSCCMMLHMLNGCHPWTQFFRGPLCLKIASEPPPVREIPPSCAPLTAQAIQEGLRKEPIHRVSAAELGGKVNRALQQVGGLKSPWRGEYKEPRHPPPNQANYHQTLHAQPRELSPRAPGPRPAEETTGRAPKLQPPLPPEPPEPNKSPPLTLSKEESGMWEPLPLSSLEPAPARNPSSPERKATVPEQELQQLEIELFLNSLSQPFSLEEQEQILSCLSIDSLSLSDDSEKNPSKASQSSRDTLSSGVHSWSSQAEARSSSWNMVLARGRPTDTPSYFNGVKVQIQSLNGEHLHIREFHRVKVGDIATGISSQIPAAAFSLVTKDGQPVRYDMEVPDSGIDLQCTLAPDGSFAWSWRVKHGQLENRP",199,"CAVK","HGD","DFG","STE Ser/Thr","SerineThreonine",1,1,1,1247,"MAP3K14",">ENSP00000482657.1","ENST00000376926.7","ENSG00000006062.12","OTTHUMG00000180364.5","-",947,"MAVMEMACPGAPGSAVGQQKELPKAKEKTPPLGKKQSSVYKLEAVEKSPVFCGKWEILNDVITKGTAKEGSEAGPAAISIIAQAECENSQEFSPTFSERIFIAGSKQYSQSESLDQIPNNVAHATEGKMARVCWKGKRRSKARKKRKKKSSKSLAHAGVALAKPLPRTPEQESCTIPVQEDESPLGAPYVRNTPQFTKPLKEPGLGQLCFKQLGEGLRPALPRSELHKLISPLQCLNHVWKLHHPQDGGPLPLPTHPFPYSRLPHPFPFHPLQPWKPHPLESFLGKLACVDSQKPLPDPHLSKLACVDSPKPLPGPHLEPSCLSRGAHEKFSVEEYLVHALQGSVSSGQAHSLTSLAKTWAARGSRSREPSPKTEDNEGVLLTEKLKPVDYEYREEVHWATHQLRLGRGSFGEVHRMEDKQTGFQCAVKKVRLEVFRAEELMACAGLTSPRIVPLYGAVREGPWVNIFMELLEGGSLGQLVKEQGCLPEDRALYYLGQALEGLEYLHSRRILHGDVKADNVLLSSDGSHAALCDFGHAVCLQPDGLGKSLLTGDYIPGTETHMAPEVVLGRSCDAKVDVWSSCCMMLHMLNGCHPWTQFFRGPLCLKIASEPPPVREIPPSCAPLTAQAIQEGLRKEPIHRVSAAELGGKVNRALQQVGGLKSPWRGEYKEPRHPPPNQANYHQTLHAQPRELSPRAPGPRPAEETTGRAPKLQPPLPPEPPEPNKSPPLTLSKEESGMWEPLPLSSLEPAPARNPSSPERKATVPEQELQQLEIELFLNSLSQPFSLEEQEQILSCLSIDSLSLSDDSEKNPSKASQSSRDTLSSGVHSWSSQAEARSSSWNMVLARGRPTDTPSYFNGVKVQIQSLNGEHLHIREFHRVKVGDIATGISSQIPAAAFSLVTKDGQPVRYDMEVPDSGIDLQCTLAPDGSFAWSWRVKHGQLENRP","NIK","MAP3K14",NA,"NIK","SK253","CAVK","HGD","DFG","",1,1,1,TRUE,1,1,1,426,429,513,NA,NA,534,NA,NA,513,514,515,534,535,536,546,606,"LGKSLLTGDYIPGTETHMAPEVVLGRSCDAKVDVWSSCCMMLHMLNGCHPWTQFFRGPLCL",1,19,564,1,20,564,1,13,564,0,NA,NA,0,NA,NA,1,19,564,0,NA,NA,0,NA,NA,0,NA,NA,0,NA,NA,1,13,564,0,NA,NA,0,NA,NA,564,564,564,564,564,564,564,564,564,564,564,564,564,564,564,564,564,564,564,564,564,564,564,550,551,552,553,554,555,556,557,558,559,560,561,562,563,564,565,566,"L","L","T","G","D","Y","I","P","G","T","E","T","H","M","A","P","E","A P E","P E",558,"G",566,384,425,"EKLKPVDYEYREEVHWATHQLRLGRGSFGEVHRMEDKQTGFQ",1,24,407,1,24,407,0,NA,NA,1,26,407,0,NA,NA,0,NA,NA,0,NA,NA,1,26,407,1,24,407,1,24,407,0,NA,NA,0,NA,NA,407,407,407,407,407,407,407,407,407,407,407,407,407,407,407,407,407,407,407,407,407,"GRGSFG","G","R","G","S","F","G",407,408,409,410,411,412,"G G G","GRGSFGEVHRMEDKQTGFQCAVKKVRLEVFRAEELMACAGLTSPRIVPLYGAVREGPWVNIFMELLEGGSLGQLVKEQGCLPEDRALYYLGQALEGLEYLHSRRILHGDVKADNVLLSSDGSHAALCDFGHAVCLQPDGLGKSLLTGDYIPGTETHMAPE",434,459,"EVFRAEELMACAGLTSPRIVPLYGAV",0,NA,NA,0,NA,NA,0,NA,NA,0,NA,NA,0,NA,NA,NA,NA,NA,NA,NA,NA,NA,NA,"MAP3K14_514_NCIH2106_LUNG_G"
"24","MAPKAPK2","185","R","1","206902810","206902810","+","Missense_Mutation","SNP","NCIH1048_LUNG","c.554G>A","c.(553-555)CGG>CAG","p.R185Q","","","","Q","MAPKAPK2-001",400,"MLSNSQGQSPPVPFPAPAPPPQPPTPALPHPPAQPPPPPPQQFPQFHVKSGLQIKKNAIIDDYKVTSQVLGLGINGKVLQIFNKRTQEKFALKMLQDCPKARREVELHWRASQCPHIVRIVDVYENLYAGRKCLLIVMECLDGGELFSRIQDRGDQAFTEREASEIMKSIGEAIQYLHSINIAHRDVKPENLLYTSKRPNAILKLTDFGFAKETTSHNSLTTPCYTPYYVAPEVLGPEKYDKSCDMWSLGVIMYILLCGYPPFYSNHGLAISPGMKTRIRMGQYEFPNPEWSEVSEEVKMLIRNLLKTEPTQRMTITEFMNHPWIMQSTKVPQTPLHTSRVLKEDKERWEDVKEEMTSALATMRVDYEQIKIKKIEDASNPLLLKRRKKARALEAAALAH",228,"FALK","HRD","DFG","CAMK Ser/Thr","SerineThreonine",1,1,1,1432,"MAPKAPK2",">ENSP00000356070.3","ENST00000367103.3","ENSG00000162889.9","OTTHUMG00000036342.1","OTTHUMT00000088465.1",400,"MLSNSQGQSPPVPFPAPAPPPQPPTPALPHPPAQPPPPPPQQFPQFHVKSGLQIKKNAIIDDYKVTSQVLGLGINGKVLQIFNKRTQEKFALKMLQDCPKARREVELHWRASQCPHIVRIVDVYENLYAGRKCLLIVMECLDGGELFSRIQDRGDQAFTEREASEIMKSIGEAIQYLHSINIAHRDVKPENLLYTSKRPNAILKLTDFGFAKETTSHNSLTTPCYTPYYVAPEVLGPEKYDKSCDMWSLGVIMYILLCGYPPFYSNHGLAISPGMKTRIRMGQYEFPNPEWSEVSEEVKMLIRNLLKTEPTQRMTITEFMNHPWIMQSTKVPQTPLHTSRVLKEDKERWEDVKEEMTSALATMRVDYEQIKIKKIEDASNPLLLKRRKKARALEAAALAH","MAPKAPK2","MAPKAPK2",NA,"MAPKAPK2","SK212","FALK","HRD","DFG","",1,1,1,TRUE,1,1,1,90,93,184,NA,NA,207,NA,NA,184,185,186,207,208,209,219,279,"SLTTPCYTPYYVAPEVLGPEKYDKSCDMWSLGVIMYILLCGYPPFYSNHGLAISPGMKTRI",1,13,231,2,14,231,0,NA,NA,0,NA,NA,0,NA,NA,1,13,231,0,NA,NA,0,NA,NA,0,NA,NA,0,NA,NA,0,NA,NA,1,11,231,0,NA,NA,231,231,231,231,231,231,231,231,231,231,231,231,231,231,231,231,231,231,231,231,231,231,231,217,218,219,220,221,222,223,224,225,226,227,228,229,230,231,232,233,"H","N","S","L","T","T","P","C","Y","T","P","Y","Y","V","A","P","E","A P E","P E",225,"Y",233,48,89,"VKSGLQIKKNAIIDDYKVTSQVLGLGINGKVLQIFNKRTQEK",1,24,71,0,NA,NA,0,NA,NA,0,NA,NA,0,NA,NA,0,NA,NA,0,NA,NA,1,26,71,1,24,71,1,24,71,0,NA,NA,0,NA,NA,71,71,71,71,71,71,71,71,71,71,71,71,71,71,71,71,71,71,71,71,71,"GLGING","G","L","G","I","N","G",71,72,73,74,75,76,"G G G","GLGINGKVLQIFNKRTQEKFALKMLQDCPKARREVELHWRASQCPHIVRIVDVYENLYAGRKCLLIVMECLDGGELFSRIQDRGDQAFTEREASEIMKSIGEAIQYLHSINIAHRDVKPENLLYTSKRPNAILKLTDFGFAKETTSHNSLTTPCYTPYYVAPE",98,123,"CPKARREVELHWRASQCPHIVRIVDV",0,NA,NA,0,NA,NA,0,NA,NA,1,7,104,0,NA,NA,NA,NA,NA,NA,104,104,104,"E","MAPKAPK2_185_NCIH1048_LUNG_R"
"26","MST1R","1207","R","3","49928653","49928653","+","Missense_Mutation","SNP","SNUC2A_LARGE_INTESTINE","c.3621G>T","c.(3619-3621)AGG>AGT","p.R1207S","","","","S","MST1R-001",1400,"MELLPPLPQSFLLLLLLPAKPAAGEDWQCPRTPYAASRDFDVKYVVPSFSAGGLVQAMVTYEGDRNESAVFVAIRNRLHVLGPDLKSVQSLATGPAGDPGCQTCAACGPGPHGPPGDTDTKVLVLDPALPALVSCGSSLQGRCFLHDLEPQGTAVHLAAPACLFSAHHNRPDDCPDCVASPLGTRVTVVEQGQASYFYVASSLDAAVAASFSPRSVSIRRLKADASGFAPGFVALSVLPKHLVSYSIEYVHSFHTGAFVYFLTVQPASVTDDPSALHTRLARLSATEPELGDYRELVLDCRFAPKRRRRGAPEGGQPYPVLRVAHSAPVGAQLATELSIAEGQEVLFGVFVTGKDGGPGVGPNSVVCAFPIDLLDTLIDEGVERCCESPVHPGLRRGLDFFQSPSFCPNPPGLEALSPNTSCRHFPLLVSSSFSRVDLFNGLLGPVQVTALYVTRLDNVTVAHMGTMDGRILQVELVRSLNYLLYVSNFSLGDSGQPVQRDVSRLGDHLLFASGDQVFQVPIQGPGCRHFLTCGRCLRAWHFMGCGWCGNMCGQQKECPGSWQQDHCPPKLTEFHPHSGPLRGSTRLTLCGSNFYLHPSGLVPEGTHQVTVGQSPCRPLPKDSSKLRPVPRKDFVEEFECELEPLGTQAVGPTNVSLTVTNMPPGKHFRVDGTSVLRGFSFMEPVLIAVQPLFGPRAGGTCLTLEGQSLSVGTSRAVLVNGTECLLARVSEGQLLCATPPGATVASVPLSLQVGGAQVPGSWTFQYREDPVVLSISPNCGYINSHITICGQHLTSAWHLVLSFHDGLRAVESRCERQLPEQQLCRLPEYVVRDPQGWVAGNLSARGDGAAGFTLPGFRFLPPPHPPSANLVPLKPEEHAIKFEYIGLGAVADCVGINVTVGGESCQHEFRGDMVVCPLPPSLQLGQDGAPLQVCVDGECHILGRVVRPGPDGVPQSTLLGILLPLLLLVAALATALVFSYWWRRKQLVLPPNLNDLASLDQTAGATPLPILYSGSDYRSGLALPAIDGLDSTTCVHGASFSDSEDESCVPLLRKESIQLRDLDSALLAEVKDVLIPHERVVTHSDRVIGKGHFGVVYHGEYIDQAQNRIQCAIKSLSRITEMQQVEAFLREGLLMRGLNHPNVLALIGIMLPPEGLPHVLLPYMCHGDLLQFIRSPQRNPTVKDLISFGLQVARGMEYLAEQKFVHRDLAARNCMLDESFTVKVADFGLARDILDREYYSVQQHRHARLPVKWMALESLQTYRFTTKSDVWSFGVLLWELLTRGAPPYRHIDPFDLTHFLAQGRRLPQPEYCPDSLYQVMQQCWEADPAVRPTFRVLVGEVEQIVSALLGDHYVQLPATYMNLGPSTSHEMNVRPEQPQFSPMPGNVRRPRPLSEPPRPT",249,"CAIK","HRD","DFG","Tyr Kinase","Tyrosine",1,1,1,1613,"MST1R",">ENSP00000296474.3","ENST00000296474.6","ENSG00000164078.11","OTTHUMG00000156709.5","OTTHUMT00000345403.2",1400,"MELLPPLPQSFLLLLLLPAKPAAGEDWQCPRTPYAASRDFDVKYVVPSFSAGGLVQAMVTYEGDRNESAVFVAIRNRLHVLGPDLKSVQSLATGPAGDPGCQTCAACGPGPHGPPGDTDTKVLVLDPALPALVSCGSSLQGRCFLHDLEPQGTAVHLAAPACLFSAHHNRPDDCPDCVASPLGTRVTVVEQGQASYFYVASSLDAAVAASFSPRSVSIRRLKADASGFAPGFVALSVLPKHLVSYSIEYVHSFHTGAFVYFLTVQPASVTDDPSALHTRLARLSATEPELGDYRELVLDCRFAPKRRRRGAPEGGQPYPVLRVAHSAPVGAQLATELSIAEGQEVLFGVFVTGKDGGPGVGPNSVVCAFPIDLLDTLIDEGVERCCESPVHPGLRRGLDFFQSPSFCPNPPGLEALSPNTSCRHFPLLVSSSFSRVDLFNGLLGPVQVTALYVTRLDNVTVAHMGTMDGRILQVELVRSLNYLLYVSNFSLGDSGQPVQRDVSRLGDHLLFASGDQVFQVPIQGPGCRHFLTCGRCLRAWHFMGCGWCGNMCGQQKECPGSWQQDHCPPKLTEFHPHSGPLRGSTRLTLCGSNFYLHPSGLVPEGTHQVTVGQSPCRPLPKDSSKLRPVPRKDFVEEFECELEPLGTQAVGPTNVSLTVTNMPPGKHFRVDGTSVLRGFSFMEPVLIAVQPLFGPRAGGTCLTLEGQSLSVGTSRAVLVNGTECLLARVSEGQLLCATPPGATVASVPLSLQVGGAQVPGSWTFQYREDPVVLSISPNCGYINSHITICGQHLTSAWHLVLSFHDGLRAVESRCERQLPEQQLCRLPEYVVRDPQGWVAGNLSARGDGAAGFTLPGFRFLPPPHPPSANLVPLKPEEHAIKFEYIGLGAVADCVGINVTVGGESCQHEFRGDMVVCPLPPSLQLGQDGAPLQVCVDGECHILGRVVRPGPDGVPQSTLLGILLPLLLLVAALATALVFSYWWRRKQLVLPPNLNDLASLDQTAGATPLPILYSGSDYRSGLALPAIDGLDSTTCVHGASFSDSEDESCVPLLRKESIQLRDLDSALLAEVKDVLIPHERVVTHSDRVIGKGHFGVVYHGEYIDQAQNRIQCAIKSLSRITEMQQVEAFLREGLLMRGLNHPNVLALIGIMLPPEGLPHVLLPYMCHGDLLQFIRSPQRNPTVKDLISFGLQVARGMEYLAEQKFVHRDLAARNCMLDESFTVKVADFGLARDILDREYYSVQQHRHARLPVKWMALESLQTYRFTTKSDVWSFGVLLWELLTRGAPPYRHIDPFDLTHFLAQGRRLPQPEYCPDSLYQVMQQCWEADPAVRPTFRVLVGEVEQIVSALLGDHYVQLPATYMNLGPSTSHEMNVRPEQPQFSPMPGNVRRPRPLSEPPRPT","RON","MST1R",NA,"RON","SK332","CAIK","HRD","DFG","",1,1,1,TRUE,1,1,1,1111,1114,1206,NA,NA,1226,NA,NA,1206,1207,1208,1226,1227,1228,1238,1298,"YYSVQQHRHARLPVKWMALESLQTYRFTTKSDVWSFGVLLWELLTRGAPPYRHIDPFDLTH",0,NA,NA,0,NA,NA,0,NA,NA,0,NA,NA,0,NA,NA,1,18,1255,0,NA,NA,0,NA,NA,0,NA,NA,0,NA,NA,0,NA,NA,0,NA,NA,0,NA,NA,NA,NA,NA,NA,NA,NA,NA,NA,NA,NA,NA,NA,NA,NA,NA,NA,1255,1255,1255,1255,1255,1255,1255,1241,1242,1243,1244,1245,1246,1247,1248,1249,1250,1251,1252,1253,1254,1255,1256,1257,"V","Q","Q","H","R","H","A","R","L","P","V","K","W","M","A","L","E","A L E","L E",1249,"L",1257,1069,1110,"EVKDVLIPHERVVTHSDRVIGKGHFGVVYHGEYIDQAQNRIQ",1,21,1089,1,21,1089,0,NA,NA,1,23,1089,0,NA,NA,0,NA,NA,0,NA,NA,1,23,1089,1,21,1089,1,21,1089,0,NA,NA,0,NA,NA,1089,1089,1089,1089,1089,1089,1089,1089,1089,1089,1089,1089,1089,1089,1089,1089,1089,1089,1089,1089,1089,"GKGHFG","G","K","G","H","F","G",1089,1090,1091,1092,1093,1094,"G G G","GKGHFGVVYHGEYIDQAQNRIQCAIKSLSRITEMQQVEAFLREGLLMRGLNHPNVLALIGIMLPPEGLPHVLLPYMCHGDLLQFIRSPQRNPTVKDLISFGLQVARGMEYLAEQKFVHRDLAARNCMLDESFTVKVADFGLARDILDREYYSVQQHRHARLPVKWMALE",1119,1144,"ITEMQQVEAFLREGLLMRGLNHPNVL",0,NA,NA,0,NA,NA,1,13,1131,2,8,1126,0,NA,NA,NA,NA,1131,1131,1131,1131,1131,"E","MST1R_1207_SNUC2A_LARGE_INTESTINE_R"
"27","MST1R","185","R","3","49940490","49940490","+","Missense_Mutation","SNP","HCT15_LARGE_INTESTINE","c.553C>A","c.(553-555)CGT>AGT","p.R185S","","","","S","MST1R-011",285,"XQSTLLGILLPLLLLVAALATALVFSYWWRRKQLVLPPNLNDLASLDQTAGATPLPILYSGSDYRSGLGHFGVVYHGEYIDQAQNRIQCAIKSLSRITEMQQVEAFLREGLLMRGLNHPNVLALIGIMLPPEGLPHVLLPYMCHGDLLQFIRSPQRNPTVKDLISFGLQVARGMEYLAEQKFVHRDLAARNCMLDESFTVKVADFGLARDILDREYYSVQQHRHARLPVKWMALESLQTYRFTTKSDVWSFGVLLWELLTRGAPPYRHIDPFDLTHFLAQGRRLP",249,"CAIK","HRD","DFG","Tyr Kinase","Tyrosine",1,1,1,1617,"MST1R",">ENSP00000393294.1","ENST00000434765.4","ENSG00000164078.11","OTTHUMG00000156709.5","OTTHUMT00000345427.3",285,"XQSTLLGILLPLLLLVAALATALVFSYWWRRKQLVLPPNLNDLASLDQTAGATPLPILYSGSDYRSGLGHFGVVYHGEYIDQAQNRIQCAIKSLSRITEMQQVEAFLREGLLMRGLNHPNVLALIGIMLPPEGLPHVLLPYMCHGDLLQFIRSPQRNPTVKDLISFGLQVARGMEYLAEQKFVHRDLAARNCMLDESFTVKVADFGLARDILDREYYSVQQHRHARLPVKWMALESLQTYRFTTKSDVWSFGVLLWELLTRGAPPYRHIDPFDLTHFLAQGRRLP","RON","MST1R",NA,"RON","SK332","CAIK","HRD","DFG","",1,1,1,TRUE,1,1,1,89,92,184,NA,NA,204,NA,NA,184,185,186,204,205,206,216,276,"YYSVQQHRHARLPVKWMALESLQTYRFTTKSDVWSFGVLLWELLTRGAPPYRHIDPFDLTH",0,NA,NA,0,NA,NA,0,NA,NA,0,NA,NA,0,NA,NA,1,18,233,0,NA,NA,0,NA,NA,0,NA,NA,0,NA,NA,0,NA,NA,0,NA,NA,0,NA,NA,NA,NA,NA,NA,NA,NA,NA,NA,NA,NA,NA,NA,NA,NA,NA,NA,233,233,233,233,233,233,233,219,220,221,222,223,224,225,226,227,228,229,230,231,232,233,234,235,"V","Q","Q","H","R","H","A","R","L","P","V","K","W","M","A","L","E","A L E","L E",227,"L",235,47,88,"DQTAGATPLPILYSGSDYRSGLGHFGVVYHGEYIDQAQNRIQ",1,21,67,1,21,67,0,NA,NA,1,23,67,0,NA,NA,0,NA,NA,0,NA,NA,1,23,67,1,21,67,1,21,67,0,NA,NA,0,NA,NA,67,67,67,67,67,67,67,67,67,67,67,67,67,67,67,67,67,67,67,67,67,"GLGHFG","G","L","G","H","F","G",67,68,69,70,71,72,"G G G","GLGHFGVVYHGEYIDQAQNRIQCAIKSLSRITEMQQVEAFLREGLLMRGLNHPNVLALIGIMLPPEGLPHVLLPYMCHGDLLQFIRSPQRNPTVKDLISFGLQVARGMEYLAEQKFVHRDLAARNCMLDESFTVKVADFGLARDILDREYYSVQQHRHARLPVKWMALE",97,122,"ITEMQQVEAFLREGLLMRGLNHPNVL",0,NA,NA,0,NA,NA,1,13,109,2,8,104,0,NA,NA,NA,NA,109,109,109,109,109,"E","MST1R_185_HCT15_LARGE_INTESTINE_R"
"28","TSSK6","134","R","19","19625836","19625836","+","Missense_Mutation","SNP","KMH2_HAEMATOPOIETIC_AND_LYMPHOID_TISSUE","c.401G>A","c.(400-402)CGC>CAC","p.R134H","","","","H","TSSK6-001",273,"MSGDKLLSELGYKLGRTIGEGSYSKVKVATSKKYKGTVAIKVVDRRRAPPDFVNKFLPRELSILRGVRHPHIVHVFEFIEVCNGKLYIVMEAAATDLLQAVQRNGRIPGVQARDLFAQIAGAVRYLHDHHLVHRDLKCENVLLSPDERRVKLTDFGFGRQAHGYPDLSTTYCGSAAYASPEVLLGIPYDPKKYDVWSMGVVLYVMVTGCMPFDDSDIAGLPRRQKRGVLYPEGLELSERCKALIAELLQFSPSARPSAGQVARNCWLRAGDSG",416,"VAIK","HRD","DFG","CAMK Ser/Thr","SerineThreonine",1,1,1,2570,"TSSK6",">ENSP00000466477.1","ENST00000585580.3","ENSG00000178093.13","OTTHUMG00000182146.4","OTTHUMT00000459734.3",273,"MSGDKLLSELGYKLGRTIGEGSYSKVKVATSKKYKGTVAIKVVDRRRAPPDFVNKFLPRELSILRGVRHPHIVHVFEFIEVCNGKLYIVMEAAATDLLQAVQRNGRIPGVQARDLFAQIAGAVRYLHDHHLVHRDLKCENVLLSPDERRVKLTDFGFGRQAHGYPDLSTTYCGSAAYASPEVLLGIPYDPKKYDVWSMGVVLYVMVTGCMPFDDSDIAGLPRRQKRGVLYPEGLELSERCKALIAELLQFSPSARPSAGQVARNCWLRAGDSG","SSTK","TSSK6",NA,"SSTK","SK524","VAIK","HRD","DFG","",1,1,1,TRUE,1,1,1,38,41,133,NA,NA,154,NA,NA,133,134,135,154,155,156,166,226,"DLSTTYCGSAAYASPEVLLGIPYDPKKYDVWSMGVVLYVMVTGCMPFDDSDIAGLPRRQKR",0,NA,NA,1,15,179,0,NA,NA,0,NA,NA,0,NA,NA,0,NA,NA,0,NA,NA,0,NA,NA,0,NA,NA,0,NA,NA,1,8,179,0,NA,NA,0,NA,NA,NA,NA,NA,NA,179,179,179,179,179,179,179,179,179,179,179,179,179,179,179,179,179,179,179,165,166,167,168,169,170,171,172,173,174,175,176,177,178,179,180,181,"P","D","L","S","T","T","Y","C","G","S","A","A","Y","A","S","P","E","S P E","P E",173,"G",181,1,37,"MSGDKLLSELGYKLGRTIGEGSYSKVKVATSKKYKGT",0,NA,NA,0,NA,NA,1,19,19,0,NA,NA,0,NA,NA,1,19,19,0,NA,NA,0,NA,NA,0,NA,NA,1,19,19,0,NA,NA,0,NA,NA,NA,NA,NA,NA,19,19,19,19,19,19,19,19,19,19,19,19,19,19,19,19,19,"GEGSYS","G","E","G","S","Y","S",19,20,21,22,23,24,"G G S","GEGSYSKVKVATSKKYKGTVAIKVVDRRRAPPDFVNKFLPRELSILRGVRHPHIVHVFEFIEVCNGKLYIVMEAAATDLLQAVQRNGRIPGVQARDLFAQIAGAVRYLHDHHLVHRDLKCENVLLSPDERRVKLTDFGFGRQAHGYPDLSTTYCGSAAYASPE",46,71,"RRAPPDFVNKFLPRELSILRGVRHPH",1,15,60,1,15,60,0,NA,NA,0,NA,NA,0,NA,NA,60,60,60,60,60,60,60,"E","TSSK6_134_KMH2_HAEMATOPOIETIC_AND_LYMPHOID_TISSUE_R"
"30","ULK1","137","R","12","132393282","132393282","+","Missense_Mutation","SNP","MOLT13_HAEMATOPOIETIC_AND_LYMPHOID_TISSUE","c.410G>A","c.(409-411)CGC>CAC","p.R137H","","","","H","ULK1-001",1050,"MEPGRGGTETVGKFEFSRKDLIGHGAFAVVFKGRHREKHDLEVAVKCINKKNLAKSQTLLGKEIKILKELKHENIVALYDFQEMANSVYLVMEYCNGGDLADYLHAMRTLSEDTIRLFLQQIAGAMRLLHSKGIIHRDLKPQNILLSNPAGRRANPNSIRVKIADFGFARYLQSNMMAATLCGSPMYMAPEVIMSQHYDGKADLWSIGTIVYQCLTGKAPFQASSPQDLRLFYEKNKTLVPTIPRETSAPLRQLLLALLQRNHKDRMDFDEFFHHPFLDASPSVRKSPPVPVPSYPSSGSGSSSSSSSTSHLASPPSLGEMQQLQKTLASPADTAGFLHSSRDSGGSKDSSCDTDDFVMVPAQFPGDLVAEAPSAKPPPDSLMCSGSSLVASAGLESHGRTPSPSPPCSSSPSPSGRAGPFSSSRCGASVPIPVPTQVQNYQRIERNLQSPTQFQTPRSSAIRRSGSTSPLGFARASPSPPAHAEHGGVLARKMSLGGGRPYTPSPQVGTIPERPGWSGTPSPQGAEMRGGRSPRPGSSAPEHSPRTSGLGCRLHSAPNLSDLHVVRPKLPKPPTDPLGAVFSPPQASPPQPSHGLQSCRNLRGSPKLPDFLQRNPLPPILGSPTKAVPSFDFPKTPSSQNLLALLARQGVVMTPPRNRTLPDLSEVGPFHGQPLGPGLRPGEDPKGPFGRSFSTSRLTDLLLKAAFGTQAPDPGSTESLQEKPMEIAPSAGFGGSLHPGARAGGTSSPSPVVFTVGSPPSGSTPPQGPRTRMFSAGPTGSASSSARHLVPGPCSEAPAPELPAPGHGCSFADPITANLEGAVTFEAPDLPEETLMEQEHTEILRGLRFTLLFVQHVLEIAALKGSASEAAGGPEYQLQESVVADQISLLSREWGFAEQLVLYLKVAELLSSGLQSAIDQIRAGKLCLSSTVKQVVRRLNELYKASVVSCQGLSLRLQRFFLDKQRLLDRIHSITAERLIFSHAVQMVQSAALDEMFQHREGCVPRYHKALLLLEGLQHMLSDQADIENVTKCKLCIERRLSALLTGICA",424,"VAVK","HRD","DFG","Other","Other",1,1,1,2615,"ULK1",">ENSP00000324560.3","ENST00000321867.5","ENSG00000177169.8","OTTHUMG00000168052.5","OTTHUMT00000397769.3",1050,"MEPGRGGTETVGKFEFSRKDLIGHGAFAVVFKGRHREKHDLEVAVKCINKKNLAKSQTLLGKEIKILKELKHENIVALYDFQEMANSVYLVMEYCNGGDLADYLHAMRTLSEDTIRLFLQQIAGAMRLLHSKGIIHRDLKPQNILLSNPAGRRANPNSIRVKIADFGFARYLQSNMMAATLCGSPMYMAPEVIMSQHYDGKADLWSIGTIVYQCLTGKAPFQASSPQDLRLFYEKNKTLVPTIPRETSAPLRQLLLALLQRNHKDRMDFDEFFHHPFLDASPSVRKSPPVPVPSYPSSGSGSSSSSSSTSHLASPPSLGEMQQLQKTLASPADTAGFLHSSRDSGGSKDSSCDTDDFVMVPAQFPGDLVAEAPSAKPPPDSLMCSGSSLVASAGLESHGRTPSPSPPCSSSPSPSGRAGPFSSSRCGASVPIPVPTQVQNYQRIERNLQSPTQFQTPRSSAIRRSGSTSPLGFARASPSPPAHAEHGGVLARKMSLGGGRPYTPSPQVGTIPERPGWSGTPSPQGAEMRGGRSPRPGSSAPEHSPRTSGLGCRLHSAPNLSDLHVVRPKLPKPPTDPLGAVFSPPQASPPQPSHGLQSCRNLRGSPKLPDFLQRNPLPPILGSPTKAVPSFDFPKTPSSQNLLALLARQGVVMTPPRNRTLPDLSEVGPFHGQPLGPGLRPGEDPKGPFGRSFSTSRLTDLLLKAAFGTQAPDPGSTESLQEKPMEIAPSAGFGGSLHPGARAGGTSSPSPVVFTVGSPPSGSTPPQGPRTRMFSAGPTGSASSSARHLVPGPCSEAPAPELPAPGHGCSFADPITANLEGAVTFEAPDLPEETLMEQEHTEILRGLRFTLLFVQHVLEIAALKGSASEAAGGPEYQLQESVVADQISLLSREWGFAEQLVLYLKVAELLSSGLQSAIDQIRAGKLCLSSTVKQVVRRLNELYKASVVSCQGLSLRLQRFFLDKQRLLDRIHSITAERLIFSHAVQMVQSAALDEMFQHREGCVPRYHKALLLLEGLQHMLSDQADIENVTKCKLCIERRLSALLTGICA","ULK1","ULK1",NA,"ULK1","SK387","VAVK","HRD","DFG","",1,1,1,TRUE,1,1,1,43,46,136,NA,NA,165,NA,NA,136,137,138,165,166,167,177,237,"MAATLCGSPMYMAPEVIMSQHYDGKADLWSIGTIVYQCLTGKAPFQASSPQDLRLFYEKNK",1,13,189,1,14,189,0,NA,NA,0,NA,NA,0,NA,NA,1,13,189,0,NA,NA,0,NA,NA,1,32,214,0,NA,NA,1,7,189,1,11,189,0,NA,NA,189,189,189,189,189,189,189,189,189,189,189,189,189,189,189,189,189,189,189,189,189,189,189,175,176,177,178,179,180,181,182,183,184,185,186,187,188,189,190,191,"N","M","M","A","A","T","L","C","G","S","P","M","Y","M","A","P","E","A P E","P E",183,"G",191,1,42,"MEPGRGGTETVGKFEFSRKDLIGHGAFAVVFKGRHREKHDLE",0,NA,NA,1,23,23,0,NA,NA,0,NA,NA,1,23,23,0,NA,NA,0,NA,NA,1,4,2,1,7,7,2,4,4,0,NA,NA,1,6,4,23,23,23,23,23,23,23,23,23,23,23,23,23,23,23,23,23,23,23,23,23,"GHGAFA","G","H","G","A","F","A",23,24,25,26,27,28,"G G A","GHGAFAVVFKGRHREKHDLEVAVKCINKKNLAKSQTLLGKEIKILKELKHENIVALYDFQEMANSVYLVMEYCNGGDLADYLHAMRTLSEDTIRLFLQQIAGAMRLLHSKGIIHRDLKPQNILLSNPAGRRANPNSIRVKIADFGFARYLQSNMMAATLCGSPMYMAPE",51,76,"KNLAKSQTLLGKEIKILKELKHENIV",1,13,63,1,13,63,0,NA,NA,0,NA,NA,0,NA,NA,63,63,63,63,63,63,63,"E","ULK1_137_MOLT13_HAEMATOPOIETIC_AND_LYMPHOID_TISSUE_R"
