"","Gene","Codon","AA","X","entrez_gene_id","case_id","sequencing_center","mutation_status","mutation_type","validation_status","amino_acid_change","functional_impact_score","xvar_link","xvar_link_pdb","xvar_link_msa","chr","start_position","end_position","reference_allele","variant_allele","reference_read_count_tumor","variant_read_count_tumor","reference_read_count_normal","variant_read_count_normal","genetic_profile_id","VarAA","f","Length","Protein_Seq","VAIKmotif","HRDmotif","DFGmotif","X.x","Family","Secondary.Family","numberofVAIK.x","numberofHRD.x","numberofDFG.x","X.1","a","b","c","d","e","HunterName","newname","X.y","Hunter","Accession","Notes...altnames","numberofVAIK.y","numberofHRD.y","numberofDFG.y","DUP","VAIKtouse","HRDtouse","DFGtouse","firstVAIK","actual_lysine","firstHRD","secondHRD","thirdHRD","firstDFG","secondDFG","thirdDFG","actual_DFG_D","actual_DFG_F","actual_DFG_G","actual_HRD_H","actual_HRD_R","actual_HRD_D","actual_HRDp5","actual_HRDp5_letter","HRD_m14loc","HRD_m13loc","HRD_m12loc","HRD_m11loc","HRD_m10loc","HRD_m9loc","HRD_m8loc","HRD_m7loc","HRD_m6loc","HRD_m5loc","HRD_m4loc","HRD_m3loc","HRD_m2loc","HRD_m1loc","HRD_H1loc","HRD_R1loc","HRD_D1loc","HRD_m14","HRD_m13","HRD_m12","HRD_m11","HRD_m10","HRD_m9","HRD_m8","HRD_m7","HRD_m6","HRD_m5","HRD_m4","HRD_m3","HRD_m2","HRD_m1","HRD_H1","HRD_R1","HRD_D1","HRDm6_loc","HRDm6","APEfragstart","APEfragend","APEfrag","numAPE","APELoc","locAPEprotein","numPE","PELoc","locPEprotein","numGTx6E","GTx6ELoc","locGTx6Eprotein","numGTx5NE","GTx5NELoc","locGTx5NEprotein","numGTx6D","GTx6DLoc","locGTx6Dprotein","numAxE","AxELoc","locAxEprotein","numAPD","APDLoc","locAPDprotein","numPPD","PPDLoc","locPPDprotein","numGTxxY","GTxxYLoc","locGTxxYprotein","numPIR","PIRLoc","locPIRprotein","numGx7E","Gx7ELoc","locGx7Eprotein","numYxAP","YxAPLoc","YxAPLocprotein","numWYxxPR","WYxxPRLoc","WYxxPRLocprotein","loc_actual_APE_A","loc_actual_APE_B","loc_actual_APE_C","loc_actual_APE_D","loc_actual_APE_E","loc_actual_APE_F","loc_actual_APE_G","loc_actual_APE_H","loc_actual_APE_I","loc_actual_APE_J","loc_actual_APE_K","loc_actual_APE_L","loc_actual_APE_M","loc_actual_APE_N","loc_actual_APE_O","loc_actual_APE_P","loc_actual_APE_Q","loc_actual_APE_R","loc_actual_APE_S","loc_actual_APE_T","loc_actual_APE_U","loc_actual_APE_V","loc_actual_APE","APE_m14loc","APE_m13loc","APE_m12loc","APE_m11loc","APE_m10loc","APE_m9loc","APE_m8loc","APE_m7loc","APE_m6loc","APE_m5loc","APE_m4loc","APE_m3loc","APE_m2loc","APE_m1loc","APE_A1loc","APE_P1loc","APE_E1loc","APE_m14","APE_m13","APE_m12","APE_m11","APE_m10","APE_m9","APE_m8","APE_m7","APE_m6","APE_m5","APE_m4","APE_m3","APE_m2","APE_m1","APE_A1","APE_P1","APE_E1","APE_MOTIF","PE_MOTIF","correctedG_loc","correctedG","endCAT","GxGfragstart","GxGfragend","GxGfrag","numGxGxxG","GxGxxGLoc","locGxGxxGprotein","numGxGxF","GxGxFLoc","locGxGxFprotein","numGxGxY","GxGxYLoc","locGxGxYprotein","numGxFG","GxFGLoc","locGxFGprotein","numGxGxxA","GxGxxALoc","locGxGxxAprotein","numGxGxxS","GxGxxSLoc","locGxGxxSprotein","numSxGxxG","SxGxxGLoc","locSxGxxGprotein","numGxxG","GxxGLoc","locGxxGprotein","numG4xG","G4xGLoc","locG4xGprotein","numGxG","GxGLoc","locGxGprotein","numGxTxF","GxTxFLoc","locGxTxFprotein","numGG","GGLoc","locGGprotein","loc_actual_gxg_A","loc_actual_gxg_B","loc_actual_gxg_C","loc_actual_gxg_D","loc_actual_gxg_E","loc_actual_gxg_F","loc_actual_gxg_G","loc_actual_gxg_H","loc_actual_gxg_I","loc_actual_gxg_J","loc_actual_gxg_K","loc_actual_gxg_L","loc_actual_gxg_M","loc_actual_gxg_N","loc_actual_gxg_O","loc_actual_gxg_P","loc_actual_gxg_Q","loc_actual_gxg_R","loc_actual_gxg_S","loc_actual_gxg_T","loc_actual_gxg","GxGxxGmotif","GxGxxG_G1","GxGxxG_X1","GxGxxG_G2","GxGxxG_X2","GxGxxG_X3","GxGxxG_G3","GxGxxG_G1loc","GxGxxG_X1loc","GxGxxG_G2loc","GxGxxG_X2loc","GxGxxG_X3loc","GxGxxG_G3loc","GXGXXG_MOTIF","CATALYTIC_FRAG","saltbridgeEfragSTART","saltbridgeEfragEND","saltbridgeEfrag","numExxxL","ExxxLLoc","ExxxLLocprotein","numExxI","ExxILoc","ExxILocprotein","numExxxM","ExxxMLoc","ExxxMLocprotein","numExxL","ExxLLoc","ExxLLocprotein","numQxxxE","QxxxELoc","QxxxELocprotein","loc_actual_saltbridge_A","loc_actual_saltbridge_B","loc_actual_saltbridge_C","loc_actual_saltbridge_D","loc_actual_saltbridge_E","loc_actual_saltbridge_F","loc_actual_saltbridge","checkE","pastedref"
"1","ABL1","401","F","TCGA-EV-5903-01.5",25,"TCGA-EV-5903-01","broad.mit.edu","Somatic","Missense_Mutation","Untested","F401L","M","getma.org/?cm=var&var=hg19,9,133750315,T,G&fts=all","getma.org/pdb.php?prot=ABL1_HUMAN&from=242&to=493&var=F382L","getma.org/?cm=msa&ty=f&p=ABL1_HUMAN&rb=242&re=493&var=F382L",9,133750315,133750315,"T","G",116,3,137,0,"kirp_tcga_mutations","L","ABL1-002",1149,"MGQQPGKVLGDQRRPSLPALHFIKGAGKKESSRHGGPHCNVFVEHEALQRPVASDFEPQGLSEAARWNSKENLLAGPSENDPNLFVALYDFVASGDNTLSITKGEKLRVLGYNHNGEWCEAQTKNGQGWVPSNYITPVNSLEKHSWYHGPVSRNAAEYLLSSGINGSFLVRESESSPGQRSISLRYEGRVYHYRINTASDGKLYVSSESRFNTLAELVHHHSTVADGLITTLHYPAPKRNKPTVYGVSPNYDKWEMERTDITMKHKLGGGQYGEVYEGVWKKYSLTVAVKTLKEDTMEVEEFLKEAAVMKEIKHPNLVQLLGVCTREPPFYIITEFMTYGNLLDYLRECNRQEVNAVVLLYMATQISSAMEYLEKKNFIHRDLAARNCLVGENHLVKVADFGLSRLMTGDTYTAHAGAKFPIKWTAPESLAYNKFSIKSDVWAFGVLLWEIATYGMSPYPGIDLSQVYELLEKDYRMERPEGCPEKVYELMRACWQWNPSDRPSFAEIHQAFETMFQESSISDEVEKELGKQGVRGAVSTLLQAPELPTKTRTSRRAAEHRDTTDVPEMPHSKGQGESDPLDHEPAVSPLLPRKERGPPEGGLNEDERLLPKDKKTNLFSALIKKKKKTAPTPPKRSSSFREMDGQPERRGAGEEEGRDISNGALAFTPLDTADPAKSPKPSNGAGVPNGALRESGGSGFRSPHLWKKSSTLTSSRLATGEEEGGGSSSKRFLRSCSASCVPHGAKDTEWRSVTLPRDLQSTGRQFDSSTFGGHKSEKPALPRKRAGENRSDQVTRGTVTPPPRLVKKNEEAADEVFKDIMESSPGSSPPNLTPKPLRRQVTVAPASGLPHKEEAGKGSALGTPAAAEPVTPTSKAGSGAPGGTSKGPAEESRVRRHKHSSESPGRDKGKLSRLKPAPPPPPAASAGKAGGKPSQSPSQEAAGEAVLGAKTKATSLVDAVNSDAAKPSQPGEGLKKPVLPATPKPQSAKPSGTPISPAPVPSTLPSASSALAGDQPSSTAFIPLISTRVSLRKTRQPPERIASGAITKGVVLDSTEALCLAISRNSEQMASHSAVLEAGKNLYTFCVSYVDSIQQMRNKFAFREAINKLENNLRELQICPATAGSGPAATQDFSKLLSSVKEISDIVQR","VAVK","HRD","DFG",3,"Tyr Kinase","Tyrosine",1,2,1,13,">ENSP00000361423.2","ENST00000372348.5","ENSG00000097007.16","OTTHUMG00000020813.2","OTTHUMT00000054685.1","ABL","ABL1",NA,"ABL","SK006","",1,2,1,TRUE,1,1,1,287,290,380,560,NA,400,NA,NA,400,401,402,380,381,382,387,"N",366,367,368,369,370,371,372,373,374,375,376,377,378,379,380,381,382,"I","S","S","A","M","E","Y","L","E","K","K","N","F","I","H","R","D",374,"E",412,472,"YTAHAGAKFPIKWTAPESLAYNKFSIKSDVWAFGVLLWEIATYGMSPYPGIDLSQVYELLE",1,15,426,1,16,426,0,NA,NA,0,NA,NA,0,NA,NA,1,15,426,0,NA,NA,0,NA,NA,0,NA,NA,0,NA,NA,1,50,467,0,NA,NA,0,NA,NA,426,426,426,426,426,426,426,426,426,426,426,426,426,426,426,426,426,426,426,426,426,426,426,412,413,414,415,416,417,418,419,420,421,422,423,424,425,426,427,428,"Y","T","A","H","A","G","A","K","F","P","I","K","W","T","A","P","E","A P E","P E",417,"G",428,245,286,"YGVSPNYDKWEMERTDITMKHKLGGGQYGEVYEGVWKKYSLT",1,24,268,0,NA,NA,1,24,268,0,NA,NA,0,NA,NA,0,NA,NA,0,NA,NA,1,26,268,1,24,268,1,24,268,0,NA,NA,1,24,266,268,268,268,268,268,268,268,268,268,268,268,268,268,268,268,268,268,268,268,268,268,"GGGQYG","G","G","G","Q","Y","G",268,269,270,271,272,273,"G G G","GGGQYGEVYEGVWKKYSLTVAVKTLKEDTMEVEEFLKEAAVMKEIKHPNLVQLLGVCTREPPFYIITEFMTYGNLLDYLRECNRQEVNAVVLLYMATQISSAMEYLEKKNFIHRDLAARNCLVGENHLVKVADFGLSRLMTGDTYTAHAGAKFPIKWTAPE",295,320,"DTMEVEEFLKEAAVMKEIKHPNLVQL",0,NA,NA,0,NA,NA,1,11,305,1,6,300,0,NA,NA,NA,NA,305,305,305,305,305,"E","ABL1_401_TCGA-EV-5903-01_F"
"2","BMPR1B","381","L","TCGA-AP-A059-01.326",658,"TCGA-AP-A059-01","genome.wustl.edu","Somatic","Missense_Mutation","Untested","L381M","M","getma.org/?cm=var&var=hg19,4,96052638,C,A&fts=all","getma.org/pdb.php?prot=BMR1B_HUMAN&from=204&to=491&var=L351M","getma.org/?cm=msa&ty=f&p=BMR1B_HUMAN&rb=204&re=491&var=L351M",4,96052638,96052638,"C","A",65,10,183,0,"ucec_tcga_mutations","M","BMPR1B-201",532,"MGWLEELNWQLHIFLLILLSMHTRANFLDNMLLRSAGKLNVGTKKEDGESTAPTPRPKVLRCKCHHHCPEDSVNNICSTDGYCFTMIEEDDSGLPVVTSGCLGLEGSDFQCRDTPIPHQRRSIECCTERNECNKDLHPTLPPLKNRDFVDGPIHHRALLISVTVCSLLLVLIILFCYFRYKRQETRPRYSIGLEQDETYIPPGESLRDLIEQSQSSGSGSGLPLLVQRTIAKQIQMVKQIGKGRYGEVWMGKWRGEKVAVKVFFTTEEASWFRETEIYQTVLMRHENILGFIAADIKGTGSWTQLYLITDYHENGSLYDYLKSTTLDAKSMLKLAYSSVSGLCHLHTEIFSTQGKPAIAHRDLKSKNILVKKNGTCCIADLGLAVKFISDTNEVDIPPNTRVGTKRYMPPEVLDESLNRNHFQSYIMADMYSFGLILWEVARRCVSGGIVEEYQLPYHDLVPSDPSYEDMREIVCIKKLRPSFPNRWSSDECLRQMGKLMTECWAHNPASRLTALRVKKTLAKMSESQDIKL","VAVK","HRD","DLG",29,"TKL Ser/Thr","SerineThreonine",1,1,1,178,">ENSP00000401907.2","ENST00000440890.5","ENSG00000138696.9","OTTHUMG00000130991.4","-","BMPR1B","BMPR1B",NA,"BMPR1B","SK030","",1,1,1,TRUE,1,1,1,258,261,360,NA,NA,380,NA,NA,380,381,382,360,361,362,367,"N",346,347,348,349,350,351,352,353,354,355,356,357,358,359,360,361,362,"H","T","E","I","F","S","T","Q","G","K","P","A","I","A","H","R","D",354,"G",392,452,"NEVDIPPNTRVGTKRYMPPEVLDESLNRNHFQSYIMADMYSFGLILWEVARRCVSGGIVEE",0,NA,NA,1,19,409,1,12,409,0,NA,NA,0,NA,NA,0,NA,NA,0,NA,NA,0,NA,NA,1,12,409,0,NA,NA,1,12,409,0,NA,NA,0,NA,NA,NA,NA,409,409,409,409,409,409,409,409,409,409,409,409,409,409,409,409,409,409,409,409,409,395,396,397,398,399,400,401,402,403,404,405,406,407,408,409,410,411,"D","I","P","P","N","T","R","V","G","T","K","R","Y","M","P","P","E","P P E","P E",403,"G",411,216,257,"SGSGSGLPLLVQRTIAKQIQMVKQIGKGRYGEVWMGKWRGEK",1,26,241,0,NA,NA,1,26,241,0,NA,NA,0,NA,NA,0,NA,NA,0,NA,NA,1,28,241,1,26,241,2,2,217,0,NA,NA,0,NA,NA,241,241,241,241,241,241,241,241,241,241,241,241,241,241,241,241,241,241,241,241,241,"GKGRYG","G","K","G","R","Y","G",241,242,243,244,245,246,"G G G","GKGRYGEVWMGKWRGEKVAVKVFFTTEEASWFRETEIYQTVLMRHENILGFIAADIKGTGSWTQLYLITDYHENGSLYDYLKSTTLDAKSMLKLAYSSVSGLCHLHTEIFSTQGKPAIAHRDLKSKNILVKKNGTCCIADLGLAVKFISDTNEVDIPPNTRVGTKRYMPPE",266,291,"TEEASWFRETEIYQTVLMRHENILGF",0,NA,NA,1,9,274,0,NA,NA,1,21,286,0,NA,NA,274,274,274,274,274,274,274,"E","BMPR1B_381_TCGA-AP-A059-01_L"
"4","CDK9","168","F","TCGA-D9-A6EC-06.667",1025,"TCGA-D9-A6EC-06","broad.mit.edu","Somatic","Missense_Mutation",NA,"F168S","H","getma.org/?cm=var&var=hg19,9,130550563,T,C&fts=all","getma.org/pdb.php?prot=CDK9_HUMAN&from=19&to=315&var=F168S","getma.org/?cm=msa&ty=f&p=CDK9_HUMAN&rb=19&re=315&var=F168S",9,130550563,130550563,"T","C",24,3,NA,NA,"skcm_tcga_mutations","S","CDK9-001",372,"MAKQYDSVECPFCDEVSKYEKLAKIGQGTFGEVFKARHRKTGQKVALKKVLMENEKEGFPITALREIKILQLLKHENVVNLIEICRTKASPYNRCKGSIYLVFDFCEHDLAGLLSNVLVKFTLSEIKRVMQMLLNGLYYIHRNKILHRDMKAANVLITRDGVLKLADFGLARAFSLAKNSQPNRYTNRVVTLWYRPPELLLGERDYGPPIDLWGAGCIMAEMWTRSPIMQGNTEQHQLALISQLCGSITPEVWPNVDNYELYEKLELVKGQKRKVKDRLKAYVRDPYALDLIDKLLVLDPAQRIDSDDALNHDFFWSDPMPSDLKGMLSTHLTSMFEYLAPPRRKGSQITQQSTNQSRNPATTNQTEFERVF","VALK","HRD","DFG",71,"CMGC Ser/Thr","SerineThreonine",1,1,1,450,">ENSP00000362361.4","ENST00000373264.4","ENSG00000136807.10","OTTHUMG00000020715.2","OTTHUMT00000054235.1","CDK9","CDK9",NA,"CDK9","SK295","",1,1,1,TRUE,1,1,1,45,48,147,NA,NA,167,NA,NA,167,168,169,147,148,149,154,"N",133,134,135,136,137,138,139,140,141,142,143,144,145,146,147,148,149,"L","L","N","G","L","Y","Y","I","H","R","N","K","I","L","H","R","D",141,"H",179,239,"NSQPNRYTNRVVTLWYRPPELLLGERDYGPPIDLWGAGCIMAEMWTRSPIMQGNTEQHQLA",0,NA,NA,1,19,196,0,NA,NA,0,NA,NA,0,NA,NA,0,NA,NA,0,NA,NA,0,NA,NA,0,NA,NA,0,NA,NA,0,NA,NA,0,NA,NA,0,NA,NA,NA,NA,NA,NA,196,196,196,196,196,196,196,196,196,196,196,196,196,196,196,196,196,196,196,182,183,184,185,186,187,188,189,190,191,192,193,194,195,196,197,198,"P","N","R","Y","T","N","R","V","V","T","L","W","Y","R","P","P","E","P P E","P E",190,"V",198,3,44,"KQYDSVECPFCDEVSKYEKLAKIGQGTFGEVFKARHRKTGQK",1,24,26,1,24,26,0,NA,NA,1,26,26,0,NA,NA,0,NA,NA,0,NA,NA,1,26,26,1,24,26,1,24,26,0,NA,NA,0,NA,NA,26,26,26,26,26,26,26,26,26,26,26,26,26,26,26,26,26,26,26,26,26,"GQGTFG","G","Q","G","T","F","G",26,27,28,29,30,31,"G G G","GQGTFGEVFKARHRKTGQKVALKKVLMENEKEGFPITALREIKILQLLKHENVVNLIEICRTKASPYNRCKGSIYLVFDFCEHDLAGLLSNVLVKFTLSEIKRVMQMLLNGLYYIHRNKILHRDMKAANVLITRDGVLKLADFGLARAFSLAKNSQPNRYTNRVVTLWYRPPE",53,78,"ENEKEGFPITALREIKILQLLKHENV",1,14,66,1,14,66,0,NA,NA,0,NA,NA,0,NA,NA,66,66,66,66,66,66,66,"E","CDK9_168_TCGA-D9-A6EC-06_F"
"5","CSNK1D","150","F","TCGA-66-2771-01.255",1453,"TCGA-66-2771-01","broad.mit.edu",NA,"Missense_Mutation","---","F150L","M","getma.org/?cm=var&var=hg19,17,80211007,G,T&fts=all","getma.org/pdb.php?prot=KC1D_HUMAN&from=9&to=280&var=F150L","getma.org/?cm=msa&ty=f&p=KC1D_HUMAN&rb=9&re=280&var=F150L",17,80211007,80211007,"G","T",88,4,NA,NA,"lusc_tcga_pub_mutations","L","CSNK1D-006",427,"MELRVGNRYRLGRKIGSGSFGDIYLGTDIAAGEEVAIKLECVKTKHPQLHIESKIYKMMQGGVGIPTIRWCGAEGDYNVMVMELLGPSLEDLFNFCSRKFSLKTVLLLADQMISRIEYIHSKNFIHRDVKPDNFLMGLGKKGNLVYIIDFGLAKKYRDARTHQHIPYRENKNLTGTARYASINTHLGIEQSRRDDLESLGYVLMYFNLGSLPWQGLKAATKRQKYERISEKKMSTPIEVLCKGYPSEFATYLNFCRSLRFDDKPDYSYLRQLFRNLFHRQGFSYDYVFDWNMLKFGASRAADDAERERRDREERLRHSRNPATRGLPSTASGRLRGTQEVAPPTPLTPTSHTANTSPRPVSGMERERKVSMRLHRGAPVNISSSDLTGRQDTSRMSTSQRSRDMASLRLHAARQGTRCRPQRPRRTY","VAIK","HRD","DFG",89,"CK1 Ser/Thr","SerineThreonine",1,1,1,578,">ENSP00000381531.5","ENST00000398519.8","ENSG00000141551.13","OTTHUMG00000178601.1","OTTHUMT00000442630.1","CK1d","CSNK1D",NA,"CK1d","SK083","",1,1,1,TRUE,1,1,1,35,38,126,NA,NA,149,NA,NA,149,150,151,126,127,128,133,"N",112,113,114,115,116,117,118,119,120,121,122,123,124,125,126,127,128,"M","I","S","R","I","E","Y","I","H","S","K","N","F","I","H","R","D",120,"H",161,221,"THQHIPYRENKNLTGTARYASINTHLGIEQSRRDDLESLGYVLMYFNLGSLPWQGLKAATK",0,NA,NA,0,NA,NA,0,NA,NA,0,NA,NA,0,NA,NA,0,NA,NA,0,NA,NA,0,NA,NA,1,15,181,0,NA,NA,0,NA,NA,0,NA,NA,0,NA,NA,NA,NA,NA,NA,NA,NA,NA,NA,181,181,181,181,181,181,181,181,181,181,181,181,181,181,181,167,168,169,170,171,172,173,174,175,176,177,178,179,180,181,182,183,"Y","R","E","N","K","N","L","T","G","T","A","R","Y","A","S","I","N","S I N","I N",175,"G",183,1,34,"MELRVGNRYRLGRKIGSGSFGDIYLGTDIAAGEE",1,16,16,1,16,16,0,NA,NA,1,18,16,0,NA,NA,0,NA,NA,0,NA,NA,1,18,16,1,16,16,1,16,16,0,NA,NA,0,NA,NA,16,16,16,16,16,16,16,16,16,16,16,16,16,16,16,16,16,16,16,16,16,"GSGSFG","G","S","G","S","F","G",16,17,18,19,20,21,"G G G","GSGSFGDIYLGTDIAAGEEVAIKLECVKTKHPQLHIESKIYKMMQGGVGIPTIRWCGAEGDYNVMVMELLGPSLEDLFNFCSRKFSLKTVLLLADQMISRIEYIHSKNFIHRDVKPDNFLMGLGKKGNLVYIIDFGLAKKYRDARTHQHIPYRENKNLTGTARYASIN",43,68,"KTKHPQLHIESKIYKMMQGGVGIPTI",0,NA,NA,1,10,52,0,NA,NA,0,NA,NA,1,6,52,52,52,52,52,52,52,52,"E","CSNK1D_150_TCGA-66-2771-01_F"
"11","CSNK2A1","176","W","TCGA-CG-4305-01.77",1457,"TCGA-CG-4305-01","broad.mit.edu","Somatic","Missense_Mutation","Untested","W176C","M","getma.org/?cm=var&var=hg19,20,472991,C,A&fts=all","getma.org/pdb.php?prot=CSK21_HUMAN&from=39&to=324&var=W176C","getma.org/?cm=msa&ty=f&p=CSK21_HUMAN&rb=39&re=324&var=W176C",20,472991,472991,"C","A",NA,NA,NA,NA,"stad_tcga_mutations","C","CSNK2A1-001",391,"MSGPVPSRARVYTDVNTHRPREYWDYESHVVEWGNQDDYQLVRKLGRGKYSEVFEAINITNNEKVVVKILKPVKKKKIKREIKILENLRGGPNIITLADIVKDPVSRTPALVFEHVNNTDFKQLYQTLTDYDIRFYMYEILKALDYCHSMGIMHRDVKPHNVMIDHEHRKLRLIDWGLAEFYHPGQEYNVRVASRYFKGPELLVDYQMYDYSLDMWSLGCMLASMIFRKEPFFHGHDNYDQLVRIAKVLGTEDLYDYIDKYNIELDPRFNDILGRHSRKRWERFVHSENQHLVSPEALDFLDKLLRYDHQSRLTAREAMEHPYFYTVVKDQARMGSSSMPGGSTPVSSANMMSGISSVPTPSPLGPLAGSPVIAAANPLGMPVPAAAGAQQ","VVVK","HRD","DWG",94,"Other","Other",1,1,1,626,">ENSP00000339247.5","ENST00000349736.8","ENSG00000101266.15","OTTHUMG00000031636.5","OTTHUMT00000077465.2","CK2a1","CSNK2A1",NA,"CK2a1","SK088","",1,1,1,TRUE,1,1,1,65,68,154,NA,NA,175,NA,NA,175,176,177,154,155,156,161,"N",140,141,142,143,144,145,146,147,148,149,150,151,152,153,154,155,156,"I","L","K","A","L","D","Y","C","H","S","M","G","I","M","H","R","D",148,"H",187,247,"EYNVRVASRYFKGPELLVDYQMYDYSLDMWSLGCMLASMIFRKEPFFHGHDNYDQLVRIAK",0,NA,NA,1,14,199,0,NA,NA,0,NA,NA,0,NA,NA,0,NA,NA,0,NA,NA,0,NA,NA,0,NA,NA,0,NA,NA,0,NA,NA,0,NA,NA,0,NA,NA,NA,NA,NA,NA,199,199,199,199,199,199,199,199,199,199,199,199,199,199,199,199,199,199,199,185,186,187,188,189,190,191,192,193,194,195,196,197,198,199,200,201,"G","Q","E","Y","N","V","R","V","A","S","R","Y","F","K","G","P","E","G P E","P E",193,"A",201,23,64,"YWDYESHVVEWGNQDDYQLVRKLGRGKYSEVFEAINITNNEK",0,NA,NA,0,NA,NA,1,24,46,0,NA,NA,0,NA,NA,1,24,46,0,NA,NA,0,NA,NA,0,NA,NA,1,24,46,0,NA,NA,0,NA,NA,NA,NA,NA,NA,46,46,46,46,46,46,46,46,46,46,46,46,46,46,46,46,46,"GRGKYS","G","R","G","K","Y","S",46,47,48,49,50,51,"G G S","GRGKYSEVFEAINITNNEKVVVKILKPVKKKKIKREIKILENLRGGPNIITLADIVKDPVSRTPALVFEHVNNTDFKQLYQTLTDYDIRFYMYEILKALDYCHSMGIMHRDVKPHNVMIDHEHRKLRLIDWGLAEFYHPGQEYNVRVASRYFKGPE",73,98,"VKKKKIKREIKILENLRGGPNIITLA",1,9,81,1,9,81,0,NA,NA,0,NA,NA,0,NA,NA,81,81,81,81,81,81,81,"E","CSNK2A1_176_TCGA-CG-4305-01_W"
"15","EIF2AK1","462","F","TCGA-B0-4713-01.165",27102,"TCGA-B0-4713-01","hgsc.bcm.edu","Somatic","Missense_Mutation","Unknown","F462S","H","getma.org/?cm=var&var=hg19,7,6068611,A,G&fts=all","getma.org/pdb.php?prot=E2AK1_HUMAN&from=338&to=583&var=F462S","getma.org/?cm=msa&ty=f&p=E2AK1_HUMAN&rb=338&re=583&var=F462S",7,6068611,6068611,"A","G",NA,NA,NA,NA,"kirc_tcga_pub_mutations","S","EIF2AK1-001",630,"MQGGNSGVRKREEEGDGAGAVAAPPAIDFPAEGPDPEYDESDVPAEIQVLKEPLQQPTFPFAVANQLLLVSLLEHLSHVHEPNPLRSRQVFKLLCQTFIKMGLLSSFTCSDEFSSLRLHHNRAITHLMRSAKERVRQDPCEDISRIQKIRSREVALEAQTSRYLNEFEELAILGKGGYGRVYKVRNKLDGQYYAIKKILIKGATKTVCMKVLREVKVLAGLQHPNIVGYHTAWIEHVHVIQPRADRAAIELPSLEVLSDQEEDREQCGVKNDESSSSSIIFAEPTPEKEKRFGESDTENQNNKSVKYTTNLVIRESGELESTLELQENGLAGLSASSIVEQQLPLRRNSHLEESFTSTEESSEENVNFLGQTEAQYHLMLHIQMQLCELSLWDWIVERNKRGREYVDESACPYVMANVATKIFQELVEGVFYIHNMGIVHRDLKPRNIFLHGPDQQVKIGDFGLACTDILQKNTDWTNRNGKRTPTHTSRVGTCLYASPEQLEGSEYDAKSDMYSLGVVLLELFQPFGTEMERAEVLTGLRTGQLPESLRKRCPVQAKYIQHLTRRNSSQRPSAIQLLQSELFQNSGNVNLTLQMKIIEQEKEIAELKKQLNLLSQDKGVRDDGKDGGVG","VCMK","HRD","DFG",112,"Other","Other",1,1,1,769,">ENSP00000199389.6","ENST00000199389.9","ENSG00000086232.11","OTTHUMG00000090689.13","OTTHUMT00000207373.3","HRI","EIF2AK1",NA,"HRI","SK496","",1,1,1,TRUE,1,1,1,207,210,440,NA,NA,461,NA,NA,461,462,463,440,441,442,447,"N",426,427,428,429,430,431,432,433,434,435,436,437,438,439,440,441,442,"L","V","E","G","V","F","Y","I","H","N","M","G","I","V","H","R","D",434,"H",473,533,"NTDWTNRNGKRTPTHTSRVGTCLYASPEQLEGSEYDAKSDMYSLGVVLLELFQPFGTEMER",0,NA,NA,1,27,498,1,20,498,0,NA,NA,0,NA,NA,0,NA,NA,0,NA,NA,0,NA,NA,1,20,498,0,NA,NA,1,20,498,0,NA,NA,0,NA,NA,NA,NA,498,498,498,498,498,498,498,498,498,498,498,498,498,498,498,498,498,498,498,498,498,484,485,486,487,488,489,490,491,492,493,494,495,496,497,498,499,500,"T","P","T","H","T","S","R","V","G","T","C","L","Y","A","S","P","E","S P E","P E",492,"G",500,165,206,"NEFEELAILGKGGYGRVYKVRNKLDGQYYAIKKILIKGATKT",1,10,174,0,NA,NA,1,10,174,0,NA,NA,0,NA,NA,0,NA,NA,0,NA,NA,1,10,172,1,10,174,2,10,174,0,NA,NA,1,12,174,174,174,174,174,174,174,174,174,174,174,174,174,174,174,174,174,174,174,174,174,174,"GKGGYG","G","K","G","G","Y","G",174,175,176,177,178,179,"G G G","GKGGYGRVYKVRNKLDGQYYAIKKILIKGATKTVCMKVLREVKVLAGLQHPNIVGYHTAWIEHVHVIQPRADRAAIELPSLEVLSDQEEDREQCGVKNDESSSSSIIFAEPTPEKEKRFGESDTENQNNKSVKYTTNLVIRESGELESTLELQENGLAGLSASSIVEQQLPLRRNSHLEESFTSTEESSEENVNFLGQTEAQYHLMLHIQMQLCELSLWDWIVERNKRGREYVDESACPYVMANVATKIFQELVEGVFYIHNMGIVHRDLKPRNIFLHGPDQQVKIGDFGLACTDILQKNTDWTNRNGKRTPTHTSRVGTCLYASPE",215,240,"VKVLAGLQHPNIVGYHTAWIEHVHVI",0,NA,NA,0,NA,NA,0,NA,NA,0,NA,NA,0,NA,NA,NA,NA,NA,NA,NA,NA,NA,NA,"EIF2AK1_462_TCGA-B0-4713-01_F"
"16","EPHA2","758","F","TCGA-HU-A4GH-01.899",1969,"TCGA-HU-A4GH-01","broad.mit.edu","Somatic","Missense_Mutation","Untested","F758C","H","getma.org/?cm=var&var=hg19,1,16458611,A,C&fts=all","getma.org/pdb.php?prot=EPHA2_HUMAN&from=613&to=871&var=F758C","getma.org/?cm=msa&ty=f&p=EPHA2_HUMAN&rb=613&re=871&var=F758C",1,16458611,16458611,"A","C",NA,NA,NA,NA,"stad_tcga_mutations","C","EPHA2-001",976,"MELQAARACFALLWGCALAAAAAAQGKEVVLLDFAAAGGELGWLTHPYGKGWDLMQNIMNDMPIYMYSVCNVMSGDQDNWLRTNWVYRGEAERIFIELKFTVRDCNSFPGGASSCKETFNLYYAESDLDYGTNFQKRLFTKIDTIAPDEITVSSDFEARHVKLNVEERSVGPLTRKGFYLAFQDIGACVALLSVRVYYKKCPELLQGLAHFPETIAGSDAPSLATVAGTCVDHAVVPPGGEEPRMHCAVDGEWLVPIGQCLCQAGYEKVEDACQACSPGFFKFEASESPCLECPEHTLPSPEGATSCECEEGFFRAPQDPASMPCTRPPSAPHYLTAVGMGAKVELRWTPPQDSGGREDIVYSVTCEQCWPESGECGPCEASVRYSEPPHGLTRTSVTVSDLEPHMNYTFTVEARNGVSGLVTSRSFRTASVSINQTEPPKVRLEGRSTTSLSVSWSIPPPQQSRVWKYEVTYRKKGDSNSYNVRRTEGFSVTLDDLAPDTTYLVQVQALTQEGQGAGSKVHEFQTLSPEGSGNLAVIGGVAVGVVLLLVLAGVGFFIHRRRKNQRARQSPEDVYFSKSEQLKPLKTYVDPHTYEDPNQAVLKFTTEIHPSCVTRQKVIGAGEFGEVYKGMLKTSSGKKEVPVAIKTLKAGYTEKQRVDFLGEAGIMGQFSHHNIIRLEGVISKYKPMMIITEYMENGALDKFLREKDGEFSVLQLVGMLRGIAAGMKYLANMNYVHRDLAARNILVNSNLVCKVSDFGLSRVLEDDPEATYTTSGGKIPIRWTAPEAISYRKFTSASDVWSFGIVMWEVMTYGERPYWELSNHEVMKAINDGFRLPTPMDCPSAIYQLMMQCWQQERARRPKFADIVSILDKLIRAPDSLKTLADFDPRVSIRLPSTSGSEGVPFRTVSEWLESIKMQQYTEHFMAAGYTAIEKVVQMTNDDIKRIGVRLPGHQKRIAYSLLGLKDQVNTVGIPI","VAIK","HRD","DFG",117,"Tyr Kinase","Tyrosine",1,1,1,784,">ENSP00000351209.5","ENST00000358432.7","ENSG00000142627.12","OTTHUMG00000009527.2","OTTHUMT00000026322.1","EphA2","EPHA2",NA,"EphA2","SK122","",1,1,1,TRUE,1,1,1,643,646,737,NA,NA,757,NA,NA,757,758,759,737,738,739,744,"N",723,724,725,726,727,728,729,730,731,732,733,734,735,736,737,738,739,"I","A","A","G","M","K","Y","L","A","N","M","N","Y","V","H","R","D",731,"A",769,829,"EATYTTSGGKIPIRWTAPEAISYRKFTSASDVWSFGIVMWEVMTYGERPYWELSNHEVMKA",1,17,785,1,18,785,0,NA,NA,0,NA,NA,0,NA,NA,1,17,785,0,NA,NA,0,NA,NA,0,NA,NA,1,12,785,0,NA,NA,0,NA,NA,0,NA,NA,785,785,785,785,785,785,785,785,785,785,785,785,785,785,785,785,785,785,785,785,785,785,785,771,772,773,774,775,776,777,778,779,780,781,782,783,784,785,786,787,"T","Y","T","T","S","G","G","K","I","P","I","R","W","T","A","P","E","A P E","P E",776,"G",787,601,642,"VLKFTTEIHPSCVTRQKVIGAGEFGEVYKGMLKTSSGKKEVP",1,20,620,1,20,620,0,NA,NA,1,22,620,0,NA,NA,0,NA,NA,0,NA,NA,1,22,620,1,20,620,1,20,620,0,NA,NA,0,NA,NA,620,620,620,620,620,620,620,620,620,620,620,620,620,620,620,620,620,620,620,620,620,"GAGEFG","G","A","G","E","F","G",620,621,622,623,624,625,"G G G","GAGEFGEVYKGMLKTSSGKKEVPVAIKTLKAGYTEKQRVDFLGEAGIMGQFSHHNIIRLEGVISKYKPMMIITEYMENGALDKFLREKDGEFSVLQLVGMLRGIAAGMKYLANMNYVHRDLAARNILVNSNLVCKVSDFGLSRVLEDDPEATYTTSGGKIPIRWTAPE",651,676,"GYTEKQRVDFLGEAGIMGQFSHHNII",0,NA,NA,1,13,663,1,13,663,0,NA,NA,0,NA,NA,663,663,663,663,663,663,663,"E","EPHA2_758_TCGA-HU-A4GH-01_F"
"17","EPHA4","765","F","TCGA-37-4135-01.314",2043,"TCGA-37-4135-01","broad.mit.edu","Somatic","Missense_Mutation","---","F765S","H","getma.org/?cm=var&var=hg19,2,222301171,A,G&fts=all","getma.org/pdb.php?prot=EPHA4_HUMAN&from=621&to=878&var=F765S","getma.org/?cm=msa&ty=f&p=EPHA4_HUMAN&rb=621&re=878&var=F765S",2,222301171,222301171,"A","G",116,39,NA,NA,"lusc_tcga_mutations","S","EPHA4-201",986,"MAGIFYFALFSCLFGICDAVTGSRVYPANEVTLLDSRSVQGELGWIASPLEGGWEEVSIMDEKNTPIRTYQVCNVMEPSQNNWLRTDWITREGAQRVYIEIKFTLRDCNSLPGVMGTCKETFNLYYYESDNDKERFIRENQFVKIDTIAADESFTQVDIGDRIMKLNTEIRDVGPLSKKGFYLAFQDVGACIALVSVRVFYKKCPLTVRNLAQFPDTITGADTSSLVEVRGSCVNNSEEKDVPKMYCGADGEWLVPIGNCLCNAGHEERSGECQACKIGYYKALSTDATCAKCPPHSYSVWEGATSCTCDRGFFRADNDAASMPCTRPPSAPLNLISNVNETSVNLEWSSPQNTGGRQDISYNVVCKKCGAGDPSKCRPCGSGVHYTPQQNGLKTTKVSITDLLAHTNYTFEIWAVNGVSKYNPNPDQSVSVTVTTNQAAPSSIALVQAKEVTRYSVALAWLEPDRPNGVILEYEVKYYEKDQNERSYRIVRTAARNTDIKGLNPLTSYVFHVRARTAAGYGDFSEPLEVTTNTVPSRIIGDGANSTVLLVSVSGSVVLVVILIAAFVISRRRSKYSKAKQEADEEKHLNQGVRTYVDPFTYEDPNQAVREFAKEIDASCIKIEKVIGVGEFGEVCSGRLKVPGKREICVAIKTLKAGYTDKQRRDFLSEASIMGQFDHPNIIHLEGVVTKCKPVMIITEYMENGSLDAFLRKNDGRFTVIQLVGMLRGIGSGMKYLSDMSYVHRDLAARNILVNSNLVCKVSDFGMSRVLEDDPEAAYTTRGGKIPIRWTAPEAIAYRKFTSASDVWSYGIVMWEVMSYGERPYWDMSNQDVIKAIEEGYRLPPPMDCPIALHQLMLDCWQKERSDRPKFGQIVNMLDKLIRNPNSLKRTGTESSRPNTALLDPSSPEFSAVVSVGDWLQAIKMDRYKDNFTAAGYTTLEAVVHVNQEDLARIGITAITHQNKILSSVQAMRTQMQQMHGRMVPV","VAIK","HRD","DFG",119,"Tyr Kinase","Tyrosine",1,1,1,794,">ENSP00000281821.2","ENST00000281821.5","ENSG00000116106.10","OTTHUMG00000133142.5","-","EphA4","EPHA4",NA,"EphA4","SK124","",1,1,1,TRUE,1,1,1,650,653,744,NA,NA,764,NA,NA,764,765,766,744,745,746,751,"N",730,731,732,733,734,735,736,737,738,739,740,741,742,743,744,745,746,"I","G","S","G","M","K","Y","L","S","D","M","S","Y","V","H","R","D",738,"S",776,836,"EAAYTTRGGKIPIRWTAPEAIAYRKFTSASDVWSYGIVMWEVMSYGERPYWDMSNQDVIKA",1,17,792,1,18,792,0,NA,NA,0,NA,NA,0,NA,NA,1,17,792,0,NA,NA,0,NA,NA,0,NA,NA,1,12,792,0,NA,NA,0,NA,NA,0,NA,NA,792,792,792,792,792,792,792,792,792,792,792,792,792,792,792,792,792,792,792,792,792,792,792,778,779,780,781,782,783,784,785,786,787,788,789,790,791,792,793,794,"A","Y","T","T","R","G","G","K","I","P","I","R","W","T","A","P","E","A P E","P E",783,"G",794,608,649,"AVREFAKEIDASCIKIEKVIGVGEFGEVCSGRLKVPGKREIC",1,21,628,1,21,628,0,NA,NA,1,23,628,0,NA,NA,0,NA,NA,0,NA,NA,1,23,628,1,21,628,1,21,628,0,NA,NA,0,NA,NA,628,628,628,628,628,628,628,628,628,628,628,628,628,628,628,628,628,628,628,628,628,"GVGEFG","G","V","G","E","F","G",628,629,630,631,632,633,"G G G","GVGEFGEVCSGRLKVPGKREICVAIKTLKAGYTDKQRRDFLSEASIMGQFDHPNIIHLEGVVTKCKPVMIITEYMENGSLDAFLRKNDGRFTVIQLVGMLRGIGSGMKYLSDMSYVHRDLAARNILVNSNLVCKVSDFGMSRVLEDDPEAAYTTRGGKIPIRWTAPE",658,683,"GYTDKQRRDFLSEASIMGQFDHPNII",0,NA,NA,1,13,670,1,13,670,0,NA,NA,0,NA,NA,670,670,670,670,670,670,670,"E","EPHA4_765_TCGA-37-4135-01_F"
"23","ERBB4","862","F","TCGA-CR-6471-01.394",2066,"TCGA-CR-6471-01","broad.mit.edu","Somatic","Missense_Mutation",NA,"F862L","M","getma.org/?cm=var&var=hg19,2,212295727,A,C&fts=all","getma.org/pdb.php?prot=ERBB4_HUMAN&from=718&to=974&var=F862L","getma.org/?cm=msa&ty=f&p=ERBB4_HUMAN&rb=718&re=974&var=F862L",2,212295727,212295727,"A","C",104,3,NA,NA,"hnsc_tcga_mutations","L","ERBB4-001",1308,"MKPATGLWVWVSLLVAAGTVQPSDSQSVCAGTENKLSSLSDLEQQYRALRKYYENCEVVMGNLEITSIEHNRDLSFLRSVREVTGYVLVALNQFRYLPLENLRIIRGTKLYEDRYALAIFLNYRKDGNFGLQELGLKNLTEILNGGVYVDQNKFLCYADTIHWQDIVRNPWPSNLTLVSTNGSSGCGRCHKSCTGRCWGPTENHCQTLTRTVCAEQCDGRCYGPYVSDCCHRECAGGCSGPKDTDCFACMNFNDSGACVTQCPQTFVYNPTTFQLEHNFNAKYTYGAFCVKKCPHNFVVDSSSCVRACPSSKMEVEENGIKMCKPCTDICPKACDGIGTGSLMSAQTVDSSNIDKFINCTKINGNLIFLVTGIHGDPYNAIEAIDPEKLNVFRTVREITGFLNIQSWPPNMTDFSVFSNLVTIGGRVLYSGLSLLILKQQGITSLQFQSLKEISAGNIYITDNSNLCYYHTINWTTLFSTINQRIVIRDNRKAENCTAEGMVCNHLCSSDGCWGPGPDQCLSCRRFSRGRICIESCNLYDGEFREFENGSICVECDPQCEKMEDGLLTCHGPGPDNCTKCSHFKDGPNCVEKCPDGLQGANSFIFKYADPDRECHPCHPNCTQGCNGPTSHDCIYYPWTGHSTLPQHARTPLIAAGVIGGLFILVIVGLTFAVYVRRKSIKKKRALRRFLETELVEPLTPSGTAPNQAQLRILKETELKRVKVLGSGAFGTVYKGIWVPEGETVKIPVAIKILNETTGPKANVEFMDEALIMASMDHPHLVRLLGVCLSPTIQLVTQLMPHGCLLEYVHEHKDNIGSQLLLNWCVQIAKGMMYLEERRLVHRDLAARNVLVKSPNHVKITDFGLARLLEGDEKEYNADGGKMPIKWMALECIHYRKFTHQSDVWSYGVTIWELMTFGGKPYDGIPTREIPDLLEKGERLPQPPICTIDVYMVMVKCWMIDADSRPKFKELAAEFSRMARDPQRYLVIQGDDRMKLPSPNDSKFFQNLLDEEDLEDMMDAEEYLVPQAFNIPPPIYTSRARIDSNRSEIGHSPPPAYTPMSGNQFVYRDGGFAAEQGVSVPYRAPTSTIPEAPVAQGATAEIFDDSCCNGTLRKPVAPHVQEDSSTQRYSADPTVFAPERSPRGELDEEGYMTPMRDKPKQEYLNPVEENPFVSRRKNGDLQALDNPEYHNASNGPPKAEDEYVNEPLYLNTFANTLGKAEYLKNNILSMPEKAKKAFDNPDYWNHSLPPRSTLQHPDYLQEYSTKYFYKQNGRIRPIVAENPEYLSEFSLKPGTVLPPPPYRHRNTVV","VAIK","HRD","DFG",129,"Tyr Kinase","Tyrosine",1,1,1,849,">ENSP00000342235.4","ENST00000342788.7","ENSG00000178568.12","OTTHUMG00000133012.4","OTTHUMT00000256597.2","HER4/ErbB4","ERBB4",NA,"HER4/ErbB4","SK168","",1,1,1,TRUE,1,1,1,748,751,841,NA,NA,861,NA,NA,861,862,863,841,842,843,848,"N",827,828,829,830,831,832,833,834,835,836,837,838,839,840,841,842,843,"I","A","K","G","M","M","Y","L","E","E","R","R","L","V","H","R","D",835,"E",873,933,"KEYNADGGKMPIKWMALECIHYRKFTHQSDVWSYGVTIWELMTFGGKPYDGIPTREIPDLL",0,NA,NA,0,NA,NA,0,NA,NA,0,NA,NA,0,NA,NA,1,16,888,0,NA,NA,0,NA,NA,0,NA,NA,0,NA,NA,0,NA,NA,0,NA,NA,0,NA,NA,NA,NA,NA,NA,NA,NA,NA,NA,NA,NA,NA,NA,NA,NA,NA,NA,888,888,888,888,888,888,888,874,875,876,877,878,879,880,881,882,883,884,885,886,887,888,889,890,"E","Y","N","A","D","G","G","K","M","P","I","K","W","M","A","L","E","A L E","L E",879,"G",890,706,747,"NQAQLRILKETELKRVKVLGSGAFGTVYKGIWVPEGETVKIP",1,20,725,1,20,725,0,NA,NA,1,22,725,0,NA,NA,0,NA,NA,0,NA,NA,1,22,725,1,20,725,1,20,725,0,NA,NA,0,NA,NA,725,725,725,725,725,725,725,725,725,725,725,725,725,725,725,725,725,725,725,725,725,"GSGAFG","G","S","G","A","F","G",725,726,727,728,729,730,"G G G","GSGAFGTVYKGIWVPEGETVKIPVAIKILNETTGPKANVEFMDEALIMASMDHPHLVRLLGVCLSPTIQLVTQLMPHGCLLEYVHEHKDNIGSQLLLNWCVQIAKGMMYLEERRLVHRDLAARNVLVKSPNHVKITDFGLARLLEGDEKEYNADGGKMPIKWMALE",756,781,"TTGPKANVEFMDEALIMASMDHPHLV",0,NA,NA,1,13,768,1,13,768,0,NA,NA,0,NA,NA,768,768,768,768,768,768,768,"E","ERBB4_862_TCGA-CR-6471-01_F"
"25","FLT4","1056","F","TCGA-D9-A6EC-06.1593",2324,"TCGA-D9-A6EC-06","broad.mit.edu","Somatic","Missense_Mutation",NA,"F1056C","M","getma.org/?cm=var&var=hg19,5,180043419,A,C&fts=all","getma.org/pdb.php?prot=VGFR3_HUMAN&from=845&to=1169&var=F1056C","getma.org/?cm=msa&ty=f&p=VGFR3_HUMAN&rb=845&re=1169&var=F1056C",5,180043419,180043419,"A","C",40,10,NA,NA,"skcm_tcga_mutations","C","FLT4-002",1298,"MQRGAALCLRLWLCLGLLDGLVSGYSMTPPTLNITEESHVIDTGDSLSISCRGQHPLEWAWPGAQEAPATGDKDSEDTGVVRDCEGTDARPYCKVLLLHEVHANDTGSYVCYYKYIKARIEGTTAASSYVFVRDFEQPFINKPDTLLVNRKDAMWVPCLVSIPGLNVTLRSQSSVLWPDGQEVVWDDRRGMLVSTPLLHDALYLQCETTWGDQDFLSNPFLVHITGNELYDIQLLPRKSLELLVGEKLVLNCTVWAEFNSGVTFDWDYPGKQAERGKWVPERRSQQTHTELSSILTIHNVSQHDLGSYVCKANNGIQRFRESTEVIVHENPFISVEWLKGPILEATAGDELVKLPVKLAAYPPPEFQWYKDGKALSGRHSPHALVLKEVTEASTGTYTLALWNSAAGLRRNISLELVVNVPPQIHEKEASSPSIYSRHSRQALTCTAYGVPLPLSIQWHWRPWTPCKMFAQRSLRRRQQQDLMPQCRDWRAVTTQDAVNPIESLDTWTEFVEGKNKTVSKLVIQNANVSAMYKCVVSNKVGQDERLIYFYVTTIPDGFTIESKPSEELLEGQPVLLSCQADSYKYEHLRWYRLNLSTLHDAHGNPLLLDCKNVHLFATPLAASLEEVAPGARHATLSLSIPRVAPEHEGHYVCEVQDRRSHDKHCHKKYLSVQALEAPRLTQNLTDLLVNVSDSLEMQCLVAGAHAPSIVWYKDERLLEEKSGVDLADSNQKLSIQRVREEDAGRYLCSVCNAKGCVNSSASVAVEGSEDKGSMEIVILVGTGVIAVFFWVLLLLIFCNMRRPAHADIKTGYLSIIMDPGEVPLEEQCEYLSYDASQWEFPRERLHLGRVLGYGAFGKVVEASAFGIHKGSSCDTVAVKMLKEGATASEHRALMSELKILIHIGNHLNVVNLLGACTKPQGPLMVIVEFCKYGNLSNFLRAKRDAFSPCAEKSPEQRGRFRAMVELARLDRRRPGSSDRVLFARFSKTEGGARRASPDQEAEDLWLSPLTMEDLVCYSFQVARGMEFLASRKCIHRDLAARNILLSESDVVKICDFGLARDIYKDPDYVRKGSARLPLKWMAPESIFDKVYTTQSDVWSFGVLLWEIFSLGASPYPGVQINEEFCQRLRDGTRMRAPELATPAIRRIMLNCWSGDPKARPAFSELVEILGDLLQGRGLQEEEEVCMAPRSSQSSEEGSFSQVSTMALHIAQADAEDSPPSLQRHSLAARYYNWVSFPGCLARGAETRGSSRMKTFEEFPMTPTTYKGSVDNQTDSGMVLASEEFEQIESRHRQESGFR","VAVK","HRD","DFG",141,"Tyr Kinase","Tyrosine",1,1,1,953,">ENSP00000377016.3","ENST00000393347.6","ENSG00000037280.14","OTTHUMG00000130931.6","OTTHUMT00000372538.1","FLT4","FLT4",NA,"FLT4","SK151","",1,1,1,TRUE,1,1,1,876,879,1035,NA,NA,1055,NA,NA,1055,1056,1057,1035,1036,1037,1042,"N",1021,1022,1023,1024,1025,1026,1027,1028,1029,1030,1031,1032,1033,1034,1035,1036,1037,"V","A","R","G","M","E","F","L","A","S","R","K","C","I","H","R","D",1029,"A",1067,1127,"DYVRKGSARLPLKWMAPESIFDKVYTTQSDVWSFGVLLWEIFSLGASPYPGVQINEEFCQR",1,16,1082,1,17,1082,0,NA,NA,0,NA,NA,0,NA,NA,1,16,1082,0,NA,NA,0,NA,NA,0,NA,NA,0,NA,NA,0,NA,NA,0,NA,NA,0,NA,NA,1082,1082,1082,1082,1082,1082,1082,1082,1082,1082,1082,1082,1082,1082,1082,1082,1082,1082,1082,1082,1082,1082,1082,1068,1069,1070,1071,1072,1073,1074,1075,1076,1077,1078,1079,1080,1081,1082,1083,1084,"Y","V","R","K","G","S","A","R","L","P","L","K","W","M","A","P","E","A P E","P E",1072,"G",1084,834,875,"DASQWEFPRERLHLGRVLGYGAFGKVVEASAFGIHKGSSCDT",1,19,852,1,19,852,0,NA,NA,1,21,852,0,NA,NA,0,NA,NA,0,NA,NA,1,21,852,1,19,852,1,19,852,0,NA,NA,0,NA,NA,852,852,852,852,852,852,852,852,852,852,852,852,852,852,852,852,852,852,852,852,852,"GYGAFG","G","Y","G","A","F","G",852,853,854,855,856,857,"G G G","GYGAFGKVVEASAFGIHKGSSCDTVAVKMLKEGATASEHRALMSELKILIHIGNHLNVVNLLGACTKPQGPLMVIVEFCKYGNLSNFLRAKRDAFSPCAEKSPEQRGRFRAMVELARLDRRRPGSSDRVLFARFSKTEGGARRASPDQEAEDLWLSPLTMEDLVCYSFQVARGMEFLASRKCIHRDLAARNILLSESDVVKICDFGLARDIYKDPDYVRKGSARLPLKWMAPE",884,909,"GATASEHRALMSELKILIHIGNHLNV",2,6,889,1,13,896,0,NA,NA,0,NA,NA,0,NA,NA,889,889,889,889,889,889,889,"E","FLT4_1056_TCGA-D9-A6EC-06_F"
"28","IRAK4","330","F","TCGA-A8-A07R-01.304",51135,"TCGA-A8-A07R-01","genome.wustl.edu","Somatic","Missense_Mutation","Unknown","F330V","M","getma.org/?cm=var&var=hg19,12,44176156,T,G&fts=all","getma.org/pdb.php?prot=IRAK4_HUMAN&from=187&to=455&var=F330V","getma.org/?cm=msa&ty=f&p=IRAK4_HUMAN&rb=187&re=455&var=F330V",12,44176156,44176156,"T","G",NA,NA,NA,NA,"brca_tcga_pub_mutations","V","IRAK4-001",460,"MNKPITPSTYVRCLNVGLIRKLSDFIDPQEGWKKLAVAIKKPSGDDRYNQFHIRRFEALLQTGKSPTSELLFDWGTTNCTVGDLVDLLIQNEFFAPASLLLPDAVPKTANTLPSKEAITVQQKQMPFCDKDRTLMTPVQNLEQSYMPPDSSSPENKSLEVSDTRFHSFSFYELKNVTNNFDERPISVGGNKMGEGGFGVVYKGYVNNTTVAVKKLAAMVDITTEELKQQFDQEIKVMAKCQHENLVELLGFSSDGDDLCLVYVYMPNGSLLDRLSCLDGTPPLSWHMRCKIAQGAANGINFLHENHHIHRDIKSANILLDEAFTAKISDFGLARASEKFAQTVMTSRIVGTTAYMAPEALRGEITPKSDIYSFGVVLLEIITGLPAVDEHREPQLLLDIKEEIEDEEKTIEDYIDKKMNDADSTSVEAMYSVASQCLHEKKNKRPDIKKVQQLLQEMTAS","VAVK","HRD","DFG",166,"TKL Ser/Thr","SerineThreonine",1,1,1,1100,">ENSP00000479889.2","ENST00000613694.3","ENSG00000198001.12","OTTHUMG00000169425.2","OTTHUMT00000403947.2","IRAK4","IRAK4",NA,"IRAK4","SK257","",1,1,1,TRUE,1,1,1,210,213,309,NA,NA,329,NA,NA,329,330,331,309,310,311,316,"N",295,296,297,298,299,300,301,302,303,304,305,306,307,308,309,310,311,"A","A","N","G","I","N","F","L","H","E","N","H","H","I","H","R","D",303,"H",341,401,"QTVMTSRIVGTTAYMAPEALRGEITPKSDIYSFGVVLLEIITGLPAVDEHREPQLLLDIKE",1,16,356,1,17,356,1,10,356,0,NA,NA,0,NA,NA,1,16,356,0,NA,NA,0,NA,NA,1,10,356,0,NA,NA,1,10,356,1,14,356,0,NA,NA,356,356,356,356,356,356,356,356,356,356,356,356,356,356,356,356,356,356,356,356,356,356,356,342,343,344,345,346,347,348,349,350,351,352,353,354,355,356,357,358,"T","V","M","T","S","R","I","V","G","T","T","A","Y","M","A","P","E","A P E","P E",350,"G",358,168,209,"FSFYELKNVTNNFDERPISVGGNKMGEGGFGVVYKGYVNNTT",1,26,193,1,26,193,0,NA,NA,1,28,193,0,NA,NA,0,NA,NA,0,NA,NA,1,26,191,2,21,188,2,26,193,0,NA,NA,2,21,186,193,193,193,193,193,193,193,193,193,193,193,193,193,193,193,193,193,193,193,193,193,"GEGGFG","G","E","G","G","F","G",193,194,195,196,197,198,"G G G","GEGGFGVVYKGYVNNTTVAVKKLAAMVDITTEELKQQFDQEIKVMAKCQHENLVELLGFSSDGDDLCLVYVYMPNGSLLDRLSCLDGTPPLSWHMRCKIAQGAANGINFLHENHHIHRDIKSANILLDEAFTAKISDFGLARASEKFAQTVMTSRIVGTTAYMAPE",218,243,"MVDITTEELKQQFDQEIKVMAKCQHE",0,NA,NA,0,NA,NA,1,16,233,0,NA,NA,1,12,233,NA,NA,233,233,233,233,233,"E","IRAK4_330_TCGA-A8-A07R-01_F"
"34","LATS2","810","F","TCGA-BR-8680-01.1623",26524,"TCGA-BR-8680-01","broad.mit.edu","Somatic","Missense_Mutation","Untested","F810S","H","getma.org/?cm=var&var=hg19,13,21557416,A,G&fts=all","getma.org/pdb.php?prot=LATS2_HUMAN&from=668&to=833&var=F810S","getma.org/?cm=msa&ty=f&p=LATS2_HUMAN&rb=668&re=833&var=F810S",13,21557416,21557416,"A","G",NA,NA,NA,NA,"stad_tcga_mutations","S","LATS2-001",1088,"MRPKTFPATTYSGNSRQRLQEIREGLKQPSKSSVQGLPAGPNSDTSLDAKVLGSKDATRQQQQMRATPKFGPYQKALREIRYSLLPFANESGTSAAAEVNRQMLQELVNAGCDQEMAGRALKQTGSRSIEAALEYISKMGYLDPRNEQIVRVIKQTSPGKGLMPTPVTRRPSFEGTGDSFASYHQLSGTPYEGPSFGADGPTALEEMPRPYVDYLFPGVGPHGPGHQHQHPPKGYGASVEAAGAHFPLQGAHYGRPHLLVPGEPLGYGVQRSPSFQSKTPPETGGYASLPTKGQGGPPGAGLAFPPPAAGLYVPHPHHKQAGPAAHQLHVLGSRSQVFASDSPPQSLLTPSRNSLNVDLYELGSTSVQQWPAATLARRDSLQKPGLEAPPRAHVAFRPDCPVPSRTNSFNSHQPRPGPPGKAEPSLPAPNTVTAVTAAHILHPVKSVRVLRPEPQTAVGPSHPAWVPAPAPAPAPAPAPAAEGLDAKEEHALALGGAGAFPLDVEYGGPDRRCPPPPYPKHLLLRSKSEQYDLDSLCAGMEQSLRAGPNEPEGGDKSRKSAKGDKGGKDKKQIQTSPVPVRKNSRDEEKRESRIKSYSPYAFKFFMEQHVENVIKTYQQKVNRRLQLEQEMAKAGLCEAEQEQMRKILYQKESNYNRLKRAKMDKSMFVKIKTLGIGAFGEVCLACKVDTHALYAMKTLRKKDVLNRNQVAHVKAERDILAEADNEWVVKLYYSFQDKDSLYFVMDYIPGGDMMSLLIRMEVFPEHLARFYIAELTLAIESVHKMGFIHRDIKPDNILIDLDGHIKLTDFGLCTGFRWTHNSKYYQKGSHVRQDSMEPSDLWDDVSNCRCGDRLKTLEQRARKQHQRCLAHSLVGTPNYIAPEVLLRKGYTQLCDWWSVGVILFEMLVGQPPFLAPTPTETQLKVINWENTLHIPAQVKLSPEARDLITKLCCSADHRLGRNGADDLKAHPFFSAIDFSSDIRKQPAPYVPTISHPMDTSNFDPVDEESPWNDASEGSTKAWDTLTSPNNKHPEHAFYEFTFRRFFDDNGYPFRCPKPSGAEASQAESSDLESSDLVDQTEGCQPVYV","YAMK","HRD","DFG",176,"AGC Ser/Thr","SerineThreonine",1,1,1,1130,">ENSP00000372035.4","ENST00000382592.4","ENSG00000150457.8","OTTHUMG00000016531.1","OTTHUMT00000044102.1","LATS2","LATS2",NA,"LATS2","SK442","",1,1,1,TRUE,1,1,1,694,697,789,NA,NA,809,NA,NA,809,810,811,789,790,791,796,"N",775,776,777,778,779,780,781,782,783,784,785,786,787,788,789,790,791,"L","T","L","A","I","E","S","V","H","K","M","G","F","I","H","R","D",783,"H",821,881,"NSKYYQKGSHVRQDSMEPSDLWDDVSNCRCGDRLKTLEQRARKQHQRCLAHSLVGTPNYIA",0,NA,NA,0,NA,NA,0,NA,NA,0,NA,NA,0,NA,NA,0,NA,NA,0,NA,NA,0,NA,NA,1,55,881,0,NA,NA,0,NA,NA,0,NA,NA,0,NA,NA,NA,NA,NA,NA,NA,NA,NA,NA,881,881,881,881,881,881,881,881,881,881,881,881,881,881,881,867,868,869,870,871,872,873,874,875,876,877,878,879,880,881,882,883,"R","C","L","A","H","S","L","V","G","T","P","N","Y","I","A","P","E","A P E","P E",875,"G",883,652,693,"ESNYNRLKRAKMDKSMFVKIKTLGIGAFGEVCLACKVDTHAL",1,24,675,1,24,675,0,NA,NA,1,26,675,0,NA,NA,0,NA,NA,0,NA,NA,1,26,675,1,24,675,1,24,675,0,NA,NA,0,NA,NA,675,675,675,675,675,675,675,675,675,675,675,675,675,675,675,675,675,675,675,675,675,"GIGAFG","G","I","G","A","F","G",675,676,677,678,679,680,"G G G","GIGAFGEVCLACKVDTHALYAMKTLRKKDVLNRNQVAHVKAERDILAEADNEWVVKLYYSFQDKDSLYFVMDYIPGGDMMSLLIRMEVFPEHLARFYIAELTLAIESVHKMGFIHRDIKPDNILIDLDGHIKLTDFGLCTGFRWTHNSKYYQKGSHVRQDSMEPSDLWDDVSNCRCGDRLKTLEQRARKQHQRCLAHSLVGTPNYIAPE",702,727,"KDVLNRNQVAHVKAERDILAEADNEW",1,15,716,1,15,716,0,NA,NA,0,NA,NA,0,NA,NA,716,716,716,716,716,716,716,"E","LATS2_810_TCGA-BR-8680-01_F"
"35","MAP2K3","209","F","TCGA-AK-3460-01.292",5606,"TCGA-AK-3460-01","hgsc.bcm.edu","Somatic","Missense_Mutation","Untested","F209C","H","getma.org/?cm=var&var=hg19,17,21207795,T,G&fts=all","getma.org/pdb.php?prot=MP2K3_HUMAN&from=64&to=325&var=F209C","getma.org/?cm=msa&ty=f&p=MP2K3_HUMAN&rb=64&re=325&var=F209C",17,21207795,21207795,"T","G",NA,NA,NA,NA,"kirc_tcga_mutations","C","MAP2K3-001",347,"MESPASSQPASMPQSKGKSKRKKDLRISCMSKPPAPNPTPPRNLDSRTFITIGDRNFEVEADDLVTISELGRGAYGVVEKVRHAQSGTIMAVKRIRATVNSQEQKRLLMDLDINMRTVDCFYTVTFYGALFREGDVWICMELMDTSLDKFYRKVLDKNMTIPEDILGEIAVSIVRALEHLHSKLSVIHRDVKPSNVLINKEGHVKMCDFGISGYLVDSVAKTMDAGCKPYMAPERINPELNQKGYNVKSDVWSLGITMIEMAILRFPYESWGTPFQQLKQVVEEPSPQLPADRFSPEFVDFTAQCLRKNPAERMSYLELMEHPFFTLHKTKKTDIAAFVKEILGEDS","MAVK","HRD","DFG",189,"STE Ser/Thr","SerineThreonine",1,1,1,1190,">ENSP00000345083.4","ENST00000342679.7","ENSG00000034152.17","OTTHUMG00000134322.5","OTTHUMT00000259374.2","MAP2K3","MAP2K3",NA,"MAP2K3","SK238","",1,1,1,TRUE,1,1,1,90,93,188,NA,NA,208,NA,NA,208,209,210,188,189,190,195,"N",174,175,176,177,178,179,180,181,182,183,184,185,186,187,188,189,190,"V","R","A","L","E","H","L","H","S","K","L","S","V","I","H","R","D",181,"H",220,280,"AKTMDAGCKPYMAPERINPELNQKGYNVKSDVWSLGITMIEMAILRFPYESWGTPFQQLKQ",1,13,232,2,14,232,0,NA,NA,0,NA,NA,0,NA,NA,1,13,232,0,NA,NA,0,NA,NA,0,NA,NA,0,NA,NA,1,7,232,1,11,232,0,NA,NA,232,232,232,232,232,232,232,232,232,232,232,232,232,232,232,232,232,232,232,232,232,232,232,218,219,220,221,222,223,224,225,226,227,228,229,230,231,232,233,234,"S","V","A","K","T","M","D","A","G","C","K","P","Y","M","A","P","E","A P E","P E",226,"G",234,48,89,"TFITIGDRNFEVEADDLVTISELGRGAYGVVEKVRHAQSGTI",1,24,71,0,NA,NA,1,24,71,0,NA,NA,0,NA,NA,0,NA,NA,0,NA,NA,1,26,71,1,24,71,1,24,71,0,NA,NA,0,NA,NA,71,71,71,71,71,71,71,71,71,71,71,71,71,71,71,71,71,71,71,71,71,"GRGAYG","G","R","G","A","Y","G",71,72,73,74,75,76,"G G G","GRGAYGVVEKVRHAQSGTIMAVKRIRATVNSQEQKRLLMDLDINMRTVDCFYTVTFYGALFREGDVWICMELMDTSLDKFYRKVLDKNMTIPEDILGEIAVSIVRALEHLHSKLSVIHRDVKPSNVLINKEGHVKMCDFGISGYLVDSVAKTMDAGCKPYMAPE",98,123,"TVNSQEQKRLLMDLDINMRTVDCFYT",1,6,103,0,NA,NA,0,NA,NA,0,NA,NA,0,NA,NA,103,103,103,103,103,103,103,"E","MAP2K3_209_TCGA-AK-3460-01_F"
"36","MAP2K3","209","F","TCGA-BG-A0VZ-01.1908",5606,"TCGA-BG-A0VZ-01","genome.wustl.edu","Somatic","Missense_Mutation","Unknown","F209V","H","getma.org/?cm=var&var=hg19,17,21207794,T,G&fts=all","getma.org/pdb.php?prot=MP2K3_HUMAN&from=64&to=325&var=F209V","getma.org/?cm=msa&ty=f&p=MP2K3_HUMAN&rb=64&re=325&var=F209V",17,21207794,21207794,"T","G",216,41,154,0,"ucec_tcga_pub_mutations","V","MAP2K3-001",347,"MESPASSQPASMPQSKGKSKRKKDLRISCMSKPPAPNPTPPRNLDSRTFITIGDRNFEVEADDLVTISELGRGAYGVVEKVRHAQSGTIMAVKRIRATVNSQEQKRLLMDLDINMRTVDCFYTVTFYGALFREGDVWICMELMDTSLDKFYRKVLDKNMTIPEDILGEIAVSIVRALEHLHSKLSVIHRDVKPSNVLINKEGHVKMCDFGISGYLVDSVAKTMDAGCKPYMAPERINPELNQKGYNVKSDVWSLGITMIEMAILRFPYESWGTPFQQLKQVVEEPSPQLPADRFSPEFVDFTAQCLRKNPAERMSYLELMEHPFFTLHKTKKTDIAAFVKEILGEDS","MAVK","HRD","DFG",189,"STE Ser/Thr","SerineThreonine",1,1,1,1190,">ENSP00000345083.4","ENST00000342679.7","ENSG00000034152.17","OTTHUMG00000134322.5","OTTHUMT00000259374.2","MAP2K3","MAP2K3",NA,"MAP2K3","SK238","",1,1,1,TRUE,1,1,1,90,93,188,NA,NA,208,NA,NA,208,209,210,188,189,190,195,"N",174,175,176,177,178,179,180,181,182,183,184,185,186,187,188,189,190,"V","R","A","L","E","H","L","H","S","K","L","S","V","I","H","R","D",181,"H",220,280,"AKTMDAGCKPYMAPERINPELNQKGYNVKSDVWSLGITMIEMAILRFPYESWGTPFQQLKQ",1,13,232,2,14,232,0,NA,NA,0,NA,NA,0,NA,NA,1,13,232,0,NA,NA,0,NA,NA,0,NA,NA,0,NA,NA,1,7,232,1,11,232,0,NA,NA,232,232,232,232,232,232,232,232,232,232,232,232,232,232,232,232,232,232,232,232,232,232,232,218,219,220,221,222,223,224,225,226,227,228,229,230,231,232,233,234,"S","V","A","K","T","M","D","A","G","C","K","P","Y","M","A","P","E","A P E","P E",226,"G",234,48,89,"TFITIGDRNFEVEADDLVTISELGRGAYGVVEKVRHAQSGTI",1,24,71,0,NA,NA,1,24,71,0,NA,NA,0,NA,NA,0,NA,NA,0,NA,NA,1,26,71,1,24,71,1,24,71,0,NA,NA,0,NA,NA,71,71,71,71,71,71,71,71,71,71,71,71,71,71,71,71,71,71,71,71,71,"GRGAYG","G","R","G","A","Y","G",71,72,73,74,75,76,"G G G","GRGAYGVVEKVRHAQSGTIMAVKRIRATVNSQEQKRLLMDLDINMRTVDCFYTVTFYGALFREGDVWICMELMDTSLDKFYRKVLDKNMTIPEDILGEIAVSIVRALEHLHSKLSVIHRDVKPSNVLINKEGHVKMCDFGISGYLVDSVAKTMDAGCKPYMAPE",98,123,"TVNSQEQKRLLMDLDINMRTVDCFYT",1,6,103,0,NA,NA,0,NA,NA,0,NA,NA,0,NA,NA,103,103,103,103,103,103,103,"E","MAP2K3_209_TCGA-BG-A0VZ-01_F"
"39","MYLK2","427","F","TCGA-CJ-6033-01.402",85366,"TCGA-CJ-6033-01","broad.mit.edu;hgsc.bcm.edu;ucsc.edu","Somatic","Missense_Mutation","Untested","F427C","H","getma.org/?cm=var&var=hg19,20,30418677,T,G&fts=all","getma.org/pdb.php?prot=MYLK2_HUMAN&from=285&to=540&var=F427C","getma.org/?cm=msa&ty=f&p=MYLK2_HUMAN&rb=285&re=540&var=F427C",20,30418677,30418677,"T","G",NA,NA,NA,NA,"kirc_tcga_mutations","C","MYLK2-002",596,"MATENGAVELGIQNPSTDKAPKGPTGERPLAAGKDPGPPDPKKAPDPPTLKKDAKAPASEKGDGTLAQPSTSSQGPKGEGDRGGGPAEGSAGPPAALPQQTATPETSVKKPKAEQGASGSQDPGKPRVGKKAAEGQAAARRGSPAFLHSPSCPAIISSSEKLLAKKPPSEASELTFEGVPMTHSPTDPRPAKAEEGKNILAESQKEVGEKTPGQAGQAKMQGDTSRGIEFQAVPSEKSEVGQALCLTAREEDCFQILDDCPPPPAPFPHRMVELRTGNVSSEFSMNSKEALGGGKFGAVCTCMEKATGLKLAAKVIKKQTPKDKEMVLLEIEVMNQLNHRNLIQLYAAIETPHEIVLFMEYIEGGELFERIVDEDYHLTEVDTMVFVRQICDGILFMHKMRVLHLDLKPENILCVNTTGHLVKIIDFGLARRYNPNEKLKVNFGTPEFLSPEVVNYDQISDKTDMWSMGVITYMLLSGLSPFLGDDDTETLNNVLSGNWYFDEETFEAVSDEAKDFVSNLIVKDQRARMNAAQCLAHPWLNNLAEKAKRCNRRLKSQILLKKYLMKRRWKKNFIAVSAANRFKKISSSGALMALGV","LAAK","HLD","DFG",253,"CAMK Ser/Thr","SerineThreonine",1,1,1,1639,">ENSP00000365162.2","ENST00000375994.5","ENSG00000101306.9","OTTHUMG00000032194.2","OTTHUMT00000078583.2","skMLCK","MYLK2",NA,"skMLCK","SK675","",1,1,1,TRUE,1,1,1,311,314,404,NA,NA,426,NA,NA,426,427,428,404,405,406,411,"N",390,391,392,393,394,395,396,397,398,399,400,401,402,403,404,405,406,"I","C","D","G","I","L","F","M","H","K","M","R","V","L","H","L","D",398,"H",438,498,"KLKVNFGTPEFLSPEVVNYDQISDKTDMWSMGVITYMLLSGLSPFLGDDDTETLNNVLSGN",0,NA,NA,2,9,445,1,7,450,0,NA,NA,0,NA,NA,0,NA,NA,0,NA,NA,0,NA,NA,0,NA,NA,0,NA,NA,1,7,450,0,NA,NA,0,NA,NA,NA,NA,450,450,450,450,450,450,450,450,450,450,450,450,450,450,450,450,450,450,450,450,450,436,437,438,439,440,441,442,443,444,445,446,447,448,449,450,451,452,"N","E","K","L","K","V","N","F","G","T","P","E","F","L","S","P","E","S P E","P E",444,"G",452,269,310,"HRMVELRTGNVSSEFSMNSKEALGGGKFGAVCTCMEKATGLK",1,24,292,1,24,292,0,NA,NA,1,26,292,0,NA,NA,0,NA,NA,0,NA,NA,1,26,292,1,24,292,1,24,292,0,NA,NA,1,24,290,292,292,292,292,292,292,292,292,292,292,292,292,292,292,292,292,292,292,292,292,292,"GGGKFG","G","G","G","K","F","G",292,293,294,295,296,297,"G G G","GGGKFGAVCTCMEKATGLKLAAKVIKKQTPKDKEMVLLEIEVMNQLNHRNLIQLYAAIETPHEIVLFMEYIEGGELFERIVDEDYHLTEVDTMVFVRQICDGILFMHKMRVLHLDLKPENILCVNTTGHLVKIIDFGLARRYNPNEKLKVNFGTPEFLSPE",319,344,"QTPKDKEMVLLEIEVMNQLNHRNLIQ",1,7,325,0,NA,NA,1,12,330,1,7,325,0,NA,NA,325,325,325,325,325,325,325,"E","MYLK2_427_TCGA-CJ-6033-01_F"
"43","PHKG1","201","F","TCGA-B9-A5W7-01.275",5260,"TCGA-B9-A5W7-01","ucsc.edu;bcgsc.ca","Somatic","Missense_Mutation","Untested","F201V","H","getma.org/?cm=var&var=hg19,7,56151013,A,C&fts=all","getma.org/pdb.php?prot=PHKG1_HUMAN&from=20&to=288&var=F169V","getma.org/?cm=msa&ty=f&p=PHKG1_HUMAN&rb=20&re=288&var=F169V",7,56151013,56151013,"A","C",111,34,122,3,"kirp_tcga_mutations","V","PHKG1-201",419,"MTRDEALPDSHSAQDFYENYEPKEILGRGVSSVVRRCIHKPTSQEYAVKVIDVTGGGSFSPEEVRELREATLKEVDILRKVSGHPNIIQLKDTYETNTFFFLVFDLWEDTDTMEMEQKWCLGWDSPKSTNFRAQGRARMKRGELFDYLTEKVTLSEKETRKIMRALLEVICTLHKLNIVHRDLKPENILLDDNMNIKLTDFGFSCQLEPGERLREVCGTPSYLAPEIIECSMNEDHPGYGKEVDMWSTGVIMYTLLAGSPPFWHRKQMLMLRMIMSGNYQFGSPEWDDYSDTVKDLVSRFLVVQPQNRYTAEEALAHPFFQQYLVEEVRHFSPRGKFKVIALTVLASVRIYYQYRRVKPVTREIVIRDPYALRPLRRLIDAYAFRIYGHWVKKGQQQNRAALFENTPKAVLLSLAEEDY","YAVK","HRD","DFG",291,"CAMK Ser/Thr","SerineThreonine",1,1,1,1877,">ENSP00000445440.1","ENST00000452681.5","ENSG00000164776.8","OTTHUMG00000023869.3","-","PHKg1","PHKG1",NA,"PHKg1","SK283","",1,1,1,TRUE,1,1,1,46,49,180,NA,NA,200,NA,NA,200,201,202,180,181,182,187,"N",166,167,168,169,170,171,172,173,174,175,176,177,178,179,180,181,182,"L","L","E","V","I","C","T","L","H","K","L","N","I","V","H","R","D",174,"H",212,272,"RLREVCGTPSYLAPEIIECSMNEDHPGYGKEVDMWSTGVIMYTLLAGSPPFWHRKQMLMLR",1,13,224,1,14,224,1,7,224,0,NA,NA,0,NA,NA,1,13,224,0,NA,NA,0,NA,NA,1,7,224,0,NA,NA,1,7,224,1,11,224,0,NA,NA,224,224,224,224,224,224,224,224,224,224,224,224,224,224,224,224,224,224,224,224,224,224,224,210,211,212,213,214,215,216,217,218,219,220,221,222,223,224,225,226,"G","E","R","L","R","E","V","C","G","T","P","S","Y","L","A","P","E","A P E","P E",218,"G",226,4,45,"DEALPDSHSAQDFYENYEPKEILGRGVSSVVRRCIHKPTSQE",0,NA,NA,0,NA,NA,0,NA,NA,0,NA,NA,0,NA,NA,1,24,27,0,NA,NA,0,NA,NA,0,NA,NA,1,24,27,0,NA,NA,0,NA,NA,NA,NA,NA,NA,NA,NA,NA,NA,27,27,27,27,27,27,27,27,27,27,27,27,27,"GRGVSS","G","R","G","V","S","S",27,28,29,30,31,32,"G G S","GRGVSSVVRRCIHKPTSQEYAVKVIDVTGGGSFSPEEVRELREATLKEVDILRKVSGHPNIIQLKDTYETNTFFFLVFDLWEDTDTMEMEQKWCLGWDSPKSTNFRAQGRARMKRGELFDYLTEKVTLSEKETRKIMRALLEVICTLHKLNIVHRDLKPENILLDDNMNIKLTDFGFSCQLEPGERLREVCGTPSYLAPE",54,79,"TGGGSFSPEEVRELREATLKEVDILR",2,10,63,1,21,74,0,NA,NA,1,16,69,0,NA,NA,63,63,63,63,63,63,63,"E","PHKG1_201_TCGA-B9-A5W7-01_F"
"44","PHKG1","201","F","TCGA-BS-A0UF-01.3109",5260,"TCGA-BS-A0UF-01","genome.wustl.edu","Somatic","Missense_Mutation","Untested","F201C","H","getma.org/?cm=var&var=hg19,7,56151012,A,C&fts=all","getma.org/pdb.php?prot=PHKG1_HUMAN&from=20&to=288&var=F169C","getma.org/?cm=msa&ty=f&p=PHKG1_HUMAN&rb=20&re=288&var=F169C",7,56151012,56151012,"A","C",91,50,87,0,"ucec_tcga_mutations","C","PHKG1-201",419,"MTRDEALPDSHSAQDFYENYEPKEILGRGVSSVVRRCIHKPTSQEYAVKVIDVTGGGSFSPEEVRELREATLKEVDILRKVSGHPNIIQLKDTYETNTFFFLVFDLWEDTDTMEMEQKWCLGWDSPKSTNFRAQGRARMKRGELFDYLTEKVTLSEKETRKIMRALLEVICTLHKLNIVHRDLKPENILLDDNMNIKLTDFGFSCQLEPGERLREVCGTPSYLAPEIIECSMNEDHPGYGKEVDMWSTGVIMYTLLAGSPPFWHRKQMLMLRMIMSGNYQFGSPEWDDYSDTVKDLVSRFLVVQPQNRYTAEEALAHPFFQQYLVEEVRHFSPRGKFKVIALTVLASVRIYYQYRRVKPVTREIVIRDPYALRPLRRLIDAYAFRIYGHWVKKGQQQNRAALFENTPKAVLLSLAEEDY","YAVK","HRD","DFG",291,"CAMK Ser/Thr","SerineThreonine",1,1,1,1877,">ENSP00000445440.1","ENST00000452681.5","ENSG00000164776.8","OTTHUMG00000023869.3","-","PHKg1","PHKG1",NA,"PHKg1","SK283","",1,1,1,TRUE,1,1,1,46,49,180,NA,NA,200,NA,NA,200,201,202,180,181,182,187,"N",166,167,168,169,170,171,172,173,174,175,176,177,178,179,180,181,182,"L","L","E","V","I","C","T","L","H","K","L","N","I","V","H","R","D",174,"H",212,272,"RLREVCGTPSYLAPEIIECSMNEDHPGYGKEVDMWSTGVIMYTLLAGSPPFWHRKQMLMLR",1,13,224,1,14,224,1,7,224,0,NA,NA,0,NA,NA,1,13,224,0,NA,NA,0,NA,NA,1,7,224,0,NA,NA,1,7,224,1,11,224,0,NA,NA,224,224,224,224,224,224,224,224,224,224,224,224,224,224,224,224,224,224,224,224,224,224,224,210,211,212,213,214,215,216,217,218,219,220,221,222,223,224,225,226,"G","E","R","L","R","E","V","C","G","T","P","S","Y","L","A","P","E","A P E","P E",218,"G",226,4,45,"DEALPDSHSAQDFYENYEPKEILGRGVSSVVRRCIHKPTSQE",0,NA,NA,0,NA,NA,0,NA,NA,0,NA,NA,0,NA,NA,1,24,27,0,NA,NA,0,NA,NA,0,NA,NA,1,24,27,0,NA,NA,0,NA,NA,NA,NA,NA,NA,NA,NA,NA,NA,27,27,27,27,27,27,27,27,27,27,27,27,27,"GRGVSS","G","R","G","V","S","S",27,28,29,30,31,32,"G G S","GRGVSSVVRRCIHKPTSQEYAVKVIDVTGGGSFSPEEVRELREATLKEVDILRKVSGHPNIIQLKDTYETNTFFFLVFDLWEDTDTMEMEQKWCLGWDSPKSTNFRAQGRARMKRGELFDYLTEKVTLSEKETRKIMRALLEVICTLHKLNIVHRDLKPENILLDDNMNIKLTDFGFSCQLEPGERLREVCGTPSYLAPE",54,79,"TGGGSFSPEEVRELREATLKEVDILR",2,10,63,1,21,74,0,NA,NA,1,16,69,0,NA,NA,63,63,63,63,63,63,63,"E","PHKG1_201_TCGA-BS-A0UF-01_F"
"46","PRKCH","498","F","TCGA-BR-8687-01.2786",5583,"TCGA-BR-8687-01","broad.mit.edu","Somatic","Missense_Mutation","Untested","F498V","H","getma.org/?cm=var&var=hg19,14,61995851,T,G&fts=all","getma.org/pdb.php?prot=KPCL_HUMAN&from=355&to=614&var=F498V","getma.org/?cm=msa&ty=f&p=KPCL_HUMAN&rb=355&re=614&var=F498V",14,61995851,61995851,"T","G",NA,NA,NA,NA,"stad_tcga_mutations","V","PRKCH-001",683,"MSSGTMKFNGYLRVRIGEAVGLQPTRWSLRHSLFKKGHQLLDPYLTVSVDQVRVGQTSTKQKTNKPTYNEEFCANVTDGGHLELAVFHETPLGYDHFVANCTLQFQELLRTTGASDTFEGWVDLEPEGKVFVVITLTGSFTEATLQRDRIFKHFTRKRQRAMRRRVHQINGHKFMATYLRQPTYCSHCREFIWGVFGKQGYQCQVCTCVVHKRCHHLIVTACTCQNNINKVDSKIAEQRFGINIPHKFSIHNYKVPTFCDHCGSLLWGIMRQGLQCKICKMNVHIRCQANVAPNCGVNAVELAKTLAGMGLQPGNISPTSKLVSRSTLRRQGKESSKEGNGIGVNSSNRLGIDNFEFIRVLGKGSFGKVMLARVKETGDLYAVKVLKKDVILQDDDVECTMTEKRILSLARNHPFLTQLFCCFQTPDRLFFVMEFVNGGDLMFHIQKSRRFDEARARFYAAEIISALMFLHDKGIIYRDLKLDNVLLDHEGHCKLADFGMCKEGICNGVTTATFCGTPDYIAPEILQEMLYGPAVDWWAMGVLLYEMLCGHAPFEAENEDDLFEAILNDEVVYPTWLHEDATGILKSFMTKNPTMRLGSLTQGGEHAILRHPFFKEIDWAQLNHRQIEPPFRPRIKSREDVSNFDPDFIKEEPVLTPIDEGHLPMINQDEFRNFSYVSPELQP","YAVK","YRD","DFG",318,"AGC Ser/Thr","SerineThreonine",1,1,1,2018,">ENSP00000329127.5","ENST00000332981.8","ENSG00000027075.12","OTTHUMG00000152341.4","OTTHUMT00000276974.2","PKCh","PRKCH",NA,"PKCh","SK270","",1,1,1,TRUE,1,1,1,381,384,477,NA,NA,497,NA,NA,497,498,499,477,478,479,484,"N",463,464,465,466,467,468,469,470,471,472,473,474,475,476,477,478,479,"I","I","S","A","L","M","F","L","H","D","K","G","I","I","Y","R","D",471,"H",509,569,"VTTATFCGTPDYIAPEILQEMLYGPAVDWWAMGVLLYEMLCGHAPFEAENEDDLFEAILND",1,14,522,1,15,522,1,8,522,0,NA,NA,0,NA,NA,1,14,522,0,NA,NA,0,NA,NA,1,8,522,0,NA,NA,1,8,522,1,12,522,0,NA,NA,522,522,522,522,522,522,522,522,522,522,522,522,522,522,522,522,522,522,522,522,522,522,522,508,509,510,511,512,513,514,515,516,517,518,519,520,521,522,523,524,"G","V","T","T","A","T","F","C","G","T","P","D","Y","I","A","P","E","A P E","P E",516,"G",524,339,380,"GNGIGVNSSNRLGIDNFEFIRVLGKGSFGKVMLARVKETGDL",1,24,362,1,24,362,0,NA,NA,1,26,362,0,NA,NA,1,3,341,0,NA,NA,1,26,362,1,24,362,2,1,339,0,NA,NA,0,NA,NA,362,362,362,362,362,362,362,362,362,362,362,362,362,362,362,362,362,362,362,362,362,"GKGSFG","G","K","G","S","F","G",362,363,364,365,366,367,"G G G","GKGSFGKVMLARVKETGDLYAVKVLKKDVILQDDDVECTMTEKRILSLARNHPFLTQLFCCFQTPDRLFFVMEFVNGGDLMFHIQKSRRFDEARARFYAAEIISALMFLHDKGIIYRDLKLDNVLLDHEGHCKLADFGMCKEGICNGVTTATFCGTPDYIAPE",389,414,"DVILQDDDVECTMTEKRILSLARNHP",1,15,403,1,15,403,0,NA,NA,0,NA,NA,0,NA,NA,403,403,403,403,403,403,403,"E","PRKCH_498_TCGA-BR-8687-01_F"
"47","STK11","195","L","TCGA-AP-A059-01.3835",6794,"TCGA-AP-A059-01","genome.wustl.edu","Somatic","Missense_Mutation","Unknown","L195M","L","getma.org/?cm=var&var=hg19,19,1220490,C,A&fts=all","getma.org/pdb.php?prot=STK11_HUMAN&from=49&to=309&var=L195M","getma.org/?cm=msa&ty=f&p=STK11_HUMAN&rb=49&re=309&var=L195M",19,1220490,1220490,"C","A",45,9,55,0,"ucec_tcga_pub_mutations","M","STK11-001",433,"MEVVDPQQLGMFTEGELMSVGMDTFIHRIDSTEVIYQPRRKRAKLIGKYLMGDLLGEGSYGKVKEVLDSETLCRRAVKILKKKKLRRIPNGEANVKKEIQLLRRLRHKNVIQLVDVLYNEEKQKMYMVMEYCVCGMQEMLDSVPEKRFPVCQAHGYFCQLIDGLEYLHSQGIVHKDIKPGNLLLTTGGTLKISDLGVAEALHPFAADDTCRTSQGSPAFQPPEIANGLDTFSGFKVDIWSAGVTLYNITTGLYPFEGDNIYKLFENIGKGSYAIPGDCGPPLSDLLKGMLEYEPAKRFSIRQIRQHSWFRKKHPPAEAPVPIPPSPDTKDRWRSMTVVPYLEDLHGADEDEDLFDIEDDIIYTQDFTVPGQVPEEEASHNGQRRGLPKAVCMNGTEAAQLSTKSRAEGRAPNPARKACSASSKIRRLSACKQQ","RAVK","HKD","DLG",375,"CAMK Ser/Thr","SerineThreonine",1,1,1,2344,">ENSP00000324856.6","ENST00000326873.10","ENSG00000118046.13","OTTHUMG00000180118.7","OTTHUMT00000449839.6","LKB1","STK11",NA,"LKB1","SK208","",1,1,1,TRUE,1,1,1,75,78,174,NA,NA,194,NA,NA,194,195,196,174,175,176,181,"N",160,161,162,163,164,165,166,167,168,169,170,171,172,173,174,175,176,"L","I","D","G","L","E","Y","L","H","S","Q","G","I","V","H","K","D",168,"H",206,266,"ADDTCRTSQGSPAFQPPEIANGLDTFSGFKVDIWSAGVTLYNITTGLYPFEGDNIYKLFEN",0,NA,NA,1,17,221,0,NA,NA,0,NA,NA,0,NA,NA,0,NA,NA,0,NA,NA,0,NA,NA,0,NA,NA,0,NA,NA,2,10,221,0,NA,NA,0,NA,NA,NA,NA,NA,NA,221,221,221,221,221,221,221,221,221,221,221,221,221,221,221,221,221,221,221,207,208,209,210,211,212,213,214,215,216,217,218,219,220,221,222,223,"D","D","T","C","R","T","S","Q","G","S","P","A","F","Q","P","P","E","P P E","P E",215,"G",223,33,74,"EVIYQPRRKRAKLIGKYLMGDLLGEGSYGKVKEVLDSETLCR",1,24,56,0,NA,NA,1,24,56,0,NA,NA,0,NA,NA,0,NA,NA,0,NA,NA,1,26,56,2,15,47,1,24,56,0,NA,NA,0,NA,NA,56,56,56,56,56,56,56,56,56,56,56,56,56,56,56,56,56,56,56,56,56,"GEGSYG","G","E","G","S","Y","G",56,57,58,59,60,61,"G G G","GEGSYGKVKEVLDSETLCRRAVKILKKKKLRRIPNGEANVKKEIQLLRRLRHKNVIQLVDVLYNEEKQKMYMVMEYCVCGMQEMLDSVPEKRFPVCQAHGYFCQLIDGLEYLHSQGIVHKDIKPGNLLLTTGGTLKISDLGVAEALHPFAADDTCRTSQGSPAFQPPE",83,108,"KKLRRIPNGEANVKKEIQLLRRLRHK",1,16,98,0,NA,NA,0,NA,NA,1,16,98,0,NA,NA,98,98,98,98,98,98,98,"E","STK11_195_TCGA-AP-A059-01_L"
"51","TBK1","158","F","TCGA-AP-A059-01.4073",29110,"TCGA-AP-A059-01","genome.wustl.edu","Somatic","Missense_Mutation","Untested","F158C","H","getma.org/?cm=var&var=hg19,12,64860795,T,G&fts=all","getma.org/pdb.php?prot=TBK1_HUMAN&from=9&to=329&var=F158C","getma.org/?cm=msa&ty=f&p=TBK1_HUMAN&rb=9&re=329&var=F158C",12,64860795,64860795,"T","G",169,41,573,0,"ucec_tcga_mutations","C","TBK1-001",729,"MQSTSNHLWLLSDILGQGATANVFRGRHKKTGDLFAIKVFNNISFLRPVDVQMREFEVLKKLNHKNIVKLFAIEEETTTRHKVLIMEFCPCGSLYTVLEEPSNAYGLPESEFLIVLRDVVGGMNHLRENGIVHRDIKPGNIMRVIGEDGQSVYKLTDFGAARELEDDEQFVSLYGTEEYLHPDMYERAVLRKDHQKKYGATVDLWSIGVTFYHAATGSLPFRPFEGPRRNKEVMYKIITGKPSGAISGVQKAENGPIDWSGDMPVSCSLSRGLQVLLTPVLANILEADQEKCWGFDQFFAETSDILHRMVIHVFSLQQMTAHKIYIHSYNTATIFHELVYKQTKIISSNQELIYEGRRLVLEPGRLAQHFPKTTEENPIFVVSREPLNTIGLIYEKISLPKVHPRYDLDGDASMAKAITGVVCYACRIASTLLLYQELMRKGIRWLIELIKDDYNETVHKKTEVVITLDFCIRNIEKTVKVYEKLMKINLEAAELGEISDIHTKLLRLSSSQGTIETSLQDIDSRLSPGGSLADAWAHQEGTHPKDRNVEKLQVLLNCMTEIYYQFKKDKAERRLAYNEEQIHKFDKQKLYYHATKAMTHFTDECVKKYEAFLNKSEEWIRKMLHLRKQLLSLTNQCFDIEEEVSKYQEYTNELQETLPQKMFTASSGIKHTMTPIYPSSNTLVEMTLGMKKLKEEMEGVVKELAENNHILERFGSLTMDGGLRNVDCL","FAIK","HRD","DFG",397,"Other","Other",1,1,1,2475,">ENSP00000329967.5","ENST00000331710.8","ENSG00000183735.8","OTTHUMG00000168796.1","OTTHUMT00000401130.1","TBK1","TBK1",NA,"TBK1","SK531","",1,1,1,TRUE,1,1,1,35,38,133,NA,NA,157,NA,NA,157,158,159,133,134,135,140,"N",119,120,121,122,123,124,125,126,127,128,129,130,131,132,133,134,135,"V","V","G","G","M","N","H","L","R","E","N","G","I","V","H","R","D",125,"H",169,229,"QFVSLYGTEEYLHPDMYERAVLRKDHQKKYGATVDLWSIGVTFYHAATGSLPFRPFEGPRR",0,NA,NA,0,NA,NA,0,NA,NA,0,NA,NA,1,7,181,0,NA,NA,0,NA,NA,0,NA,NA,1,7,181,0,NA,NA,1,49,223,0,NA,NA,0,NA,NA,NA,NA,NA,NA,NA,NA,181,181,181,181,181,181,181,181,181,181,181,181,181,181,181,181,181,167,168,169,170,171,172,173,174,175,176,177,178,179,180,181,182,183,"D","E","Q","F","V","S","L","Y","G","T","E","E","Y","L","H","P","D","H P D","P D",175,"G",183,1,34,"MQSTSNHLWLLSDILGQGATANVFRGRHKKTGDL",0,NA,NA,0,NA,NA,0,NA,NA,0,NA,NA,1,16,16,0,NA,NA,0,NA,NA,0,NA,NA,0,NA,NA,1,16,16,0,NA,NA,0,NA,NA,NA,NA,NA,NA,NA,NA,16,16,16,16,16,16,16,16,16,16,16,16,16,16,16,"GQGATA","G","Q","G","A","T","A",16,17,18,19,20,21,"G G A","GQGATANVFRGRHKKTGDLFAIKVFNNISFLRPVDVQMREFEVLKKLNHKNIVKLFAIEEETTTRHKVLIMEFCPCGSLYTVLEEPSNAYGLPESEFLIVLRDVVGGMNHLRENGIVHRDIKPGNIMRVIGEDGQSVYKLTDFGAARELEDDEQFVSLYGTEEYLHPD",43,68,"ISFLRPVDVQMREFEVLKKLNHKNIV",1,13,55,0,NA,NA,0,NA,NA,0,NA,NA,0,NA,NA,55,55,55,55,55,55,55,"E","TBK1_158_TCGA-AP-A059-01_F"
"53","TEK","983","F","TCGA-66-2756-01.1281",7010,"TCGA-66-2756-01","broad.mit.edu","Somatic","Missense_Mutation","---","F983I","H","getma.org/?cm=var&var=hg19,9,27213551,T,A&fts=all","getma.org/pdb.php?prot=TIE2_HUMAN&from=824&to=1092&var=F983I","getma.org/?cm=msa&ty=f&p=TIE2_HUMAN&rb=824&re=1092&var=F983I",9,27213551,27213551,"T","A",881,20,NA,NA,"lusc_tcga_mutations","I","TEK-002",1124,"MDSLASLVLCGVSLLLSGTVEGAMDLILINSLPLVSDAETSLTCIASGWRPHEPITIGRDFEALMNQHQDPLEVTQDVTREWAKKVVWKREKASKINGAYFCEGRVRGEAIRIRTMKMRQQASFLPATLTMTVDKGDNVNISFKKVLIKEEDAVIYKNGSFIHSVPRHEVPDILEVHLPHAQPQDAGVYSARYIGGNLFTSAFTRLIVRRCEAQKWGPECNHLCTACMNNGVCHEDTGECICPPGFMGRTCEKACELHTFGRTCKERCSGQEGCKSYVFCLPDPYGCSCATGWKGLQCNEACHPGFYGPDCKLRCSCNNGEMCDRFQGCLCSPGWQGLQCEREGIQRMTPKIVDLPDHIEVNSGKFNPICKASGWPLPTNEEMTLVKPDGTVLHPKDFNHTDHFSVAIFTIHRILPPDSGVWVCSVNTVAGMVEKPFNISVKVLPKPLNAPNVIDTGHNFAVINISSEPYFGDGPIKSKKLLYKPVNHYEAWQHIQVTNEIVTLNYLEPRTEYELCVQLVRRGEGGEGHPGPVRRFTTASIGLPPPRGLNLLPKSQTTLNLTWQPIFPSSEDDFYVEVERRSVQKSDQQNIKVPGNLTSVLLNNLHPREQYVVRARVNTKAQGEWSEDLTAWTLSDILPPQPENIKISNITHSSAVISWTILDGYSISSITIRYKVQGKNEDQHVDVKIKNATITQYQLKGLEPETAYQVDIFAENNIGSSNPAFSHELVTLPESQAPADLGGGKMLLIAILGSAGMTCLTVLLAFLIILQLKRANVQRRMAQAFQNVREEPAVQFNSGTLALNRKVKNNPDPTIYPVLDWNDIKFQDVIGEGNFGQVLKARIKKDGLRMDAAIKRMKEYASKDDHRDFAGELEVLCKLGHHPNIINLLGACEHRGYLYLAIEYAPHGNLLDFLRKSRVLETDPAFAIANSTASTLSSQQLLHFAADVARGMDYLSQKQFIHRDLAARNILVGENYVAKIADFGLSRGQEVYVKKTMGRLPVRWMAIESLNYSVYTTNSDVWSYGVLLWEIVSLGGTPYCGMTCAELYEKLPQGYRLEKPLNCDDEVYDLMRQCWREKPYERPSFAQILVSLNRMLEERKTYVNTTLYEKFTYAGIDCSAEEAA","AAIK","HRD","DFG",399,"Tyr Kinase","Tyrosine",1,2,1,2479,">ENSP00000369375.4","ENST00000380036.7","ENSG00000120156.19","OTTHUMG00000019712.4","OTTHUMT00000051965.3","TIE2","TEK",NA,"TIE2","SK367","",1,2,1,TRUE,1,2,1,852,855,866,962,NA,982,NA,NA,982,983,984,962,963,964,969,"N",948,949,950,951,952,953,954,955,956,957,958,959,960,961,962,963,964,"V","A","R","G","M","D","Y","L","S","Q","K","Q","F","I","H","R","D",956,"S",994,1054,"KKTMGRLPVRWMAIESLNYSVYTTNSDVWSYGVLLWEIVSLGGTPYCGMTCAELYEKLPQG",0,NA,NA,0,NA,NA,0,NA,NA,0,NA,NA,0,NA,NA,1,13,1006,0,NA,NA,0,NA,NA,0,NA,NA,0,NA,NA,1,48,1047,0,NA,NA,0,NA,NA,NA,NA,NA,NA,NA,NA,NA,NA,NA,NA,NA,NA,NA,NA,NA,NA,1006,1006,1006,1006,1006,1006,1006,992,993,994,995,996,997,998,999,1000,1001,1002,1003,1004,1005,1006,1007,1008,"Y","V","K","K","T","M","G","R","L","P","V","R","W","M","A","I","E","A I E","I E",998,"G",1008,810,851,"NPDPTIYPVLDWNDIKFQDVIGEGNFGQVLKARIKKDGLRMD",1,22,831,1,22,831,0,NA,NA,1,24,831,0,NA,NA,0,NA,NA,0,NA,NA,1,24,831,1,22,831,1,22,831,0,NA,NA,0,NA,NA,831,831,831,831,831,831,831,831,831,831,831,831,831,831,831,831,831,831,831,831,831,"GEGNFG","G","E","G","N","F","G",831,832,833,834,835,836,"G G G","GEGNFGQVLKARIKKDGLRMDAAIKRMKEYASKDDHRDFAGELEVLCKLGHHPNIINLLGACEHRGYLYLAIEYAPHGNLLDFLRKSRVLETDPAFAIANSTASTLSSQQLLHFAADVARGMDYLSQKQFIHRDLAARNILVGENYVAKIADFGLSRGQEVYVKKTMGRLPVRWMAIE",860,885,"YASKDDHRDFAGELEVLCKLGHHPNI",1,13,872,0,NA,NA,0,NA,NA,0,NA,NA,0,NA,NA,872,872,872,872,872,872,872,"E","TEK_983_TCGA-66-2756-01_F"
"54","VRK1","198","Y","TCGA-DB-5280-01",7443,"TCGA-DB-5280-01","hgsc.bcm.edu;broad.mit.edu;ucsc.edu","Somatic","Missense_Mutation","Untested","Y198C","M","getma.org/?cm=var&var=hg19,14,97321577,A,G&fts=all","getma.org/pdb.php?prot=VRK1_HUMAN&from=37&to=325&var=Y198C","getma.org/?cm=msa&ty=f&p=VRK1_HUMAN&rb=37&re=325&var=Y198C",14,97321577,97321577,"A","G",106,78,NA,NA,"lgg_tcga_mutations","C","VRK1-001",396,"MPRVKAAQAGRQSSAKRHLAEQFAVGEIITDMAKKEWKVGLPIGQGGFGCIYLADMNSSESVGSDAPCVVKVEPSDNGPLFTELKFYQRAAKPEQIQKWIRTRKLKYLGVPKYWGSGLHDKNGKSYRFMIMDRFGSDLQKIYEANAKRFSRKTVLQLSLRILDILEYIHEHEYVHGDIKASNLLLNYKNPDQVYLVDYGLAYRYCPEGVHKEYKEDPKRCHDGTIEFTSIDAHNGVAPSRRGDLEILGYCMIQWLTGHLPWEDNLKDPKYVRDSKIRYRENIASLMDKCFPEKNKPGEIAKYMETVKLLDYTEKPLYENLRDILLQGLKAIGSKDDGKLDLSVVENGGLKAKTITKKRKKEIEESKEPGVEDTEWSNTQTEEAIQTRSRTRKRVQK","CVVK","HGD","DYG",427,"CK1 Ser/Thr","SerineThreonine",1,1,1,2636,">ENSP00000216639.3","ENST00000216639.6","ENSG00000100749.6","OTTHUMG00000171459.1","OTTHUMT00000413520.1","VRK1","VRK1",NA,"VRK1","SK389","",1,1,1,TRUE,1,1,1,68,71,175,NA,NA,197,NA,NA,197,198,199,175,176,177,182,"N",161,162,163,164,165,166,167,168,169,170,171,172,173,174,175,176,177,"I","L","D","I","L","E","Y","I","H","E","H","E","Y","V","H","G","D",169,"H",209,269,"VHKEYKEDPKRCHDGTIEFTSIDAHNGVAPSRRGDLEILGYCMIQWLTGHLPWEDNLKDPK",0,NA,NA,0,NA,NA,0,NA,NA,0,NA,NA,1,15,229,0,NA,NA,0,NA,NA,0,NA,NA,0,NA,NA,0,NA,NA,0,NA,NA,0,NA,NA,0,NA,NA,NA,NA,NA,NA,NA,NA,229,229,229,229,229,229,229,229,229,229,229,229,229,229,229,229,229,215,216,217,218,219,220,221,222,223,224,225,226,227,228,229,230,231,"E","D","P","K","R","C","H","D","G","T","I","E","F","T","S","I","D","S I D","I D",223,"G",231,26,67,"GEIITDMAKKEWKVGLPIGQGGFGCIYLADMNSSESVGSDAP",1,19,44,1,19,44,0,NA,NA,1,21,44,0,NA,NA,0,NA,NA,0,NA,NA,1,19,42,1,19,44,2,19,44,0,NA,NA,1,21,44,44,44,44,44,44,44,44,44,44,44,44,44,44,44,44,44,44,44,44,44,44,"GQGGFG","G","Q","G","G","F","G",44,45,46,47,48,49,"G G G","GQGGFGCIYLADMNSSESVGSDAPCVVKVEPSDNGPLFTELKFYQRAAKPEQIQKWIRTRKLKYLGVPKYWGSGLHDKNGKSYRFMIMDRFGSDLQKIYEANAKRFSRKTVLQLSLRILDILEYIHEHEYVHGDIKASNLLLNYKNPDQVYLVDYGLAYRYCPEGVHKEYKEDPKRCHDGTIEFTSID",76,101,"DNGPLFTELKFYQRAAKPEQIQKWIR",0,NA,NA,0,NA,NA,0,NA,NA,0,NA,NA,0,NA,NA,NA,NA,NA,NA,NA,NA,NA,NA,"VRK1_198_TCGA-DB-5280-01_Y"
