"","Gene","Codon","AA","X","entrez_gene_id","case_id","sequencing_center","mutation_status","mutation_type","validation_status","amino_acid_change","functional_impact_score","xvar_link","xvar_link_pdb","xvar_link_msa","chr","start_position","end_position","reference_allele","variant_allele","reference_read_count_tumor","variant_read_count_tumor","reference_read_count_normal","variant_read_count_normal","genetic_profile_id","VarAA","f","Length","Protein_Seq","X.x","VAIKmotif","HRDmotif","DFGmotif","Family","Secondary.Family","numberofVAIK.x","numberofHRD.x","numberofDFG.x","X.1","Gene.y","a","b","c","d","e","Length_i_think.y","Protein_Seq.y","HunterName","newname","X.y","Hunter","Accession","VAIKmotif.y","HRDmotif.y","DFGmotif.y","Notes...altnames","numberofVAIK.y","numberofHRD.y","numberofDFG.y","DUP","VAIKtouse","HRDtouse","DFGtouse","firstVAIK","actual_lysine","firstHRD","secondHRD","thirdHRD","firstDFG","secondDFG","thirdDFG","actual_HRD_H","actual_HRD_R","actual_HRD_D","actual_DFG_D","actual_DFG_F","actual_DFG_G","APEfragstart","APEfragend","APEfrag","numAPE","APELoc","locAPEprotein","numPE","PELoc","locPEprotein","numGTx6E","GTx6ELoc","locGTx6Eprotein","numGTx5NE","GTx5NELoc","locGTx5NEprotein","numGTx6D","GTx6DLoc","locGTx6Dprotein","numAxE","AxELoc","locAxEprotein","numAPD","APDLoc","locAPDprotein","numPPD","PPDLoc","locPPDprotein","numGTxxY","GTxxYLoc","locGTxxYprotein","numPIR","PIRLoc","locPIRprotein","numGx7E","Gx7ELoc","locGx7Eprotein","numYxAP","YxAPLoc","YxAPLocprotein","numWYxxPR","WYxxPRLoc","WYxxPRLocprotein","loc_actual_APE_A","loc_actual_APE_B","loc_actual_APE_C","loc_actual_APE_D","loc_actual_APE_E","loc_actual_APE_F","loc_actual_APE_G","loc_actual_APE_H","loc_actual_APE_I","loc_actual_APE_J","loc_actual_APE_K","loc_actual_APE_L","loc_actual_APE_M","loc_actual_APE_N","loc_actual_APE_O","loc_actual_APE_P","loc_actual_APE_Q","loc_actual_APE_R","loc_actual_APE_S","loc_actual_APE_T","loc_actual_APE_U","loc_actual_APE_V","loc_actual_APE","APE_m14loc","APE_m13loc","APE_m12loc","APE_m11loc","APE_m10loc","APE_m9loc","APE_m8loc","APE_m7loc","APE_m6loc","APE_m5loc","APE_m4loc","APE_m3loc","APE_m2loc","APE_m1loc","APE_A1loc","APE_P1loc","APE_E1loc","APE_m14","APE_m13","APE_m12","APE_m11","APE_m10","APE_m9","APE_m8","APE_m7","APE_m6","APE_m5","APE_m4","APE_m3","APE_m2","APE_m1","APE_A1","APE_P1","APE_E1","APE_MOTIF","PE_MOTIF","correctedG_loc","correctedG","endCAT","GxGfragstart","GxGfragend","GxGfrag","numGxGxxG","GxGxxGLoc","locGxGxxGprotein","numGxGxF","GxGxFLoc","locGxGxFprotein","numGxGxY","GxGxYLoc","locGxGxYprotein","numGxFG","GxFGLoc","locGxFGprotein","numGxGxxA","GxGxxALoc","locGxGxxAprotein","numGxGxxS","GxGxxSLoc","locGxGxxSprotein","numSxGxxG","SxGxxGLoc","locSxGxxGprotein","numGxxG","GxxGLoc","locGxxGprotein","numG4xG","G4xGLoc","locG4xGprotein","numGxG","GxGLoc","locGxGprotein","numGxTxF","GxTxFLoc","locGxTxFprotein","numGG","GGLoc","locGGprotein","loc_actual_gxg_A","loc_actual_gxg_B","loc_actual_gxg_C","loc_actual_gxg_D","loc_actual_gxg_E","loc_actual_gxg_F","loc_actual_gxg_G","loc_actual_gxg_H","loc_actual_gxg_I","loc_actual_gxg_J","loc_actual_gxg_K","loc_actual_gxg_L","loc_actual_gxg_M","loc_actual_gxg_N","loc_actual_gxg_O","loc_actual_gxg_P","loc_actual_gxg_Q","loc_actual_gxg_R","loc_actual_gxg_S","loc_actual_gxg_T","loc_actual_gxg","GxGxxGmotif","GxGxxG_G1","GxGxxG_X1","GxGxxG_G2","GxGxxG_X2","GxGxxG_X3","GxGxxG_G3","GxGxxG_G1loc","GxGxxG_X1loc","GxGxxG_G2loc","GxGxxG_X2loc","GxGxxG_X3loc","GxGxxG_G3loc","GXGXXG_MOTIF","pastedref"
"1","AAK1","31","G","TCGA-D8-A140-01.4",22848,"TCGA-D8-A140-01","genome.wustl.edu;unc.edu",NA,"Missense_Mutation",NA,"G31D","L","getma.org/?cm=var&var=hg19,2,69870081,C,T&fts=all",NA,"getma.org/?cm=msa&ty=f&p=AAK1_HUMAN&rb=1&re=45&var=G31D",2,69870081,69870081,"C","T",14,8,28,0,"brca_tcga_pub2015_mutations","D","AAK1-001",961,"MKKFFDSRREQGGSGLGSGSSGGGGSTSGLGSGYIGRVFGIGRQQVTVDEVLAEGGFAIVFLVRTSNGMKCALKRMFVNNEHDLQVCKREIQIMRDLSGHKNIVGYIDSSINNVSSGDVWEVLILMDFCRGGQVVNLMNQRLQTGFTENEVLQIFCDTCEAVARLHQCKTPIIHRDLKVENILLHDRGHYVLCDFGSATNKFQNPQTEGVNAVEDEIKKYTTLSYRAPEMVNLYSGKIITTKADIWALGCLLYKLCYFTLPFGESQVAICDGNFTIPDNSRYSQDMHCLIRYMLEPDPDKRPDIYQVSYFSFKLLKKECPIPNVQNSPIPAKLPEPVKASEAAAKKTQPKARLTDPIPTTETSIAPRQRPKAGQTQPNPGILPIQPALTPRKRATVQPPPQAAGSSNQPGLLASVPQPKPQAPPSQPLPQTQAKQPQAPPTPQQTPSTQAQGLPAQAQATPQHQQQLFLKQQQQQQQPPPAQQQPAGTFYQQQQAQTQQFQAVHPATQKPAIAQFPVVSQGGSQQQLMQNFYQQQQQQQQQQQQQQLATALHQQQLMTQQAALQQKPTMAAGQQPQPQPAAAPQPAPAQEPAIQAPVRQQPKVQTTPPPAVQGQKVGSLTPPSSPKTQRAGHRRILSDVTHSAVFGVPASKSTQLLQAAAAEASLNKSKSATTTPSGSPRTSQQNVYNPSEGSTWNPFDDDNFSKLTAEELLNKDFAKLGEGKHPEKLGGSAESLIPGFQSTQGDAFATTSFSAGTAEKRKGGQTVDSGLPLLSVSDPFIPLQVPDAPEKLIEGLKSPDTSLLLPDLLPMTDPFGSTSDAVIEKADVAVESLIPGLEPPVPQRLPSQTESVTSNRTDSLTGEDSLLDCSLLSNPTTDLLEEFAPTAISAPVHKAAEDSNLISGFDVPEGSDKVAEDEFDPIPVLITKNPQGGHSRNSSGSSESSLPNLARSLLLVDQLIDL",1,"CALK","HRD","DFG","Other","Other",1,1,1,5,"AAK1",">ENSP00000386456.3","ENST00000409085.7","ENSG00000115977.17","OTTHUMG00000129648.8","OTTHUMT00000251847.4",961,"MKKFFDSRREQGGSGLGSGSSGGGGSTSGLGSGYIGRVFGIGRQQVTVDEVLAEGGFAIVFLVRTSNGMKCALKRMFVNNEHDLQVCKREIQIMRDLSGHKNIVGYIDSSINNVSSGDVWEVLILMDFCRGGQVVNLMNQRLQTGFTENEVLQIFCDTCEAVARLHQCKTPIIHRDLKVENILLHDRGHYVLCDFGSATNKFQNPQTEGVNAVEDEIKKYTTLSYRAPEMVNLYSGKIITTKADIWALGCLLYKLCYFTLPFGESQVAICDGNFTIPDNSRYSQDMHCLIRYMLEPDPDKRPDIYQVSYFSFKLLKKECPIPNVQNSPIPAKLPEPVKASEAAAKKTQPKARLTDPIPTTETSIAPRQRPKAGQTQPNPGILPIQPALTPRKRATVQPPPQAAGSSNQPGLLASVPQPKPQAPPSQPLPQTQAKQPQAPPTPQQTPSTQAQGLPAQAQATPQHQQQLFLKQQQQQQQPPPAQQQPAGTFYQQQQAQTQQFQAVHPATQKPAIAQFPVVSQGGSQQQLMQNFYQQQQQQQQQQQQQQLATALHQQQLMTQQAALQQKPTMAAGQQPQPQPAAAPQPAPAQEPAIQAPVRQQPKVQTTPPPAVQGQKVGSLTPPSSPKTQRAGHRRILSDVTHSAVFGVPASKSTQLLQAAAAEASLNKSKSATTTPSGSPRTSQQNVYNPSEGSTWNPFDDDNFSKLTAEELLNKDFAKLGEGKHPEKLGGSAESLIPGFQSTQGDAFATTSFSAGTAEKRKGGQTVDSGLPLLSVSDPFIPLQVPDAPEKLIEGLKSPDTSLLLPDLLPMTDPFGSTSDAVIEKADVAVESLIPGLEPPVPQRLPSQTESVTSNRTDSLTGEDSLLDCSLLSNPTTDLLEEFAPTAISAPVHKAAEDSNLISGFDVPEGSDKVAEDEFDPIPVLITKNPQGGHSRNSSGSSESSLPNLARSLLLVDQLIDL","AAK1","AAK1",NA,"AAK1","SK422","CALK","HRD","DFG","",1,1,1,TRUE,1,1,1,71,74,174,NA,NA,194,NA,NA,174,175,176,194,195,196,206,266,"QTEGVNAVEDEIKKYTTLSYRAPEMVNLYSGKIITTKADIWALGCLLYKLCYFTLPFGESQ",1,22,227,1,23,227,0,NA,NA,0,NA,NA,0,NA,NA,2,7,212,0,NA,NA,0,NA,NA,0,NA,NA,0,NA,NA,0,NA,NA,1,20,227,0,NA,NA,227,227,227,227,227,227,227,227,227,227,227,227,227,227,227,227,227,227,227,227,227,227,227,213,214,215,216,217,218,219,220,221,222,223,224,225,226,227,228,229,"V","E","D","E","I","K","K","Y","T","T","L","S","Y","R","A","P","E","A P E","P E",221,"T",269,29,70,"GLGSGYIGRVFGIGRQQVTVDEVLAEGGFAIVFLVRTSNGMK",1,3,31,0,NA,NA,0,NA,NA,0,NA,NA,0,NA,NA,0,NA,NA,0,NA,NA,1,5,31,1,3,31,2,1,29,0,NA,NA,1,27,53,31,31,31,31,31,31,31,31,31,31,31,31,31,31,31,31,31,31,31,31,31,"GSGYIG","G","S","G","Y","I","G",31,32,33,34,35,36,"G G G","AAK1_31_TCGA-D8-A140-01_G"
"4","AATK","132","G","TCGA-FU-A3HZ-01.7",9625,"TCGA-FU-A3HZ-01","genome.wustl.edu","Somatic","Missense_Mutation","Untested","G132S","H","getma.org/?cm=var&var=hg19,17,79102290,C,T&fts=all","getma.org/pdb.php?prot=LMTK1_HUMAN&from=125&to=395&var=G132S","getma.org/?cm=msa&ty=f&p=LMTK1_HUMAN&rb=125&re=395&var=G132S",17,79102290,79102290,"C","T",NA,NA,NA,NA,"cesc_tcga_mutations","S","AATK-001",1374,"MSSSFFNPSFAFSSHFDPDGAPLSELSWPSSLAVVAVSFSGLFAVIVLMLACLCCKKGGIGFKEFENAEGDEYAADLAQGSPATAAQNGPDVYVLPLTEVSLPMAKQPGRSVQLLKSTDVGRHSLLYLKEIGRGWFGKVFLGEVNSGISSAQVVVKELQASASVQEQMQFLEEVQPYRALKHSNLLQCLAQCAEVTPYLLVMEFCPLGDLKGYLRSCRVAESMAPDPRTLQRMACEVACGVLHLHRNNFVHSDLALRNCLLTADLTVKIGDYGLAHCKYREDYFVTADQLWVPLRWIAPELVDEVHSNLLVVDQTKSGNVWSLGVTIWELFELGTQPYPQHSDQQVLAYTVREQQLKLPKPQLQLTLSDRWYEVMQFCWLQPEQRPTAEEVHLLLSYLCAKGATEAEEEFERRWRSLRPGGGGVGPGPGAAGPMLGGVVELAAASSFPLLEQFAGDGFHADGDDVLTVTETSRGLNFEYKWEAGRGAEAFPATLSPGRTARLQELCAPDGAPPGVVPVLSAHSPSLGSEYFIRLEEAAPAAGHDPDCAGCAPSPPATADQDDDSDGSTAASLAMEPLLGHGPPVDVPWGRGDHYPRRSLARDPLCPSRSPSPSAGPLSLAEGGAEDADWGVAAFCPAFFEDPLGTSPLGSSGAPPLPLTGEDELEEVGARRAAQRGHWRSNVSANNNSGSRCPESWDPVSAGGHAEGCPSPKQTPRASPEPGYPGEPLLGLQAASAQEPGCCPGLPHLCSAQGLAPAPCLVTPSWTETASSGGDHPQAEPKLATEAEGTTGPRLPLPSVPSPSQEGAPLPSEEASAPDAPDALPDSPTPATGGEVSAIKLASALNGSSSSPEVEAPSSEDEDTAEATSGIFTDTSSDGLQARRPDVVPAFRSLQKQVGTPDSLDSLDIPSSASDGGYEVFSPSATGPSGGQPRALDSGYDTENYESPEFVLKEAQEGCEPQAFAELASEGEGPGPETRLSTSLSGLNEKNPYRDSAYFSDLEAEAEATSGPEKKCGGDRAPGPELGLPSTGQPSEQVCLRPGVSGEAQGSGPGEVLPPLLQLEGSSPEPSTCPSGLVPEPPEPQGPAKVRPGPSPSCSQFFLLTPVPLRSEGNSSEFQGPPGLLSGPAPQKRMGGPGTPRAPLRLALPGLPAALEGRPEEEEEDSEDSDESDEELRCYSVQEPSEDSEEEAPAVPVVVAESQSARNLRSLLKMPSLLSETFCEDLERKKKAVSFFDDVTVYLFDQESPTRELGEPFPGAKESPPTFLRGSPGSPSAPNRPQQADGSPNGSTAEEGGGFAWDDDFPLMTAKAAFAMALDPAAPAPAAPTPTPAPFSRFTVSPAPTSRFSITHVSDSDAESKRGPEAGAGGESKEA",2,"VVVK","HSD","DYG","Tyr Kinase","Tyrosine",1,2,1,11,"AATK",">ENSP00000324196.4","ENST00000326724.7","ENSG00000181409.10","OTTHUMG00000132717.2","OTTHUMT00000256055.1",1374,"MSSSFFNPSFAFSSHFDPDGAPLSELSWPSSLAVVAVSFSGLFAVIVLMLACLCCKKGGIGFKEFENAEGDEYAADLAQGSPATAAQNGPDVYVLPLTEVSLPMAKQPGRSVQLLKSTDVGRHSLLYLKEIGRGWFGKVFLGEVNSGISSAQVVVKELQASASVQEQMQFLEEVQPYRALKHSNLLQCLAQCAEVTPYLLVMEFCPLGDLKGYLRSCRVAESMAPDPRTLQRMACEVACGVLHLHRNNFVHSDLALRNCLLTADLTVKIGDYGLAHCKYREDYFVTADQLWVPLRWIAPELVDEVHSNLLVVDQTKSGNVWSLGVTIWELFELGTQPYPQHSDQQVLAYTVREQQLKLPKPQLQLTLSDRWYEVMQFCWLQPEQRPTAEEVHLLLSYLCAKGATEAEEEFERRWRSLRPGGGGVGPGPGAAGPMLGGVVELAAASSFPLLEQFAGDGFHADGDDVLTVTETSRGLNFEYKWEAGRGAEAFPATLSPGRTARLQELCAPDGAPPGVVPVLSAHSPSLGSEYFIRLEEAAPAAGHDPDCAGCAPSPPATADQDDDSDGSTAASLAMEPLLGHGPPVDVPWGRGDHYPRRSLARDPLCPSRSPSPSAGPLSLAEGGAEDADWGVAAFCPAFFEDPLGTSPLGSSGAPPLPLTGEDELEEVGARRAAQRGHWRSNVSANNNSGSRCPESWDPVSAGGHAEGCPSPKQTPRASPEPGYPGEPLLGLQAASAQEPGCCPGLPHLCSAQGLAPAPCLVTPSWTETASSGGDHPQAEPKLATEAEGTTGPRLPLPSVPSPSQEGAPLPSEEASAPDAPDALPDSPTPATGGEVSAIKLASALNGSSSSPEVEAPSSEDEDTAEATSGIFTDTSSDGLQARRPDVVPAFRSLQKQVGTPDSLDSLDIPSSASDGGYEVFSPSATGPSGGQPRALDSGYDTENYESPEFVLKEAQEGCEPQAFAELASEGEGPGPETRLSTSLSGLNEKNPYRDSAYFSDLEAEAEATSGPEKKCGGDRAPGPELGLPSTGQPSEQVCLRPGVSGEAQGSGPGEVLPPLLQLEGSSPEPSTCPSGLVPEPPEPQGPAKVRPGPSPSCSQFFLLTPVPLRSEGNSSEFQGPPGLLSGPAPQKRMGGPGTPRAPLRLALPGLPAALEGRPEEEEEDSEDSDESDEELRCYSVQEPSEDSEEEAPAVPVVVAESQSARNLRSLLKMPSLLSETFCEDLERKKKAVSFFDDVTVYLFDQESPTRELGEPFPGAKESPPTFLRGSPGSPSAPNRPQQADGSPNGSTAEEGGGFAWDDDFPLMTAKAAFAMALDPAAPAPAAPTPTPAPFSRFTVSPAPTSRFSITHVSDSDAESKRGPEAGAGGESKEA","LMR1","AATK",NA,"LMR1","SK413","VVVK","HSD","DYG","",1,2,1,TRUE,1,1,1,153,156,251,341,NA,271,NA,NA,251,252,253,271,272,273,283,343,"YFVTADQLWVPLRWIAPELVDEVHSNLLVVDQTKSGNVWSLGVTIWELFELGTQPYPQHSD",1,16,298,1,17,298,0,NA,NA,0,NA,NA,0,NA,NA,1,16,298,0,NA,NA,0,NA,NA,1,52,340,0,NA,NA,1,42,330,0,NA,NA,0,NA,NA,298,298,298,298,298,298,298,298,298,298,298,298,298,298,298,298,298,298,298,298,298,298,298,284,285,286,287,288,289,290,291,292,293,294,295,296,297,298,299,300,"F","V","T","A","D","Q","L","W","V","P","L","R","W","I","A","P","E","A P E","P E",292,"V",340,111,152,"SVQLLKSTDVGRHSLLYLKEIGRGWFGKVFLGEVNSGISSAQ",1,22,132,1,22,132,0,NA,NA,1,24,132,0,NA,NA,0,NA,NA,0,NA,NA,1,24,132,2,22,132,1,22,132,0,NA,NA,0,NA,NA,132,132,132,132,132,132,132,132,132,132,132,132,132,132,132,132,132,132,132,132,132,"GRGWFG","G","R","G","W","F","G",132,133,134,135,136,137,"G G G","AATK_132_TCGA-FU-A3HZ-01_G"
"5","BMX","424","G","TCGA-EE-A2GP-06.258",660,"TCGA-EE-A2GP-06","broad.mit.edu","Somatic","Missense_Mutation",NA,"G424E","H","getma.org/?cm=var&var=hg19,X,15555305,G,A&fts=all","getma.org/pdb.php?prot=BMX_HUMAN&from=417&to=666&var=G424E","getma.org/?cm=msa&ty=f&p=BMX_HUMAN&rb=417&re=666&var=G424E",23,15555305,15555305,"G","A",30,89,NA,NA,"skcm_tcga_mutations","E","BMX-001",675,"MDTKSILEELLLKRSQQKKKMSPNNYKERLFVLTKTNLSYYEYDKMKRGSRKGSIEIKKIRCVEKVNLEEQTPVERQYPFQIVYKDGLLYVYASNEESRSQWLKALQKEIRGNPHLLVKYHSGFFVDGKFLCCQQSCKAAPGCTLWEAYANLHTAVNEEKHRVPTFPDRVLKIPRAVPVLKMDAPSSSTTLAQYDNESKKNYGSQPPSSSTSLAQYDSNSKKIYGSQPNFNMQYIPREDFPDWWQVRKLKSSSSSEDVASSNQKERNVNHTTSKISWEFPESSSSEEEENLDDYDWFAGNISRSQSEQLLRQKGKEGAFMVRNSSQVGMYTVSLFSKAVNDKKGTVKHYHVHTNAENKLYLAENYCFDSIPKLIHYHQHNSAGMITRLRHPVSTKANKVPDSVSLGNGIWELKREEITLLKELGSGQFGVVQLGKWKGQYDVAVKMIKEGSMSEDEFFQEAQTMMKLSHPKLVKFYGVCSKEYPIYIVTEYISNGCLLNYLRSHGKGLEPSQLLEMCYDVCEGMAFLESHQFIHRDLAARNCLVDRDLCVKVSDFGMTRYVLDDQYVSSVGTKFPVKWSAPEVFHYFKYSSKSDVWAFGILMWEVFSLGKQPYDLYDNSQVVLKVSQGHRLYRPHLASDTIYQIMYSCWHELPEKRPTFQQLLSSIEPLREKDKH",31,"VAVK","HRD","DFG","Tyr Kinase","Tyrosine",1,1,1,184,"BMX",">ENSP00000340082.6","ENST00000342014.6","ENSG00000102010.13","OTTHUMG00000021180.1","OTTHUMT00000055873.1",675,"MDTKSILEELLLKRSQQKKKMSPNNYKERLFVLTKTNLSYYEYDKMKRGSRKGSIEIKKIRCVEKVNLEEQTPVERQYPFQIVYKDGLLYVYASNEESRSQWLKALQKEIRGNPHLLVKYHSGFFVDGKFLCCQQSCKAAPGCTLWEAYANLHTAVNEEKHRVPTFPDRVLKIPRAVPVLKMDAPSSSTTLAQYDNESKKNYGSQPPSSSTSLAQYDSNSKKIYGSQPNFNMQYIPREDFPDWWQVRKLKSSSSSEDVASSNQKERNVNHTTSKISWEFPESSSSEEEENLDDYDWFAGNISRSQSEQLLRQKGKEGAFMVRNSSQVGMYTVSLFSKAVNDKKGTVKHYHVHTNAENKLYLAENYCFDSIPKLIHYHQHNSAGMITRLRHPVSTKANKVPDSVSLGNGIWELKREEITLLKELGSGQFGVVQLGKWKGQYDVAVKMIKEGSMSEDEFFQEAQTMMKLSHPKLVKFYGVCSKEYPIYIVTEYISNGCLLNYLRSHGKGLEPSQLLEMCYDVCEGMAFLESHQFIHRDLAARNCLVDRDLCVKVSDFGMTRYVLDDQYVSSVGTKFPVKWSAPEVFHYFKYSSKSDVWAFGILMWEVFSLGKQPYDLYDNSQVVLKVSQGHRLYRPHLASDTIYQIMYSCWHELPEKRPTFQQLLSSIEPLREKDKH","BMX","BMX",NA,"BMX","SK417","VAVK","HRD","DFG","",1,1,1,TRUE,1,1,1,442,445,534,NA,NA,554,NA,NA,534,535,536,554,555,556,566,626,"YVSSVGTKFPVKWSAPEVFHYFKYSSKSDVWAFGILMWEVFSLGKQPYDLYDNSQVVLKVS",1,15,580,1,16,580,0,NA,NA,0,NA,NA,0,NA,NA,1,15,580,0,NA,NA,0,NA,NA,0,NA,NA,0,NA,NA,0,NA,NA,0,NA,NA,0,NA,NA,580,580,580,580,580,580,580,580,580,580,580,580,580,580,580,580,580,580,580,580,580,580,580,566,567,568,569,570,571,572,573,574,575,576,577,578,579,580,581,582,"Y","V","S","S","V","G","T","K","F","P","V","K","W","S","A","P","E","A P E","P E",571,"G",622,400,441,"PDSVSLGNGIWELKREEITLLKELGSGQFGVVQLGKWKGQYD",1,25,424,1,25,424,0,NA,NA,1,27,424,0,NA,NA,0,NA,NA,0,NA,NA,1,27,424,1,25,424,2,7,406,0,NA,NA,0,NA,NA,424,424,424,424,424,424,424,424,424,424,424,424,424,424,424,424,424,424,424,424,424,"GSGQFG","G","S","G","Q","F","G",424,425,426,427,428,429,"G G G","BMX_424_TCGA-EE-A2GP-06_G"
"6","BRAF","464","G","TCGA-39-5031-01.91",673,"TCGA-39-5031-01","broad.mit.edu","Somatic","Missense_Mutation","---","G464V","H","getma.org/?cm=var&var=hg19,7,140481417,C,A&fts=all","getma.org/pdb.php?prot=BRAF_HUMAN&from=457&to=714&var=G464V","getma.org/?cm=msa&ty=f&p=BRAF_HUMAN&rb=457&re=714&var=G464V",7,140481417,140481417,"C","A",193,13,NA,NA,"lusc_tcga_mutations","V","BRAF-001",766,"MAALSGGGGGGAEPGQALFNGDMEPEAGAGAGAAASSAADPAIPEEVWNIKQMIKLTQEHIEALLDKFGGEHNPPSIYLEAYEEYTSKLDALQQREQQLLESLGNGTDFSVSSSASMDTVTSSSSSSLSVLPSSLSVFQNPTDVARSNPKSPQKPIVRVFLPNKQRTVVPARCGVTVRDSLKKALMMRGLIPECCAVYRIQDGEKKPIGWDTDISWLTGEELHVEVLENVPLTTHNFVRKTFFTLAFCDFCRKLLFQGFRCQTCGYKFHQRCSTEVPLMCVNYDQLDLLFVSKFFEHHPIPQEEASLAETALTSGSSPSAPASDSIGPQILTSPSPSKSIPIPQPFRPADEDHRNQFGQRDRSSSAPNVHINTIEPVNIDDLIRDQGFRGDGGSTTGLSATPPASLPGSLTNVKALQKSPGPQRERKSSSSSEDRNRMKTLGRRDSSDDWEIPDGQITVGQRIGSGSFGTVYKGKWHGDVAVKMLNVTAPTPQQLQAFKNEVGVLRKTRHVNILLFMGYSTKPQLAIVTQWCEGSSLYHHLHIIETKFEMIKLIDIARQTAQGMDYLHAKSIIHRDLKSNNIFLHEDLTVKIGDFGLATVKSRWSGSHQFEQLSGSILWMAPEVIRMQDKNPYSFQSDVYAFGIVLYELMTGQLPYSNINNRDQIIFMVGRGYLSPDLSKVRSNCPKAMKRLMAECLKKKRDERPLFPQILASIELLARSLPKIHRSASEPSLNRAGFQTEDFSLYACASPKTPIQAGGYGAFPVH",32,"VAVK","HRD","DFG","TKL Ser/Thr","SerineThreonine",1,1,1,189,"BRAF",">ENSP00000288602.6","ENST00000288602.9","ENSG00000157764.11","OTTHUMG00000157457.2","OTTHUMT00000348886.1",766,"MAALSGGGGGGAEPGQALFNGDMEPEAGAGAGAAASSAADPAIPEEVWNIKQMIKLTQEHIEALLDKFGGEHNPPSIYLEAYEEYTSKLDALQQREQQLLESLGNGTDFSVSSSASMDTVTSSSSSSLSVLPSSLSVFQNPTDVARSNPKSPQKPIVRVFLPNKQRTVVPARCGVTVRDSLKKALMMRGLIPECCAVYRIQDGEKKPIGWDTDISWLTGEELHVEVLENVPLTTHNFVRKTFFTLAFCDFCRKLLFQGFRCQTCGYKFHQRCSTEVPLMCVNYDQLDLLFVSKFFEHHPIPQEEASLAETALTSGSSPSAPASDSIGPQILTSPSPSKSIPIPQPFRPADEDHRNQFGQRDRSSSAPNVHINTIEPVNIDDLIRDQGFRGDGGSTTGLSATPPASLPGSLTNVKALQKSPGPQRERKSSSSSEDRNRMKTLGRRDSSDDWEIPDGQITVGQRIGSGSFGTVYKGKWHGDVAVKMLNVTAPTPQQLQAFKNEVGVLRKTRHVNILLFMGYSTKPQLAIVTQWCEGSSLYHHLHIIETKFEMIKLIDIARQTAQGMDYLHAKSIIHRDLKSNNIFLHEDLTVKIGDFGLATVKSRWSGSHQFEQLSGSILWMAPEVIRMQDKNPYSFQSDVYAFGIVLYELMTGQLPYSNINNRDQIIFMVGRGYLSPDLSKVRSNCPKAMKRLMAECLKKKRDERPLFPQILASIELLARSLPKIHRSASEPSLNRAGFQTEDFSLYACASPKTPIQAGGYGAFPVH","BRAF","BRAF",NA,"BRAF","SK050","VAVK","HRD","DFG","",1,1,1,TRUE,1,1,1,480,483,574,NA,NA,594,NA,NA,574,575,576,594,595,596,606,666,"GSHQFEQLSGSILWMAPEVIRMQDKNPYSFQSDVYAFGIVLYELMTGQLPYSNINNRDQII",1,16,621,1,17,621,0,NA,NA,0,NA,NA,0,NA,NA,1,16,621,0,NA,NA,0,NA,NA,0,NA,NA,0,NA,NA,1,10,621,0,NA,NA,0,NA,NA,621,621,621,621,621,621,621,621,621,621,621,621,621,621,621,621,621,621,621,621,621,621,621,607,608,609,610,611,612,613,614,615,616,617,618,619,620,621,622,623,"S","H","Q","F","E","Q","L","S","G","S","I","L","W","M","A","P","E","A P E","P E",615,"G",663,438,479,"MKTLGRRDSSDDWEIPDGQITVGQRIGSGSFGTVYKGKWHGD",1,27,464,1,27,464,0,NA,NA,1,29,464,0,NA,NA,0,NA,NA,0,NA,NA,1,29,464,2,18,455,1,27,464,0,NA,NA,0,NA,NA,464,464,464,464,464,464,464,464,464,464,464,464,464,464,464,464,464,464,464,464,464,"GSGSFG","G","S","G","S","F","G",464,465,466,467,468,469,"G G G","BRAF_464_TCGA-39-5031-01_G"
"8","CDK15","59","G","TCGA-66-2767-01.167",65061,"TCGA-66-2767-01","broad.mit.edu","Somatic","Missense_Mutation","---","G59V","N","getma.org/?cm=var&var=hg19,2,202672269,G,T&fts=all",NA,"getma.org/?cm=msa&ty=f&p=CDK15_HUMAN&rb=1&re=102&var=G59V",2,202672269,202672269,"G","T",277,23,NA,NA,"lusc_tcga_mutations","V","CDK15-001",384,"MTSFHPRGLQAARAQKFKSKRPRSNSDCFQEEDLRQGFQWRKSLPFGAASSYLNLEKLGEGSYATVYKGISRINGQLVALKVISMNAEEGVPFTAIREASLLKGLKHANIVLLHDIIHTKETLTFVFEYMHTDLAQYMSQHPGGLHPHNVRLFMFQLLRGLAYIHHQHVLHRDLKPQNLLISHLGELKLADFGLARAKSIPSQTYSSEVVTLWYRPPDALLGATEYSSELDIWGAGCIFIEMFQGQPLFPGVSNILEQLEKIWEVLGVPTEDTWPGVSKLPNYNPEWFPLPTPRSLHVVWNRLGRVPEAEDLASQMLKGFPRDRVSAQEALVHDYFSALPSQLYQLPDEESLFTVSGVRLKPEMCDLLASYQKGHHPAQFSKCW",58,"VALK","HRD","DFG","CMGC Ser/Thr","SerineThreonine",1,1,1,361,"CDK15",">ENSP00000260967.2","ENST00000260967.5","ENSG00000138395.13","OTTHUMG00000132838.5","OTTHUMT00000256311.2",384,"MTSFHPRGLQAARAQKFKSKRPRSNSDCFQEEDLRQGFQWRKSLPFGAASSYLNLEKLGEGSYATVYKGISRINGQLVALKVISMNAEEGVPFTAIREASLLKGLKHANIVLLHDIIHTKETLTFVFEYMHTDLAQYMSQHPGGLHPHNVRLFMFQLLRGLAYIHHQHVLHRDLKPQNLLISHLGELKLADFGLARAKSIPSQTYSSEVVTLWYRPPDALLGATEYSSELDIWGAGCIFIEMFQGQPLFPGVSNILEQLEKIWEVLGVPTEDTWPGVSKLPNYNPEWFPLPTPRSLHVVWNRLGRVPEAEDLASQMLKGFPRDRVSAQEALVHDYFSALPSQLYQLPDEESLFTVSGVRLKPEMCDLLASYQKGHHPAQFSKCW","PFTAIRE2","CDK15",NA,"PFTAIRE2","SK462","VALK","HRD","DFG","",1,1,1,TRUE,1,1,1,78,81,171,NA,NA,191,NA,NA,171,172,173,191,192,193,203,263,"QTYSSEVVTLWYRPPDALLGATEYSSELDIWGAGCIFIEMFQGQPLFPGVSNILEQLEKIW",0,NA,NA,0,NA,NA,0,NA,NA,0,NA,NA,0,NA,NA,1,21,223,0,NA,NA,1,14,216,0,NA,NA,0,NA,NA,0,NA,NA,0,NA,NA,0,NA,NA,NA,NA,NA,NA,NA,NA,NA,NA,NA,NA,NA,NA,216,216,216,216,216,216,216,216,216,216,216,202,203,204,205,206,207,208,209,210,211,212,213,214,215,216,217,218,"S","Q","T","Y","S","S","E","V","V","T","L","W","Y","R","P","P","D","P P D","P D",210,"V",258,36,77,"QGFQWRKSLPFGAASSYLNLEKLGEGSYATVYKGISRINGQL",0,NA,NA,0,NA,NA,1,24,59,0,NA,NA,1,24,59,0,NA,NA,0,NA,NA,0,NA,NA,0,NA,NA,1,24,59,0,NA,NA,0,NA,NA,NA,NA,NA,NA,59,59,59,59,59,59,59,59,59,59,59,59,59,59,59,59,59,"GEGSYA","G","E","G","S","Y","A",59,60,61,62,63,64,"G G A","CDK15_59_TCGA-66-2767-01_G"
"10","CSNK1A1L","24","G","TCGA-HF-7136-01.631",122011,"TCGA-HF-7136-01","broad.mit.edu","Somatic","Missense_Mutation","Untested","G24R","H","getma.org/?cm=var&var=hg19,13,37679324,C,T&fts=all","getma.org/pdb.php?prot=KC1AL_HUMAN&from=17&to=292&var=G24R","getma.org/?cm=msa&ty=f&p=KC1AL_HUMAN&rb=17&re=292&var=G24R",13,37679324,37679324,"C","T",NA,NA,NA,NA,"stad_tcga_mutations","R","CSNK1A1L-001",337,"MTNNSGSKAELVVGGKYKLVRKIGSGSFGDVYLGITTTNGEDVAVKLESQKVKHPQLLYESKLYTILQGGVGIPHMHWYGQEKDNNVLVMDLLGPSLEDLFNFCSRRFTMKTVLMLADQMISRIEYVHTKNFLHRDIKPDNFLMGTGRHCNKLFLIDFGLAKKYRDNRTRQHIPYREDKHLIGTVRYASINAHLGIEQSRRDDMESLGYVFMYFNRTSLPWQGLRAMTKKQKYEKISEKKMSTPVEVLCKGFPAEFAMYLNYCRGLRFEEVPDYMYLRQLFRILFRTLNHQYDYTFDWTMLKQKAAQQAASSSGQGQQAQTQTGKQTEKNKNNVKDN",88,"VAVK","HRD","DFG","CK1 Ser/Thr","SerineThreonine",1,1,1,577,"CSNK1A1L",">ENSP00000369126.3","ENST00000379800.4","ENSG00000180138.7","OTTHUMG00000016748.1","OTTHUMT00000044563.1",337,"MTNNSGSKAELVVGGKYKLVRKIGSGSFGDVYLGITTTNGEDVAVKLESQKVKHPQLLYESKLYTILQGGVGIPHMHWYGQEKDNNVLVMDLLGPSLEDLFNFCSRRFTMKTVLMLADQMISRIEYVHTKNFLHRDIKPDNFLMGTGRHCNKLFLIDFGLAKKYRDNRTRQHIPYREDKHLIGTVRYASINAHLGIEQSRRDDMESLGYVFMYFNRTSLPWQGLRAMTKKQKYEKISEKKMSTPVEVLCKGFPAEFAMYLNYCRGLRFEEVPDYMYLRQLFRILFRTLNHQYDYTFDWTMLKQKAAQQAASSSGQGQQAQTQTGKQTEKNKNNVKDN","CK1a2","CSNK1A1L",NA,"CK1a2","SK541","VAVK","HRD","DFG","",1,1,1,TRUE,1,1,1,43,46,134,NA,NA,157,NA,NA,134,135,136,157,158,159,169,229,"TRQHIPYREDKHLIGTVRYASINAHLGIEQSRRDDMESLGYVFMYFNRTSLPWQGLRAMTK",0,NA,NA,0,NA,NA,0,NA,NA,0,NA,NA,0,NA,NA,0,NA,NA,0,NA,NA,0,NA,NA,1,15,189,0,NA,NA,0,NA,NA,0,NA,NA,0,NA,NA,NA,NA,NA,NA,NA,NA,NA,NA,189,189,189,189,189,189,189,189,189,189,189,189,189,189,189,175,176,177,178,179,180,181,182,183,184,185,186,187,188,189,190,191,"Y","R","E","D","K","H","L","I","G","T","V","R","Y","A","S","I","N","S I N","I N",183,"G",231,1,42,"MTNNSGSKAELVVGGKYKLVRKIGSGSFGDVYLGITTTNGED",1,24,24,1,24,24,0,NA,NA,1,26,24,0,NA,NA,0,NA,NA,0,NA,NA,1,26,24,1,24,24,1,24,24,0,NA,NA,1,14,12,24,24,24,24,24,24,24,24,24,24,24,24,24,24,24,24,24,24,24,24,24,"GSGSFG","G","S","G","S","F","G",24,25,26,27,28,29,"G G G","CSNK1A1L_24_TCGA-HF-7136-01_G"
"11","DYRK4","111","G","TCGA-IQ-7630-01.267",8798,"TCGA-IQ-7630-01","broad.mit.edu","Somatic","Missense_Mutation",NA,"G111R","H","getma.org/?cm=var&var=hg19,12,4705363,G,A&fts=all","getma.org/pdb.php?prot=DYRK4_HUMAN&from=104&to=400&var=G111R","getma.org/?cm=msa&ty=f&p=DYRK4_HUMAN&rb=104&re=400&var=G111R",12,4705363,4705363,"G","A",85,49,NA,NA,"hnsc_tcga_mutations","R","DYRK4-001",520,"MPASELKASEIPFHPSIKTQDPKAEEKSPKKQKVTLTAAEALKLFKNQLSPYEQSEILGYAELWFLGLEAKKLDTAPEKFSKTSFDDEHGFYLKVLHDHIAYRYEVLETIGKGSFGQVAKCLDHKNNELVALKIIRNKKRFHQQALMELKILEALRKKDKDNTYNVVHMKDFFYFRNHFCITFELLGINLYELMKNNNFQGFSLSIVRRFTLSVLKCLQMLSVEKIIHCDLKPENIVLYQKGQASVKVIDFGSSCYEHQKVYTYIQSRFYRSPEVILGHPYDVAIDMWSLGCITAELYTGYPLFPGENEVEQLACIMEVLGLPPAGFIQTASRRQTFFDSKGFPKNITNNRGKKRYPDSKDLTMVLKTYDTSFLDFLRRCLVWEPSLRMTPDQALKHAWIHQSRNLKPQPRPQTLRKSNSFFPSETRKDKVQGCHHSSRKADEITKETTEKTKDSPTKHVQHSGDQQDCLQHGADTVQLPQLVDAPKKSEAAVGAEVSMTSPGQSKNFSLKNTNVLPPIV",110,"VALK","HCD","DFG","CMGC Ser/Thr","SerineThreonine",1,1,1,753,"DYRK4",">ENSP00000441755.1","ENST00000540757.5","ENSG00000010219.12","OTTHUMG00000168204.5","OTTHUMT00000398780.3",520,"MPASELKASEIPFHPSIKTQDPKAEEKSPKKQKVTLTAAEALKLFKNQLSPYEQSEILGYAELWFLGLEAKKLDTAPEKFSKTSFDDEHGFYLKVLHDHIAYRYEVLETIGKGSFGQVAKCLDHKNNELVALKIIRNKKRFHQQALMELKILEALRKKDKDNTYNVVHMKDFFYFRNHFCITFELLGINLYELMKNNNFQGFSLSIVRRFTLSVLKCLQMLSVEKIIHCDLKPENIVLYQKGQASVKVIDFGSSCYEHQKVYTYIQSRFYRSPEVILGHPYDVAIDMWSLGCITAELYTGYPLFPGENEVEQLACIMEVLGLPPAGFIQTASRRQTFFDSKGFPKNITNNRGKKRYPDSKDLTMVLKTYDTSFLDFLRRCLVWEPSLRMTPDQALKHAWIHQSRNLKPQPRPQTLRKSNSFFPSETRKDKVQGCHHSSRKADEITKETTEKTKDSPTKHVQHSGDQQDCLQHGADTVQLPQLVDAPKKSEAAVGAEVSMTSPGQSKNFSLKNTNVLPPIV","DYRK4","DYRK4",NA,"DYRK4","SK116","VALK","HCD","DFG","",1,1,1,TRUE,1,1,1,130,133,228,NA,NA,250,NA,NA,228,229,230,250,251,252,262,322,"YTYIQSRFYRSPEVILGHPYDVAIDMWSLGCITAELYTGYPLFPGENEVEQLACIMEVLGL",0,NA,NA,1,12,272,0,NA,NA,0,NA,NA,0,NA,NA,0,NA,NA,0,NA,NA,0,NA,NA,0,NA,NA,0,NA,NA,0,NA,NA,0,NA,NA,0,NA,NA,NA,NA,NA,NA,272,272,272,272,272,272,272,272,272,272,272,272,272,272,272,272,272,272,272,258,259,260,261,262,263,264,265,266,267,268,269,270,271,272,273,274,"H","Q","K","V","Y","T","Y","I","Q","S","R","F","Y","R","S","P","E","S P E","P E",266,"Q",314,88,129,"EHGFYLKVLHDHIAYRYEVLETIGKGSFGQVAKCLDHKNNEL",1,24,111,1,24,111,0,NA,NA,1,26,111,0,NA,NA,0,NA,NA,0,NA,NA,1,26,111,1,24,111,1,24,111,0,NA,NA,0,NA,NA,111,111,111,111,111,111,111,111,111,111,111,111,111,111,111,111,111,111,111,111,111,"GKGSFG","G","K","G","S","F","G",111,112,113,114,115,116,"G G G","DYRK4_111_TCGA-IQ-7630-01_G"
"12","EGFR","719","G","TCGA-06-0650-01.118",1956,"TCGA-06-0650-01","broad.mit.edu","Unknown","Missense_Mutation","---","G719D","M","getma.org/?cm=var&var=hg19,7,55241708,G,A&fts=all","getma.org/pdb.php?prot=EGFR_HUMAN&from=712&to=968&var=G719D","getma.org/?cm=msa&ty=f&p=EGFR_HUMAN&rb=712&re=968&var=G719D",7,55241708,55241708,"G","A",NA,NA,NA,NA,"gbm_tcga_pub2013_mutations","D","EGFR-001",1210,"MRPSGTAGAALLALLAALCPASRALEEKKVCQGTSNKLTQLGTFEDHFLSLQRMFNNCEVVLGNLEITYVQRNYDLSFLKTIQEVAGYVLIALNTVERIPLENLQIIRGNMYYENSYALAVLSNYDANKTGLKELPMRNLQEILHGAVRFSNNPALCNVESIQWRDIVSSDFLSNMSMDFQNHLGSCQKCDPSCPNGSCWGAGEENCQKLTKIICAQQCSGRCRGKSPSDCCHNQCAAGCTGPRESDCLVCRKFRDEATCKDTCPPLMLYNPTTYQMDVNPEGKYSFGATCVKKCPRNYVVTDHGSCVRACGADSYEMEEDGVRKCKKCEGPCRKVCNGIGIGEFKDSLSINATNIKHFKNCTSISGDLHILPVAFRGDSFTHTPPLDPQELDILKTVKEITGFLLIQAWPENRTDLHAFENLEIIRGRTKQHGQFSLAVVSLNITSLGLRSLKEISDGDVIISGNKNLCYANTINWKKLFGTSGQKTKIISNRGENSCKATGQVCHALCSPEGCWGPEPRDCVSCRNVSRGRECVDKCNLLEGEPREFVENSECIQCHPECLPQAMNITCTGRGPDNCIQCAHYIDGPHCVKTCPAGVMGENNTLVWKYADAGHVCHLCHPNCTYGCTGPGLEGCPTNGPKIPSIATGMVGALLLLLVVALGIGLFMRRRHIVRKRTLRRLLQERELVEPLTPSGEAPNQALLRILKETEFKKIKVLGSGAFGTVYKGLWIPEGEKVKIPVAIKELREATSPKANKEILDEAYVMASVDNPHVCRLLGICLTSTVQLITQLMPFGCLLDYVREHKDNIGSQYLLNWCVQIAKGMNYLEDRRLVHRDLAARNVLVKTPQHVKITDFGLAKLLGAEEKEYHAEGGKVPIKWMALESILHRIYTHQSDVWSYGVTVWELMTFGSKPYDGIPASEISSILEKGERLPQPPICTIDVYMIMVKCWMIDADSRPKFRELIIEFSKMARDPQRYLVIQGDERMHLPSPTDSNFYRALMDEEDMDDVVDADEYLIPQQGFFSSPSTSRTPLLSSLSATSNNSTVACIDRNGLQSCPIKEDSFLQRYSSDPTGALTEDSIDDTFLPVPEYINQSVPKRPAGSVQNPVYHNQPLNPAPSRDPHYQDPHSTAVGNPEYLNTVQPTCVNSTFDSPAHWAQKGSHQISLDNPDYQQDFFPKEAKPNGIFKGSTAENAEYLRVAPQSSEFIGA",111,"VAIK","HRD","DFG","Tyr Kinase","Tyrosine",1,1,1,760,"EGFR",">ENSP00000275493.2","ENST00000275493.5","ENSG00000146648.14","OTTHUMG00000023661.3","OTTHUMT00000251456.2",1210,"MRPSGTAGAALLALLAALCPASRALEEKKVCQGTSNKLTQLGTFEDHFLSLQRMFNNCEVVLGNLEITYVQRNYDLSFLKTIQEVAGYVLIALNTVERIPLENLQIIRGNMYYENSYALAVLSNYDANKTGLKELPMRNLQEILHGAVRFSNNPALCNVESIQWRDIVSSDFLSNMSMDFQNHLGSCQKCDPSCPNGSCWGAGEENCQKLTKIICAQQCSGRCRGKSPSDCCHNQCAAGCTGPRESDCLVCRKFRDEATCKDTCPPLMLYNPTTYQMDVNPEGKYSFGATCVKKCPRNYVVTDHGSCVRACGADSYEMEEDGVRKCKKCEGPCRKVCNGIGIGEFKDSLSINATNIKHFKNCTSISGDLHILPVAFRGDSFTHTPPLDPQELDILKTVKEITGFLLIQAWPENRTDLHAFENLEIIRGRTKQHGQFSLAVVSLNITSLGLRSLKEISDGDVIISGNKNLCYANTINWKKLFGTSGQKTKIISNRGENSCKATGQVCHALCSPEGCWGPEPRDCVSCRNVSRGRECVDKCNLLEGEPREFVENSECIQCHPECLPQAMNITCTGRGPDNCIQCAHYIDGPHCVKTCPAGVMGENNTLVWKYADAGHVCHLCHPNCTYGCTGPGLEGCPTNGPKIPSIATGMVGALLLLLVVALGIGLFMRRRHIVRKRTLRRLLQERELVEPLTPSGEAPNQALLRILKETEFKKIKVLGSGAFGTVYKGLWIPEGEKVKIPVAIKELREATSPKANKEILDEAYVMASVDNPHVCRLLGICLTSTVQLITQLMPFGCLLDYVREHKDNIGSQYLLNWCVQIAKGMNYLEDRRLVHRDLAARNVLVKTPQHVKITDFGLAKLLGAEEKEYHAEGGKVPIKWMALESILHRIYTHQSDVWSYGVTVWELMTFGSKPYDGIPASEISSILEKGERLPQPPICTIDVYMIMVKCWMIDADSRPKFRELIIEFSKMARDPQRYLVIQGDERMHLPSPTDSNFYRALMDEEDMDDVVDADEYLIPQQGFFSSPSTSRTPLLSSLSATSNNSTVACIDRNGLQSCPIKEDSFLQRYSSDPTGALTEDSIDDTFLPVPEYINQSVPKRPAGSVQNPVYHNQPLNPAPSRDPHYQDPHSTAVGNPEYLNTVQPTCVNSTFDSPAHWAQKGSHQISLDNPDYQQDFFPKEAKPNGIFKGSTAENAEYLRVAPQSSEFIGA","EGFR","EGFR",NA,"EGFR","SK118","VAIK","HRD","DFG","",1,1,1,TRUE,1,1,1,742,745,835,NA,NA,855,NA,NA,835,836,837,855,856,857,867,927,"KEYHAEGGKVPIKWMALESILHRIYTHQSDVWSYGVTVWELMTFGSKPYDGIPASEISSIL",0,NA,NA,0,NA,NA,0,NA,NA,0,NA,NA,0,NA,NA,2,16,882,0,NA,NA,0,NA,NA,0,NA,NA,0,NA,NA,0,NA,NA,0,NA,NA,0,NA,NA,NA,NA,NA,NA,NA,NA,NA,NA,NA,NA,NA,NA,NA,NA,NA,NA,882,882,882,882,882,882,882,868,869,870,871,872,873,874,875,876,877,878,879,880,881,882,883,884,"E","Y","H","A","E","G","G","K","V","P","I","K","W","M","A","L","E","A L E","L E",873,"G",924,700,741,"NQALLRILKETEFKKIKVLGSGAFGTVYKGLWIPEGEKVKIP",1,20,719,1,20,719,0,NA,NA,1,22,719,0,NA,NA,0,NA,NA,0,NA,NA,1,22,719,1,20,719,1,20,719,0,NA,NA,0,NA,NA,719,719,719,719,719,719,719,719,719,719,719,719,719,719,719,719,719,719,719,719,719,"GSGAFG","G","S","G","A","F","G",719,720,721,722,723,724,"G G G","EGFR_719_TCGA-06-0650-01_G"
"13","EGFR","719","G","TCGA-50-6595-01.394",1956,"TCGA-50-6595-01","broad.mit.edu","Somatic","Missense_Mutation",NA,"G719A","M","getma.org/?cm=var&var=hg19,7,55241708,G,C&fts=all","getma.org/pdb.php?prot=EGFR_HUMAN&from=712&to=968&var=G719A","getma.org/?cm=msa&ty=f&p=EGFR_HUMAN&rb=712&re=968&var=G719A",7,55241708,55241708,"G","C",60,25,NA,NA,"luad_tcga_mutations","A","EGFR-001",1210,"MRPSGTAGAALLALLAALCPASRALEEKKVCQGTSNKLTQLGTFEDHFLSLQRMFNNCEVVLGNLEITYVQRNYDLSFLKTIQEVAGYVLIALNTVERIPLENLQIIRGNMYYENSYALAVLSNYDANKTGLKELPMRNLQEILHGAVRFSNNPALCNVESIQWRDIVSSDFLSNMSMDFQNHLGSCQKCDPSCPNGSCWGAGEENCQKLTKIICAQQCSGRCRGKSPSDCCHNQCAAGCTGPRESDCLVCRKFRDEATCKDTCPPLMLYNPTTYQMDVNPEGKYSFGATCVKKCPRNYVVTDHGSCVRACGADSYEMEEDGVRKCKKCEGPCRKVCNGIGIGEFKDSLSINATNIKHFKNCTSISGDLHILPVAFRGDSFTHTPPLDPQELDILKTVKEITGFLLIQAWPENRTDLHAFENLEIIRGRTKQHGQFSLAVVSLNITSLGLRSLKEISDGDVIISGNKNLCYANTINWKKLFGTSGQKTKIISNRGENSCKATGQVCHALCSPEGCWGPEPRDCVSCRNVSRGRECVDKCNLLEGEPREFVENSECIQCHPECLPQAMNITCTGRGPDNCIQCAHYIDGPHCVKTCPAGVMGENNTLVWKYADAGHVCHLCHPNCTYGCTGPGLEGCPTNGPKIPSIATGMVGALLLLLVVALGIGLFMRRRHIVRKRTLRRLLQERELVEPLTPSGEAPNQALLRILKETEFKKIKVLGSGAFGTVYKGLWIPEGEKVKIPVAIKELREATSPKANKEILDEAYVMASVDNPHVCRLLGICLTSTVQLITQLMPFGCLLDYVREHKDNIGSQYLLNWCVQIAKGMNYLEDRRLVHRDLAARNVLVKTPQHVKITDFGLAKLLGAEEKEYHAEGGKVPIKWMALESILHRIYTHQSDVWSYGVTVWELMTFGSKPYDGIPASEISSILEKGERLPQPPICTIDVYMIMVKCWMIDADSRPKFRELIIEFSKMARDPQRYLVIQGDERMHLPSPTDSNFYRALMDEEDMDDVVDADEYLIPQQGFFSSPSTSRTPLLSSLSATSNNSTVACIDRNGLQSCPIKEDSFLQRYSSDPTGALTEDSIDDTFLPVPEYINQSVPKRPAGSVQNPVYHNQPLNPAPSRDPHYQDPHSTAVGNPEYLNTVQPTCVNSTFDSPAHWAQKGSHQISLDNPDYQQDFFPKEAKPNGIFKGSTAENAEYLRVAPQSSEFIGA",111,"VAIK","HRD","DFG","Tyr Kinase","Tyrosine",1,1,1,760,"EGFR",">ENSP00000275493.2","ENST00000275493.5","ENSG00000146648.14","OTTHUMG00000023661.3","OTTHUMT00000251456.2",1210,"MRPSGTAGAALLALLAALCPASRALEEKKVCQGTSNKLTQLGTFEDHFLSLQRMFNNCEVVLGNLEITYVQRNYDLSFLKTIQEVAGYVLIALNTVERIPLENLQIIRGNMYYENSYALAVLSNYDANKTGLKELPMRNLQEILHGAVRFSNNPALCNVESIQWRDIVSSDFLSNMSMDFQNHLGSCQKCDPSCPNGSCWGAGEENCQKLTKIICAQQCSGRCRGKSPSDCCHNQCAAGCTGPRESDCLVCRKFRDEATCKDTCPPLMLYNPTTYQMDVNPEGKYSFGATCVKKCPRNYVVTDHGSCVRACGADSYEMEEDGVRKCKKCEGPCRKVCNGIGIGEFKDSLSINATNIKHFKNCTSISGDLHILPVAFRGDSFTHTPPLDPQELDILKTVKEITGFLLIQAWPENRTDLHAFENLEIIRGRTKQHGQFSLAVVSLNITSLGLRSLKEISDGDVIISGNKNLCYANTINWKKLFGTSGQKTKIISNRGENSCKATGQVCHALCSPEGCWGPEPRDCVSCRNVSRGRECVDKCNLLEGEPREFVENSECIQCHPECLPQAMNITCTGRGPDNCIQCAHYIDGPHCVKTCPAGVMGENNTLVWKYADAGHVCHLCHPNCTYGCTGPGLEGCPTNGPKIPSIATGMVGALLLLLVVALGIGLFMRRRHIVRKRTLRRLLQERELVEPLTPSGEAPNQALLRILKETEFKKIKVLGSGAFGTVYKGLWIPEGEKVKIPVAIKELREATSPKANKEILDEAYVMASVDNPHVCRLLGICLTSTVQLITQLMPFGCLLDYVREHKDNIGSQYLLNWCVQIAKGMNYLEDRRLVHRDLAARNVLVKTPQHVKITDFGLAKLLGAEEKEYHAEGGKVPIKWMALESILHRIYTHQSDVWSYGVTVWELMTFGSKPYDGIPASEISSILEKGERLPQPPICTIDVYMIMVKCWMIDADSRPKFRELIIEFSKMARDPQRYLVIQGDERMHLPSPTDSNFYRALMDEEDMDDVVDADEYLIPQQGFFSSPSTSRTPLLSSLSATSNNSTVACIDRNGLQSCPIKEDSFLQRYSSDPTGALTEDSIDDTFLPVPEYINQSVPKRPAGSVQNPVYHNQPLNPAPSRDPHYQDPHSTAVGNPEYLNTVQPTCVNSTFDSPAHWAQKGSHQISLDNPDYQQDFFPKEAKPNGIFKGSTAENAEYLRVAPQSSEFIGA","EGFR","EGFR",NA,"EGFR","SK118","VAIK","HRD","DFG","",1,1,1,TRUE,1,1,1,742,745,835,NA,NA,855,NA,NA,835,836,837,855,856,857,867,927,"KEYHAEGGKVPIKWMALESILHRIYTHQSDVWSYGVTVWELMTFGSKPYDGIPASEISSIL",0,NA,NA,0,NA,NA,0,NA,NA,0,NA,NA,0,NA,NA,2,16,882,0,NA,NA,0,NA,NA,0,NA,NA,0,NA,NA,0,NA,NA,0,NA,NA,0,NA,NA,NA,NA,NA,NA,NA,NA,NA,NA,NA,NA,NA,NA,NA,NA,NA,NA,882,882,882,882,882,882,882,868,869,870,871,872,873,874,875,876,877,878,879,880,881,882,883,884,"E","Y","H","A","E","G","G","K","V","P","I","K","W","M","A","L","E","A L E","L E",873,"G",924,700,741,"NQALLRILKETEFKKIKVLGSGAFGTVYKGLWIPEGEKVKIP",1,20,719,1,20,719,0,NA,NA,1,22,719,0,NA,NA,0,NA,NA,0,NA,NA,1,22,719,1,20,719,1,20,719,0,NA,NA,0,NA,NA,719,719,719,719,719,719,719,719,719,719,719,719,719,719,719,719,719,719,719,719,719,"GSGAFG","G","S","G","A","F","G",719,720,721,722,723,724,"G G G","EGFR_719_TCGA-50-6595-01_G"
"15","EPHA2","620","G","TCGA-EE-A2MJ-06.1006",1969,"TCGA-EE-A2MJ-06","broad.mit.edu","Somatic","Missense_Mutation",NA,"G620E","H","getma.org/?cm=var&var=hg19,1,16459981,C,T&fts=all","getma.org/pdb.php?prot=EPHA2_HUMAN&from=613&to=871&var=G620E","getma.org/?cm=msa&ty=f&p=EPHA2_HUMAN&rb=613&re=871&var=G620E",1,16459981,16459981,"C","T",32,4,NA,NA,"skcm_tcga_mutations","E","EPHA2-001",976,"MELQAARACFALLWGCALAAAAAAQGKEVVLLDFAAAGGELGWLTHPYGKGWDLMQNIMNDMPIYMYSVCNVMSGDQDNWLRTNWVYRGEAERIFIELKFTVRDCNSFPGGASSCKETFNLYYAESDLDYGTNFQKRLFTKIDTIAPDEITVSSDFEARHVKLNVEERSVGPLTRKGFYLAFQDIGACVALLSVRVYYKKCPELLQGLAHFPETIAGSDAPSLATVAGTCVDHAVVPPGGEEPRMHCAVDGEWLVPIGQCLCQAGYEKVEDACQACSPGFFKFEASESPCLECPEHTLPSPEGATSCECEEGFFRAPQDPASMPCTRPPSAPHYLTAVGMGAKVELRWTPPQDSGGREDIVYSVTCEQCWPESGECGPCEASVRYSEPPHGLTRTSVTVSDLEPHMNYTFTVEARNGVSGLVTSRSFRTASVSINQTEPPKVRLEGRSTTSLSVSWSIPPPQQSRVWKYEVTYRKKGDSNSYNVRRTEGFSVTLDDLAPDTTYLVQVQALTQEGQGAGSKVHEFQTLSPEGSGNLAVIGGVAVGVVLLLVLAGVGFFIHRRRKNQRARQSPEDVYFSKSEQLKPLKTYVDPHTYEDPNQAVLKFTTEIHPSCVTRQKVIGAGEFGEVYKGMLKTSSGKKEVPVAIKTLKAGYTEKQRVDFLGEAGIMGQFSHHNIIRLEGVISKYKPMMIITEYMENGALDKFLREKDGEFSVLQLVGMLRGIAAGMKYLANMNYVHRDLAARNILVNSNLVCKVSDFGLSRVLEDDPEATYTTSGGKIPIRWTAPEAISYRKFTSASDVWSFGIVMWEVMTYGERPYWELSNHEVMKAINDGFRLPTPMDCPSAIYQLMMQCWQQERARRPKFADIVSILDKLIRAPDSLKTLADFDPRVSIRLPSTSGSEGVPFRTVSEWLESIKMQQYTEHFMAAGYTAIEKVVQMTNDDIKRIGVRLPGHQKRIAYSLLGLKDQVNTVGIPI",117,"VAIK","HRD","DFG","Tyr Kinase","Tyrosine",1,1,1,784,"EPHA2",">ENSP00000351209.5","ENST00000358432.7","ENSG00000142627.12","OTTHUMG00000009527.2","OTTHUMT00000026322.1",976,"MELQAARACFALLWGCALAAAAAAQGKEVVLLDFAAAGGELGWLTHPYGKGWDLMQNIMNDMPIYMYSVCNVMSGDQDNWLRTNWVYRGEAERIFIELKFTVRDCNSFPGGASSCKETFNLYYAESDLDYGTNFQKRLFTKIDTIAPDEITVSSDFEARHVKLNVEERSVGPLTRKGFYLAFQDIGACVALLSVRVYYKKCPELLQGLAHFPETIAGSDAPSLATVAGTCVDHAVVPPGGEEPRMHCAVDGEWLVPIGQCLCQAGYEKVEDACQACSPGFFKFEASESPCLECPEHTLPSPEGATSCECEEGFFRAPQDPASMPCTRPPSAPHYLTAVGMGAKVELRWTPPQDSGGREDIVYSVTCEQCWPESGECGPCEASVRYSEPPHGLTRTSVTVSDLEPHMNYTFTVEARNGVSGLVTSRSFRTASVSINQTEPPKVRLEGRSTTSLSVSWSIPPPQQSRVWKYEVTYRKKGDSNSYNVRRTEGFSVTLDDLAPDTTYLVQVQALTQEGQGAGSKVHEFQTLSPEGSGNLAVIGGVAVGVVLLLVLAGVGFFIHRRRKNQRARQSPEDVYFSKSEQLKPLKTYVDPHTYEDPNQAVLKFTTEIHPSCVTRQKVIGAGEFGEVYKGMLKTSSGKKEVPVAIKTLKAGYTEKQRVDFLGEAGIMGQFSHHNIIRLEGVISKYKPMMIITEYMENGALDKFLREKDGEFSVLQLVGMLRGIAAGMKYLANMNYVHRDLAARNILVNSNLVCKVSDFGLSRVLEDDPEATYTTSGGKIPIRWTAPEAISYRKFTSASDVWSFGIVMWEVMTYGERPYWELSNHEVMKAINDGFRLPTPMDCPSAIYQLMMQCWQQERARRPKFADIVSILDKLIRAPDSLKTLADFDPRVSIRLPSTSGSEGVPFRTVSEWLESIKMQQYTEHFMAAGYTAIEKVVQMTNDDIKRIGVRLPGHQKRIAYSLLGLKDQVNTVGIPI","EphA2","EPHA2",NA,"EphA2","SK122","VAIK","HRD","DFG","",1,1,1,TRUE,1,1,1,643,646,737,NA,NA,757,NA,NA,737,738,739,757,758,759,769,829,"EATYTTSGGKIPIRWTAPEAISYRKFTSASDVWSFGIVMWEVMTYGERPYWELSNHEVMKA",1,17,785,1,18,785,0,NA,NA,0,NA,NA,0,NA,NA,1,17,785,0,NA,NA,0,NA,NA,0,NA,NA,1,12,785,0,NA,NA,0,NA,NA,0,NA,NA,785,785,785,785,785,785,785,785,785,785,785,785,785,785,785,785,785,785,785,785,785,785,785,771,772,773,774,775,776,777,778,779,780,781,782,783,784,785,786,787,"T","Y","T","T","S","G","G","K","I","P","I","R","W","T","A","P","E","A P E","P E",776,"G",827,601,642,"VLKFTTEIHPSCVTRQKVIGAGEFGEVYKGMLKTSSGKKEVP",1,20,620,1,20,620,0,NA,NA,1,22,620,0,NA,NA,0,NA,NA,0,NA,NA,1,22,620,1,20,620,1,20,620,0,NA,NA,0,NA,NA,620,620,620,620,620,620,620,620,620,620,620,620,620,620,620,620,620,620,620,620,620,"GAGEFG","G","A","G","E","F","G",620,621,622,623,624,625,"G G G","EPHA2_620_TCGA-EE-A2MJ-06_G"
"16","FGR","270","G","TCGA-UB-A7MD-01.189",2268,"TCGA-UB-A7MD-01","hgsc.bcm.edu;broad.mit.edu;ucsc.edu;bcgsc.ca;mdanderson.org","Somatic","Missense_Mutation","Untested","G270A","M","getma.org/?cm=var&var=hg19,1,27942229,C,G&fts=all","getma.org/pdb.php?prot=FGR_HUMAN&from=263&to=512&var=G270A","getma.org/?cm=msa&ty=f&p=FGR_HUMAN&rb=263&re=512&var=G270A",1,27942229,27942229,"C","G",51,20,67,0,"lihc_tcga_mutations","A","FGR-001",529,"MGCVFCKKLEPVATAKEDAGLEGDFRSYGAADHYGPDPTKARPASSFAHIPNYSNFSSQAINPGFLDSGTIRGVSGIGVTLFIALYDYEARTEDDLTFTKGEKFHILNNTEGDWWEARSLSSGKTGCIPSNYVAPVDSIQAEEWYFGKIGRKDAERQLLSPGNPQGAFLIRESETTKGAYSLSIRDWDQTRGDHVKHYKIRKLDMGGYYITTRVQFNSVQELVQHYMEVNDGLCNLLIAPCTIMKPQTLGLAKDAWEISRSSITLERRLGTGCFGDVWLGTWNGSTKVAVKTLKPGTMSPKAFLEEAQVMKLLRHDKLVQLYAVVSEEPIYIVTEFMCHGSLLDFLKNPEGQDLRLPQLVDMAAQVAEGMAYMERMNYIHRDLRAANILVGERLACKIADFGLARLIKDDEYNPCQGSKFPIKWTAPEAALFGRFTIKSDVWSFGILLTELITKGRIPYPGMNKREVLEQVEQGYHMPCPPGCPASLYEAMEQTWRLDPEERPTFEYLQSFLEDYFTSAEPQYQPGDQT",138,"VAVK","HRD","DFG","Tyr Kinase","Tyrosine",1,1,1,938,"FGR",">ENSP00000363117.3","ENST00000374005.6","ENSG00000000938.11","OTTHUMG00000003516.1","OTTHUMT00000009772.1",529,"MGCVFCKKLEPVATAKEDAGLEGDFRSYGAADHYGPDPTKARPASSFAHIPNYSNFSSQAINPGFLDSGTIRGVSGIGVTLFIALYDYEARTEDDLTFTKGEKFHILNNTEGDWWEARSLSSGKTGCIPSNYVAPVDSIQAEEWYFGKIGRKDAERQLLSPGNPQGAFLIRESETTKGAYSLSIRDWDQTRGDHVKHYKIRKLDMGGYYITTRVQFNSVQELVQHYMEVNDGLCNLLIAPCTIMKPQTLGLAKDAWEISRSSITLERRLGTGCFGDVWLGTWNGSTKVAVKTLKPGTMSPKAFLEEAQVMKLLRHDKLVQLYAVVSEEPIYIVTEFMCHGSLLDFLKNPEGQDLRLPQLVDMAAQVAEGMAYMERMNYIHRDLRAANILVGERLACKIADFGLARLIKDDEYNPCQGSKFPIKWTAPEAALFGRFTIKSDVWSFGILLTELITKGRIPYPGMNKREVLEQVEQGYHMPCPPGCPASLYEAMEQTWRLDPEERPTFEYLQSFLEDYFTSAEPQYQPGDQT","FGR","FGR",NA,"FGR","SK148","VAVK","HRD","DFG","",1,1,1,TRUE,1,1,1,288,291,380,NA,NA,400,NA,NA,380,381,382,400,401,402,412,472,"YNPCQGSKFPIKWTAPEAALFGRFTIKSDVWSFGILLTELITKGRIPYPGMNKREVLEQVE",1,15,426,1,16,426,0,NA,NA,0,NA,NA,0,NA,NA,1,15,426,0,NA,NA,0,NA,NA,0,NA,NA,0,NA,NA,1,50,467,0,NA,NA,0,NA,NA,426,426,426,426,426,426,426,426,426,426,426,426,426,426,426,426,426,426,426,426,426,426,426,412,413,414,415,416,417,418,419,420,421,422,423,424,425,426,427,428,"Y","N","P","C","Q","G","S","K","F","P","I","K","W","T","A","P","E","A P E","P E",417,"G",468,246,287,"PQTLGLAKDAWEISRSSITLERRLGTGCFGDVWLGTWNGSTK",1,25,270,1,25,270,0,NA,NA,1,27,270,0,NA,NA,0,NA,NA,0,NA,NA,1,27,270,1,25,270,1,25,270,0,NA,NA,0,NA,NA,270,270,270,270,270,270,270,270,270,270,270,270,270,270,270,270,270,270,270,270,270,"GTGCFG","G","T","G","C","F","G",270,271,272,273,274,275,"G G G","FGR_270_TCGA-UB-A7MD-01_G"
"17","FLT3","617","G","TCGA-EE-A29G-06.1548",2322,"TCGA-EE-A29G-06","broad.mit.edu","Somatic","Missense_Mutation",NA,"G617E","M","getma.org/?cm=var&var=hg19,13,28608116,C,T&fts=all","getma.org/pdb.php?prot=FLT3_HUMAN&from=610&to=943&var=G617E","getma.org/?cm=msa&ty=f&p=FLT3_HUMAN&rb=610&re=943&var=G617E",13,28608116,28608116,"C","T",162,28,NA,NA,"skcm_tcga_mutations","E","FLT3-001",993,"MPALARDGGQLPLLVVFSAMIFGTITNQDLPVIKCVLINHKNNDSSVGKSSSYPMVSESPEDLGCALRPQSSGTVYEAAAVEVDVSASITLQVLVDAPGNISCLWVFKHSSLNCQPHFDLQNRGVVSMVILKMTETQAGEYLLFIQSEATNYTILFTVSIRNTLLYTLRRPYFRKMENQDALVCISESVPEPIVEWVLCDSQGESCKEESPAVVKKEEKVLHELFGTDIRCCARNELGRECTRLFTIDLNQTPQTTLPQLFLKVGEPLWIRCKAVHVNHGFGLTWELENKALEEGNYFEMSTYSTNRTMIRILFAFVSSVARNDTGYYTCSSSKHPSQSALVTIVEKGFINATNSSEDYEIDQYEEFCFSVRFKAYPQIRCTWTFSRKSFPCEQKGLDNGYSISKFCNHKHQPGEYIFHAENDDAQFTKMFTLNIRRKPQVLAEASASQASCFSDGYPLPSWTWKKCSDKSPNCTEEITEGVWNRKANRKVFGQWVSSSTLNMSEAIKGFLVKCCAYNSLGTSCETILLNSPGPFPFIQDNISFYATIGVCLLFIVVLTLLICHKYKKQFRYESQLQMVQVTGSSDNEYFYVDFREYEYDLKWEFPRENLEFGKVLGSGAFGKVMNATAYGISKTGVSIQVAVKMLKEKADSSEREALMSELKMMTQLGSHENIVNLLGACTLSGPIYLIFEYCCYGDLLNYLRSKREKFHRTWTEIFKEHNFSFYPTFQSHPNSSMPGSREVQIHPDSDQISGLHGNSFHSEDEIEYENQKRLEEEEDLNVLTFEDLLCFAYQVAKGMEFLEFKSCVHRDLAARNVLVTHGKVVKICDFGLARDIMSDSNYVVRGNARLPVKWMAPESLFEGIYTIKSDVWSYGILLWEIFSLGVNPYPGIPVDANFYKLIQNGFKMDQPFYATEEIYIIMQSCWAFDSRKRPSFPNLTSFLGCQLADAEEAMYQNVDGRVSECPHTYQNRRPFSREMDLGLLSPQAQVEDS",140,"VAVK","HRD","DFG","Tyr Kinase","Tyrosine",1,1,1,950,"FLT3",">ENSP00000241453.7","ENST00000241453.10","ENSG00000122025.13","OTTHUMG00000016646.3","OTTHUMT00000044319.2",993,"MPALARDGGQLPLLVVFSAMIFGTITNQDLPVIKCVLINHKNNDSSVGKSSSYPMVSESPEDLGCALRPQSSGTVYEAAAVEVDVSASITLQVLVDAPGNISCLWVFKHSSLNCQPHFDLQNRGVVSMVILKMTETQAGEYLLFIQSEATNYTILFTVSIRNTLLYTLRRPYFRKMENQDALVCISESVPEPIVEWVLCDSQGESCKEESPAVVKKEEKVLHELFGTDIRCCARNELGRECTRLFTIDLNQTPQTTLPQLFLKVGEPLWIRCKAVHVNHGFGLTWELENKALEEGNYFEMSTYSTNRTMIRILFAFVSSVARNDTGYYTCSSSKHPSQSALVTIVEKGFINATNSSEDYEIDQYEEFCFSVRFKAYPQIRCTWTFSRKSFPCEQKGLDNGYSISKFCNHKHQPGEYIFHAENDDAQFTKMFTLNIRRKPQVLAEASASQASCFSDGYPLPSWTWKKCSDKSPNCTEEITEGVWNRKANRKVFGQWVSSSTLNMSEAIKGFLVKCCAYNSLGTSCETILLNSPGPFPFIQDNISFYATIGVCLLFIVVLTLLICHKYKKQFRYESQLQMVQVTGSSDNEYFYVDFREYEYDLKWEFPRENLEFGKVLGSGAFGKVMNATAYGISKTGVSIQVAVKMLKEKADSSEREALMSELKMMTQLGSHENIVNLLGACTLSGPIYLIFEYCCYGDLLNYLRSKREKFHRTWTEIFKEHNFSFYPTFQSHPNSSMPGSREVQIHPDSDQISGLHGNSFHSEDEIEYENQKRLEEEEDLNVLTFEDLLCFAYQVAKGMEFLEFKSCVHRDLAARNVLVTHGKVVKICDFGLARDIMSDSNYVVRGNARLPVKWMAPESLFEGIYTIKSDVWSYGILLWEIFSLGVNPYPGIPVDANFYKLIQNGFKMDQPFYATEEIYIIMQSCWAFDSRKRPSFPNLTSFLGCQLADAEEAMYQNVDGRVSECPHTYQNRRPFSREMDLGLLSPQAQVEDS","FLT3","FLT3",NA,"FLT3","SK149","VAVK","HRD","DFG","",1,1,1,TRUE,1,1,1,641,644,809,NA,NA,829,NA,NA,809,810,811,829,830,831,841,901,"NYVVRGNARLPVKWMAPESLFEGIYTIKSDVWSYGILLWEIFSLGVNPYPGIPVDANFYKL",1,16,856,1,17,856,0,NA,NA,0,NA,NA,0,NA,NA,1,16,856,0,NA,NA,0,NA,NA,0,NA,NA,0,NA,NA,0,NA,NA,0,NA,NA,0,NA,NA,856,856,856,856,856,856,856,856,856,856,856,856,856,856,856,856,856,856,856,856,856,856,856,842,843,844,845,846,847,848,849,850,851,852,853,854,855,856,857,858,"Y","V","V","R","G","N","A","R","L","P","V","K","W","M","A","P","E","A P E","P E",846,"G",898,599,640,"YDLKWEFPRENLEFGKVLGSGAFGKVMNATAYGISKTGVSIQ",1,19,617,1,19,617,0,NA,NA,1,21,617,0,NA,NA,0,NA,NA,0,NA,NA,1,21,617,2,19,617,1,19,617,0,NA,NA,0,NA,NA,617,617,617,617,617,617,617,617,617,617,617,617,617,617,617,617,617,617,617,617,617,"GSGAFG","G","S","G","A","F","G",617,618,619,620,621,622,"G G G","FLT3_617_TCGA-EE-A29G-06_G"
"18","FLT3","617","G","TCGA-EE-A3AA-06.1547",2322,"TCGA-EE-A3AA-06","broad.mit.edu","Somatic","Missense_Mutation",NA,"G617E","M","getma.org/?cm=var&var=hg19,13,28608116,C,T&fts=all","getma.org/pdb.php?prot=FLT3_HUMAN&from=610&to=943&var=G617E","getma.org/?cm=msa&ty=f&p=FLT3_HUMAN&rb=610&re=943&var=G617E",13,28608116,28608116,"C","T",129,20,NA,NA,"skcm_tcga_mutations","E","FLT3-001",993,"MPALARDGGQLPLLVVFSAMIFGTITNQDLPVIKCVLINHKNNDSSVGKSSSYPMVSESPEDLGCALRPQSSGTVYEAAAVEVDVSASITLQVLVDAPGNISCLWVFKHSSLNCQPHFDLQNRGVVSMVILKMTETQAGEYLLFIQSEATNYTILFTVSIRNTLLYTLRRPYFRKMENQDALVCISESVPEPIVEWVLCDSQGESCKEESPAVVKKEEKVLHELFGTDIRCCARNELGRECTRLFTIDLNQTPQTTLPQLFLKVGEPLWIRCKAVHVNHGFGLTWELENKALEEGNYFEMSTYSTNRTMIRILFAFVSSVARNDTGYYTCSSSKHPSQSALVTIVEKGFINATNSSEDYEIDQYEEFCFSVRFKAYPQIRCTWTFSRKSFPCEQKGLDNGYSISKFCNHKHQPGEYIFHAENDDAQFTKMFTLNIRRKPQVLAEASASQASCFSDGYPLPSWTWKKCSDKSPNCTEEITEGVWNRKANRKVFGQWVSSSTLNMSEAIKGFLVKCCAYNSLGTSCETILLNSPGPFPFIQDNISFYATIGVCLLFIVVLTLLICHKYKKQFRYESQLQMVQVTGSSDNEYFYVDFREYEYDLKWEFPRENLEFGKVLGSGAFGKVMNATAYGISKTGVSIQVAVKMLKEKADSSEREALMSELKMMTQLGSHENIVNLLGACTLSGPIYLIFEYCCYGDLLNYLRSKREKFHRTWTEIFKEHNFSFYPTFQSHPNSSMPGSREVQIHPDSDQISGLHGNSFHSEDEIEYENQKRLEEEEDLNVLTFEDLLCFAYQVAKGMEFLEFKSCVHRDLAARNVLVTHGKVVKICDFGLARDIMSDSNYVVRGNARLPVKWMAPESLFEGIYTIKSDVWSYGILLWEIFSLGVNPYPGIPVDANFYKLIQNGFKMDQPFYATEEIYIIMQSCWAFDSRKRPSFPNLTSFLGCQLADAEEAMYQNVDGRVSECPHTYQNRRPFSREMDLGLLSPQAQVEDS",140,"VAVK","HRD","DFG","Tyr Kinase","Tyrosine",1,1,1,950,"FLT3",">ENSP00000241453.7","ENST00000241453.10","ENSG00000122025.13","OTTHUMG00000016646.3","OTTHUMT00000044319.2",993,"MPALARDGGQLPLLVVFSAMIFGTITNQDLPVIKCVLINHKNNDSSVGKSSSYPMVSESPEDLGCALRPQSSGTVYEAAAVEVDVSASITLQVLVDAPGNISCLWVFKHSSLNCQPHFDLQNRGVVSMVILKMTETQAGEYLLFIQSEATNYTILFTVSIRNTLLYTLRRPYFRKMENQDALVCISESVPEPIVEWVLCDSQGESCKEESPAVVKKEEKVLHELFGTDIRCCARNELGRECTRLFTIDLNQTPQTTLPQLFLKVGEPLWIRCKAVHVNHGFGLTWELENKALEEGNYFEMSTYSTNRTMIRILFAFVSSVARNDTGYYTCSSSKHPSQSALVTIVEKGFINATNSSEDYEIDQYEEFCFSVRFKAYPQIRCTWTFSRKSFPCEQKGLDNGYSISKFCNHKHQPGEYIFHAENDDAQFTKMFTLNIRRKPQVLAEASASQASCFSDGYPLPSWTWKKCSDKSPNCTEEITEGVWNRKANRKVFGQWVSSSTLNMSEAIKGFLVKCCAYNSLGTSCETILLNSPGPFPFIQDNISFYATIGVCLLFIVVLTLLICHKYKKQFRYESQLQMVQVTGSSDNEYFYVDFREYEYDLKWEFPRENLEFGKVLGSGAFGKVMNATAYGISKTGVSIQVAVKMLKEKADSSEREALMSELKMMTQLGSHENIVNLLGACTLSGPIYLIFEYCCYGDLLNYLRSKREKFHRTWTEIFKEHNFSFYPTFQSHPNSSMPGSREVQIHPDSDQISGLHGNSFHSEDEIEYENQKRLEEEEDLNVLTFEDLLCFAYQVAKGMEFLEFKSCVHRDLAARNVLVTHGKVVKICDFGLARDIMSDSNYVVRGNARLPVKWMAPESLFEGIYTIKSDVWSYGILLWEIFSLGVNPYPGIPVDANFYKLIQNGFKMDQPFYATEEIYIIMQSCWAFDSRKRPSFPNLTSFLGCQLADAEEAMYQNVDGRVSECPHTYQNRRPFSREMDLGLLSPQAQVEDS","FLT3","FLT3",NA,"FLT3","SK149","VAVK","HRD","DFG","",1,1,1,TRUE,1,1,1,641,644,809,NA,NA,829,NA,NA,809,810,811,829,830,831,841,901,"NYVVRGNARLPVKWMAPESLFEGIYTIKSDVWSYGILLWEIFSLGVNPYPGIPVDANFYKL",1,16,856,1,17,856,0,NA,NA,0,NA,NA,0,NA,NA,1,16,856,0,NA,NA,0,NA,NA,0,NA,NA,0,NA,NA,0,NA,NA,0,NA,NA,0,NA,NA,856,856,856,856,856,856,856,856,856,856,856,856,856,856,856,856,856,856,856,856,856,856,856,842,843,844,845,846,847,848,849,850,851,852,853,854,855,856,857,858,"Y","V","V","R","G","N","A","R","L","P","V","K","W","M","A","P","E","A P E","P E",846,"G",898,599,640,"YDLKWEFPRENLEFGKVLGSGAFGKVMNATAYGISKTGVSIQ",1,19,617,1,19,617,0,NA,NA,1,21,617,0,NA,NA,0,NA,NA,0,NA,NA,1,21,617,2,19,617,1,19,617,0,NA,NA,0,NA,NA,617,617,617,617,617,617,617,617,617,617,617,617,617,617,617,617,617,617,617,617,617,"GSGAFG","G","S","G","A","F","G",617,618,619,620,621,622,"G G G","FLT3_617_TCGA-EE-A3AA-06_G"
"19","FRK","241","G","TCGA-D9-A6EC-06.1601",2444,"TCGA-D9-A6EC-06","broad.mit.edu","Somatic","Missense_Mutation",NA,"G241E","H","getma.org/?cm=var&var=hg19,6,116288791,C,T&fts=all","getma.org/pdb.php?prot=FRK_HUMAN&from=234&to=487&var=G241E","getma.org/?cm=msa&ty=f&p=FRK_HUMAN&rb=234&re=487&var=G241E",6,116288791,116288791,"C","T",2,64,NA,NA,"skcm_tcga_mutations","E","FRK-001",505,"MSNICQRLWEYLEPYLPCLSTEADKSTVIENPGALCSPQSQRHGHYFVALFDYQARTAEDLSFRAGDKLQVLDTLHEGWWFARHLEKRRDGSSQQLQGYIPSNYVAEDRSLQAEPWFFGAIGRSDAEKQLLYSENKTGSFLIRESESQKGEFSLSVLDGAVVKHYRIKRLDEGGFFLTRRRIFSTLNEFVSHYTKTSDGLCVKLGKPCLKIQVPAPFDLSYKTVDQWEIDRNSIQLLKRLGSGQFGEVWEGLWNNTTPVAVKTLKPGSMDPNDFLREAQIMKNLRHPKLIQLYAVCTLEDPIYIITELMRHGSLQEYLQNDTGSKIHLTQQVDMAAQVASGMAYLESRNYIHRDLAARNVLVGEHNIYKVADFGLARVFKVDNEDIYESRHEIKLPVKWTAPEAIRSNKFSIKSDVWSFGILLYEIITYGKMPYSGMTGAQVIQMLAQNYRLPQPSNCPQQFYNIMLECWNAEPKERPTFETLRWKLEDYFETDSSYSDANNFIR",142,"VAVK","HRD","DFG","Tyr Kinase","Tyrosine",1,1,1,957,"FRK",">ENSP00000476145.1","ENST00000606080.1","ENSG00000111816.7","OTTHUMG00000015424.2","OTTHUMT00000041924.2",505,"MSNICQRLWEYLEPYLPCLSTEADKSTVIENPGALCSPQSQRHGHYFVALFDYQARTAEDLSFRAGDKLQVLDTLHEGWWFARHLEKRRDGSSQQLQGYIPSNYVAEDRSLQAEPWFFGAIGRSDAEKQLLYSENKTGSFLIRESESQKGEFSLSVLDGAVVKHYRIKRLDEGGFFLTRRRIFSTLNEFVSHYTKTSDGLCVKLGKPCLKIQVPAPFDLSYKTVDQWEIDRNSIQLLKRLGSGQFGEVWEGLWNNTTPVAVKTLKPGSMDPNDFLREAQIMKNLRHPKLIQLYAVCTLEDPIYIITELMRHGSLQEYLQNDTGSKIHLTQQVDMAAQVASGMAYLESRNYIHRDLAARNVLVGEHNIYKVADFGLARVFKVDNEDIYESRHEIKLPVKWTAPEAIRSNKFSIKSDVWSFGILLYEIITYGKMPYSGMTGAQVIQMLAQNYRLPQPSNCPQQFYNIMLECWNAEPKERPTFETLRWKLEDYFETDSSYSDANNFIR","FRK","FRK",NA,"FRK","SK419","VAVK","HRD","DFG","",1,1,1,TRUE,1,1,1,259,262,352,NA,NA,372,NA,NA,352,353,354,372,373,374,384,444,"EDIYESRHEIKLPVKWTAPEAIRSNKFSIKSDVWSFGILLYEIITYGKMPYSGMTGAQVIQ",1,18,401,1,19,401,0,NA,NA,0,NA,NA,0,NA,NA,1,18,401,0,NA,NA,0,NA,NA,0,NA,NA,0,NA,NA,0,NA,NA,0,NA,NA,0,NA,NA,401,401,401,401,401,401,401,401,401,401,401,401,401,401,401,401,401,401,401,401,401,401,401,387,388,389,390,391,392,393,394,395,396,397,398,399,400,401,402,403,"Y","E","S","R","H","E","I","K","L","P","V","K","W","T","A","P","E","A P E","P E",395,"L",443,217,258,"FDLSYKTVDQWEIDRNSIQLLKRLGSGQFGEVWEGLWNNTTP",1,25,241,1,25,241,0,NA,NA,1,27,241,0,NA,NA,0,NA,NA,0,NA,NA,1,27,241,1,25,241,1,25,241,0,NA,NA,0,NA,NA,241,241,241,241,241,241,241,241,241,241,241,241,241,241,241,241,241,241,241,241,241,"GSGQFG","G","S","G","Q","F","G",241,242,243,244,245,246,"G G G","FRK_241_TCGA-D9-A6EC-06_G"
"20","GRK7","198","G","TCGA-ER-A193-06.1644",131890,"TCGA-ER-A193-06","broad.mit.edu","Somatic","Missense_Mutation",NA,"G198R","H","getma.org/?cm=var&var=hg19,3,141497718,G,A&fts=all","getma.org/pdb.php?prot=GRK7_HUMAN&from=191&to=449&var=G198R","getma.org/?cm=msa&ty=f&p=GRK7_HUMAN&rb=191&re=449&var=G198R",3,141497718,141497718,"G","A",72,29,NA,NA,"skcm_tcga_mutations","R","GRK7-001",553,"MVDMGALDNLIANTAYLQARKPSDCDSKELQRRRRSLALPGLQGCAELRQKLSLNFHSLCEQQPIGRRLFRDFLATVPTFRKAATFLEDVQNWELAEEGPTKDSALQGLVATCASAPAPGNPQPFLSQAVATKCQAATTEEERVAAVTLAKAEAMAFLQEQPFKDFVTSAFYDKFLQWKLFEMQPVSDKYFTEFRVLGKGGFGEVCAVQVKNTGKMYACKKLDKKRLKKKGGEKMALLEKEILEKVSSPFIVSLAYAFESKTHLCLVMSLMNGGDLKFHIYNVGTRGLDMSRVIFYSAQIACGMLHLHELGIVYRDMKPENVLLDDLGNCRLSDLGLAVEMKGGKPITQRAGTNGYMAPEILMEKVSYSYPVDWFAMGCSIYEMVAGRTPFKDYKEKVSKEDLKQRTLQDEVKFQHDNFTEEAKDICRLFLAKKPEQRLGSREKSDDPRKHHFFKTINFPRLEAGLIEPPFVPDPSVVYAKDIAEIDDFSEVRGVEFDDKDKQFFKNFATGAVPIAWQEEIIETGLFEELNDPNRPTGCEEGNSSKSGVCLLL",149,"YACK","YRD","DLG","AGC Ser/Thr","SerineThreonine",1,1,2,1006,"GRK7",">ENSP00000264952.2","ENST00000264952.2","ENSG00000114124.2","OTTHUMG00000159068.1","OTTHUMT00000353168.1",553,"MVDMGALDNLIANTAYLQARKPSDCDSKELQRRRRSLALPGLQGCAELRQKLSLNFHSLCEQQPIGRRLFRDFLATVPTFRKAATFLEDVQNWELAEEGPTKDSALQGLVATCASAPAPGNPQPFLSQAVATKCQAATTEEERVAAVTLAKAEAMAFLQEQPFKDFVTSAFYDKFLQWKLFEMQPVSDKYFTEFRVLGKGGFGEVCAVQVKNTGKMYACKKLDKKRLKKKGGEKMALLEKEILEKVSSPFIVSLAYAFESKTHLCLVMSLMNGGDLKFHIYNVGTRGLDMSRVIFYSAQIACGMLHLHELGIVYRDMKPENVLLDDLGNCRLSDLGLAVEMKGGKPITQRAGTNGYMAPEILMEKVSYSYPVDWFAMGCSIYEMVAGRTPFKDYKEKVSKEDLKQRTLQDEVKFQHDNFTEEAKDICRLFLAKKPEQRLGSREKSDDPRKHHFFKTINFPRLEAGLIEPPFVPDPSVVYAKDIAEIDDFSEVRGVEFDDKDKQFFKNFATGAVPIAWQEEIIETGLFEELNDPNRPTGCEEGNSSKSGVCLLL","GPRK7","MKNK2",NA,"GPRK7","SK578","YACK","YRD","DLG","",1,1,2,TRUE,1,1,2,217,220,314,NA,NA,326,334,NA,314,315,316,334,335,336,346,406,"PITQRAGTNGYMAPEILMEKVSYSYPVDWFAMGCSIYEMVAGRTPFKDYKEKVSKEDLKQR",1,13,358,1,14,358,1,7,358,0,NA,NA,0,NA,NA,1,13,358,0,NA,NA,0,NA,NA,1,7,358,0,NA,NA,1,7,358,1,11,358,0,NA,NA,358,358,358,358,358,358,358,358,358,358,358,358,358,358,358,358,358,358,358,358,358,358,358,344,345,346,347,348,349,350,351,352,353,354,355,356,357,358,359,360,"G","K","P","I","T","Q","R","A","G","T","N","G","Y","M","A","P","E","A P E","P E",352,"G",400,175,216,"FLQWKLFEMQPVSDKYFTEFRVLGKGGFGEVCAVQVKNTGKM",1,24,198,1,24,198,0,NA,NA,1,26,198,0,NA,NA,0,NA,NA,0,NA,NA,1,24,196,1,24,198,2,24,198,0,NA,NA,1,26,198,198,198,198,198,198,198,198,198,198,198,198,198,198,198,198,198,198,198,198,198,198,"GKGGFG","G","K","G","G","F","G",198,199,200,201,202,203,"G G G","GRK7_198_TCGA-ER-A193-06_G"
"21","HUNK","69","G","TCGA-CG-4306-01.162",30811,"TCGA-CG-4306-01","broad.mit.edu","Somatic","Missense_Mutation","Untested","G69C","H","getma.org/?cm=var&var=hg19,21,33246192,G,T&fts=all","getma.org/pdb.php?prot=HUNK_HUMAN&from=63&to=320&var=G69C","getma.org/?cm=msa&ty=f&p=HUNK_HUMAN&rb=63&re=320&var=G69C",21,33246192,33246192,"G","T",NA,NA,NA,NA,"stad_tcga_mutations","C","HUNK-001",714,"MPAAAGDGLLGEPAAPGGGGGAEDAARPAAACEGSFLPAWVSGVPRERLRDFQHHKRVGNYLIGSRKLGEGSFAKVREGLHVLTGEKVAIKVIDKKRAKKDTYVTKNLRREGQIQQMIRHPNITQLLDILETENSYYLVMELCPGGNLMHKIYEKKRLEESEARRYIRQLISAVEHLHRAGVVHRDLKIENLLLDEDNNIKLIDFGLSNCAGILGYSDPFSTQCGSPAYAAPELLARKKYGPKIDVWSIGVNMYAMLTGTLPFTVEPFSLRALYQKMVDKEMNPLPTQLSTGAISFLRSLLEPDPVKRPNIQQALANRWLNENYTGKVPCNVTYPNRISLEDLSPSVVLHMTEKLGYKNSDVINTVLSNRACHILAIYFLLNKKLERYLSGKSDIQDSLCYKTRLYQIEKYRAPKESYEASLDTWTRDLEFHAVQDKKPKEQEKRGDFLHRPFSKKLDKNLPSHKQPSGSLMTQIQNTKALLKDRKASKSSFPDKDSFGCRNIFRKTSDSNCVASSSMEFIPVPPPRTPRIVKKPEPHQPGPGSTGIPHKEDPLMLDMVRSFESVDRDDHVEVLSPSHHYRILNSPVSLARRNSSERTLSPGLPSGSMSPLHTPLHPTLVSFAHEDKNSPPKEEGLCCPPPVPSNGPMQPLGSPNCVKSRGRFPMMGIGQMLRKRHQSLQPSADRPLEASLPPLQPLAPVNLAFDMADGVKTQC",157,"VAIK","HRD","DFG","CAMK Ser/Thr","SerineThreonine",1,1,1,1043,"HUNK",">ENSP00000270112.2","ENST00000270112.5","ENSG00000142149.7","OTTHUMG00000085019.2","OTTHUMT00000192782.1",714,"MPAAAGDGLLGEPAAPGGGGGAEDAARPAAACEGSFLPAWVSGVPRERLRDFQHHKRVGNYLIGSRKLGEGSFAKVREGLHVLTGEKVAIKVIDKKRAKKDTYVTKNLRREGQIQQMIRHPNITQLLDILETENSYYLVMELCPGGNLMHKIYEKKRLEESEARRYIRQLISAVEHLHRAGVVHRDLKIENLLLDEDNNIKLIDFGLSNCAGILGYSDPFSTQCGSPAYAAPELLARKKYGPKIDVWSIGVNMYAMLTGTLPFTVEPFSLRALYQKMVDKEMNPLPTQLSTGAISFLRSLLEPDPVKRPNIQQALANRWLNENYTGKVPCNVTYPNRISLEDLSPSVVLHMTEKLGYKNSDVINTVLSNRACHILAIYFLLNKKLERYLSGKSDIQDSLCYKTRLYQIEKYRAPKESYEASLDTWTRDLEFHAVQDKKPKEQEKRGDFLHRPFSKKLDKNLPSHKQPSGSLMTQIQNTKALLKDRKASKSSFPDKDSFGCRNIFRKTSDSNCVASSSMEFIPVPPPRTPRIVKKPEPHQPGPGSTGIPHKEDPLMLDMVRSFESVDRDDHVEVLSPSHHYRILNSPVSLARRNSSERTLSPGLPSGSMSPLHTPLHPTLVSFAHEDKNSPPKEEGLCCPPPVPSNGPMQPLGSPNCVKSRGRFPMMGIGQMLRKRHQSLQPSADRPLEASLPPLQPLAPVNLAFDMADGVKTQC","HUNK","HUNK",NA,"HUNK","SK502","VAIK","HRD","DFG","",1,1,1,TRUE,1,1,1,88,91,184,NA,NA,204,NA,NA,184,185,186,204,205,206,216,276,"YSDPFSTQCGSPAYAAPELLARKKYGPKIDVWSIGVNMYAMLTGTLPFTVEPFSLRALYQK",1,16,231,1,17,231,0,NA,NA,0,NA,NA,0,NA,NA,1,16,231,0,NA,NA,0,NA,NA,0,NA,NA,0,NA,NA,1,10,231,1,14,231,0,NA,NA,231,231,231,231,231,231,231,231,231,231,231,231,231,231,231,231,231,231,231,231,231,231,231,217,218,219,220,221,222,223,224,225,226,227,228,229,230,231,232,233,"S","D","P","F","S","T","Q","C","G","S","P","A","Y","A","A","P","E","A P E","P E",225,"G",273,46,87,"RERLRDFQHHKRVGNYLIGSRKLGEGSFAKVREGLHVLTGEK",0,NA,NA,1,24,69,0,NA,NA,0,NA,NA,1,24,69,0,NA,NA,0,NA,NA,0,NA,NA,1,14,59,1,24,69,0,NA,NA,0,NA,NA,69,69,69,69,69,69,69,69,69,69,69,69,69,69,69,69,69,69,69,69,69,"GEGSFA","G","E","G","S","F","A",69,70,71,72,73,74,"G G A","HUNK_69_TCGA-CG-4306-01_G"
"22","LRRK1","1249","G","TCGA-49-6742-01.842",79705,"TCGA-49-6742-01","broad.mit.edu","Somatic","Missense_Mutation",NA,"G1249D","M","getma.org/?cm=var&var=hg19,15,101593183,G,A&fts=all","getma.org/pdb.php?prot=LRRK1_HUMAN&from=1243&to=1520&var=G1249D","getma.org/?cm=msa&ty=f&p=LRRK1_HUMAN&rb=1243&re=1520&var=G1249D",15,101593183,101593183,"G","A",44,25,NA,NA,"luad_tcga_mutations","D","LRRK1-003",2015,"MAGMSQRPPSMYWCVGPEESAVCPERAMETLNGAGDTGGKPSTRGGDPAARSRRTEGIRAAYRRGDRGGARDLLEEACDQCASQLEKGQLLSIPAAYGDLEMVRYLLSKRLVELPTEPTDDNPAVVAAYFGHTAVVQELLESLPGPCSPQRLLNWMLALACQRGHLGVVKLLVLTHGADPESYAVRKNEFPVIVRLPLYAAIKSGNEDIAIFLLRHGAYFCSYILLDSPDPSKHLLRKYFIEASPLPSSYPGKTALRVKWSHLRLPWVDLDWLIDISCQITELDLSANCLATLPSVIPWGLINLRKLNLSDNHLGELPGVQSSDEIICSRLLEIDISSNKLSHLPPGFLHLSKLQKLTASKNCLEKLFEEENATNWIGLRKLQELDISDNKLTELPALFLHSFKSLNSLNVSRNNLKVFPDPWACPLKCCKASRNALECLPDKMAVFWKNHLKDVDFSENALKEVPLGLFQLDALMFLRLQGNQLAALPPQEKWTCRQLKTLDLSRNQLGKNEDGLKTKRIAFFTTRGRQRSGTEAASVLEFPAFLSESLEVLCLNDNHLDTVPPSVCLLKSLSELYLGNNPGLRELPPELGQLGNLWQLDTEDLTISNVPAEIQKEGPKAMLSYLRAQLRKAEKCKLMKMIIVGPPRQGKSTLLEILQTGRAPQVVHGEATIRTTKWELQRPAGSRAKVESVEFNVWDIGGPASMATVNQCFFTDKALYVVVWNLALGEEAVANLQFWLLNIEAKAPNAVVLVVGTHLDLIEAKFRVERIATLRAYVLALCRSPSGSRATGFPDITFKHLHEISCKSLEGQEGLRQLIFHVTCSMKDVGSTIGCQRLAGRLIPRSYLSLQEAVLAEQQRRSRDDDVQYLTDRQLEQLVEQTPDNDIKDYEDLQSAISFLIETGTLLHFPDTSHGLRNLYFLDPIWLSECLQRIFNIKGSRSVAKNGVIRAEDLRMLLVGTGFTQQTEEQYFQFLAKFEIALPVANDSYLLPHLLPSKPGLDTHGMRHPTANTIQRVFKMSFVPVGFWQRFIARMLISLAEMDLQLFENKKNTKSRNRKVTIYSFTGNQRNRCSTFRVKRNQTIYWQEGLLVTFDGGYLSVESSDVNWKKKKSGGMKIVCQSEVRDFSAMAFITDHVNSLIDQWFPALTATESDGTPLMEQYVPCPVCETAWAQHTDPSEKSEDVQYFDMEDCVLTAIERDFISCPRHPDLPVPLQELVPELFMTDFPARLFLENSKLEHSEDEGSVLGQGGSGTVIYRARYQGQPVAVKRFHIKKFKNFANVPADTMLRHLRATDAMKNFSEFRQEASMLHALQHPCIVALIGISIHPLCFALELAPLSSLNTVLSENARDSSFIPLGHMLTQKIAYQIASGLAYLHKKNIIFCDLKSDNILVWSLDVKEHINIKLSDYGISRQSFHEGALGVEGTPGYQAPEIRPRIVYDEKVDMFSYGMVLYELLSGQRPALGHHQLQIAKKLSKGIRPVLGQPEEVQFRRLQALMMECWDTKPEKRPLALSVVSQMKDPTFATFMYELCCGKQTAFFSSQGQEYTVVFWDGKEESRNYTVVNTEKGLMEVQRMCCPGMKVSCQLQVQRSLWTATEDQKIYIYTLKGMCPLNTPQQALDTPAVVTCFLAVPVIKKNSYLVLAGLADGLVAVFPVVRGTPKDSCSYLCSHTANRSKFSIADEDARQNPYPVKAMEVVNSGSEVWYSNGPGLLVIDCASLEICRRLEPYMAPSMVTSVVCSSEGRGEEVVWCLDDKANSLVMYHSTTYQLCARYFCGVPSPLRDMFPVRPLDTEPPAASHTANPKVPEGDSIADVSIMYSEELGTQILIHQESLTDYCSMSSYSSSPPRQAARSPSSLPSSPASSSSVPFSTDCEDSDMLHTPGAASDRSEHDLTPMDGETFSQHLQAVKILAVRDLIWVPRRGGDVIVIGLEKDSGAQRGRVIAVLKARELTPHGVLVDAAVVAKDTVVCTFENENTEWCLAVWRGWGAREFDIFYQSYEELGRLEACTRKRR",182,"FHIK","FCD","DYG","TKL Ser/Thr","SerineThreonine",1,1,1,1155,"LRRK1",">ENSP00000373600.3","ENST00000388948.6","ENSG00000154237.11","OTTHUMG00000165514.4","OTTHUMT00000384567.2",2015,"MAGMSQRPPSMYWCVGPEESAVCPERAMETLNGAGDTGGKPSTRGGDPAARSRRTEGIRAAYRRGDRGGARDLLEEACDQCASQLEKGQLLSIPAAYGDLEMVRYLLSKRLVELPTEPTDDNPAVVAAYFGHTAVVQELLESLPGPCSPQRLLNWMLALACQRGHLGVVKLLVLTHGADPESYAVRKNEFPVIVRLPLYAAIKSGNEDIAIFLLRHGAYFCSYILLDSPDPSKHLLRKYFIEASPLPSSYPGKTALRVKWSHLRLPWVDLDWLIDISCQITELDLSANCLATLPSVIPWGLINLRKLNLSDNHLGELPGVQSSDEIICSRLLEIDISSNKLSHLPPGFLHLSKLQKLTASKNCLEKLFEEENATNWIGLRKLQELDISDNKLTELPALFLHSFKSLNSLNVSRNNLKVFPDPWACPLKCCKASRNALECLPDKMAVFWKNHLKDVDFSENALKEVPLGLFQLDALMFLRLQGNQLAALPPQEKWTCRQLKTLDLSRNQLGKNEDGLKTKRIAFFTTRGRQRSGTEAASVLEFPAFLSESLEVLCLNDNHLDTVPPSVCLLKSLSELYLGNNPGLRELPPELGQLGNLWQLDTEDLTISNVPAEIQKEGPKAMLSYLRAQLRKAEKCKLMKMIIVGPPRQGKSTLLEILQTGRAPQVVHGEATIRTTKWELQRPAGSRAKVESVEFNVWDIGGPASMATVNQCFFTDKALYVVVWNLALGEEAVANLQFWLLNIEAKAPNAVVLVVGTHLDLIEAKFRVERIATLRAYVLALCRSPSGSRATGFPDITFKHLHEISCKSLEGQEGLRQLIFHVTCSMKDVGSTIGCQRLAGRLIPRSYLSLQEAVLAEQQRRSRDDDVQYLTDRQLEQLVEQTPDNDIKDYEDLQSAISFLIETGTLLHFPDTSHGLRNLYFLDPIWLSECLQRIFNIKGSRSVAKNGVIRAEDLRMLLVGTGFTQQTEEQYFQFLAKFEIALPVANDSYLLPHLLPSKPGLDTHGMRHPTANTIQRVFKMSFVPVGFWQRFIARMLISLAEMDLQLFENKKNTKSRNRKVTIYSFTGNQRNRCSTFRVKRNQTIYWQEGLLVTFDGGYLSVESSDVNWKKKKSGGMKIVCQSEVRDFSAMAFITDHVNSLIDQWFPALTATESDGTPLMEQYVPCPVCETAWAQHTDPSEKSEDVQYFDMEDCVLTAIERDFISCPRHPDLPVPLQELVPELFMTDFPARLFLENSKLEHSEDEGSVLGQGGSGTVIYRARYQGQPVAVKRFHIKKFKNFANVPADTMLRHLRATDAMKNFSEFRQEASMLHALQHPCIVALIGISIHPLCFALELAPLSSLNTVLSENARDSSFIPLGHMLTQKIAYQIASGLAYLHKKNIIFCDLKSDNILVWSLDVKEHINIKLSDYGISRQSFHEGALGVEGTPGYQAPEIRPRIVYDEKVDMFSYGMVLYELLSGQRPALGHHQLQIAKKLSKGIRPVLGQPEEVQFRRLQALMMECWDTKPEKRPLALSVVSQMKDPTFATFMYELCCGKQTAFFSSQGQEYTVVFWDGKEESRNYTVVNTEKGLMEVQRMCCPGMKVSCQLQVQRSLWTATEDQKIYIYTLKGMCPLNTPQQALDTPAVVTCFLAVPVIKKNSYLVLAGLADGLVAVFPVVRGTPKDSCSYLCSHTANRSKFSIADEDARQNPYPVKAMEVVNSGSEVWYSNGPGLLVIDCASLEICRRLEPYMAPSMVTSVVCSSEGRGEEVVWCLDDKANSLVMYHSTTYQLCARYFCGVPSPLRDMFPVRPLDTEPPAASHTANPKVPEGDSIADVSIMYSEELGTQILIHQESLTDYCSMSSYSSSPPRQAARSPSSLPSSPASSSSVPFSTDCEDSDMLHTPGAASDRSEHDLTPMDGETFSQHLQAVKILAVRDLIWVPRRGGDVIVIGLEKDSGAQRGRVIAVLKARELTPHGVLVDAAVVAKDTVVCTFENENTEWCLAVWRGWGAREFDIFYQSYEELGRLEACTRKRR","LRRK1","LRRK1",NA,"LRRK1","SK698","FHIK","FCD","DYG","",1,1,1,TRUE,1,1,1,1272,1275,1384,NA,NA,1409,NA,NA,1384,1385,1386,1409,1410,1411,1421,1481,"ALGVEGTPGYQAPEIRPRIVYDEKVDMFSYGMVLYELLSGQRPALGHHQLQIAKKLSKGIR",1,12,1432,1,13,1432,1,6,1432,0,NA,NA,0,NA,NA,1,12,1432,0,NA,NA,0,NA,NA,1,6,1432,0,NA,NA,1,6,1432,1,10,1432,0,NA,NA,1432,1432,1432,1432,1432,1432,1432,1432,1432,1432,1432,1432,1432,1432,1432,1432,1432,1432,1432,1432,1432,1432,1432,1418,1419,1420,1421,1422,1423,1424,1425,1426,1427,1428,1429,1430,1431,1432,1433,1434,"H","E","G","A","L","G","V","E","G","T","P","G","Y","Q","A","P","E","A P E","P E",1426,"G",1474,1230,1271,"RLFLENSKLEHSEDEGSVLGQGGSGTVIYRARYQGQPVAVKR",1,20,1249,0,NA,NA,0,NA,NA,0,NA,NA,0,NA,NA,0,NA,NA,0,NA,NA,1,20,1247,1,20,1249,2,20,1249,0,NA,NA,1,22,1249,1249,1249,1249,1249,1249,1249,1249,1249,1249,1249,1249,1249,1249,1249,1249,1249,1249,1249,1249,1249,1249,"GQGGSG","G","Q","G","G","S","G",1249,1250,1251,1252,1253,1254,"G G G","LRRK1_1249_TCGA-49-6742-01_G"
"23","MARK3","63","G","TCGA-BR-8680-01.2019",4140,"TCGA-BR-8680-01","broad.mit.edu","Somatic","Missense_Mutation","Untested","G63S","M","getma.org/?cm=var&var=hg19,14,103871548,G,A&fts=all","getma.org/pdb.php?prot=MARK3_HUMAN&from=56&to=330&var=G63S","getma.org/?cm=msa&ty=f&p=MARK3_HUMAN&rb=56&re=330&var=G63S",14,103871548,103871548,"G","A",NA,NA,NA,NA,"stad_tcga_mutations","S","MARK3-001",753,"MSTRTPLPTVNERDTENHTSHGDGRQEVTSRTSRSGARCRNSIASCADEQPHIGNYRLLKTIGKGNFAKVKLARHILTGREVAIKIIDKTQLNPTSLQKLFREVRIMKILNHPNIVKLFEVIETEKTLYLIMEYASGGEVFDYLVAHGRMKEKEARSKFRQIVSAVQYCHQKRIVHRDLKAENLLLDADMNIKIADFGFSNEFTVGGKLDTFCGSPPYAAPELFQGKKYDGPEVDVWSLGVILYTLVSGSLPFDGQNLKELRERVLRGKYRIPFYMSTDCENLLKRFLVLNPIKRGTLEQIMKDRWINAGHEEDELKPFVEPELDISDQKRIDIMVGMGYSQEEIQESLSKMKYDEITATYLLLGRKSSELDASDSSSSSNLSLAKVRPSSDLNNSTGQSPHHKVQRSVSSSQKQRRYSDHAGPAIPSVVAYPKRSQTSTADSDLKEDGISSRKSSGSAVGGKGIAPASPMLGNASNPNKADIPERKKSSTVPSSNTASGGMTRRNTYVCSERTTADRHSVIQNGKENSTIPDQRTPVASTHSISSAATPDRIRFPRGTASRSTFHGQPRERRTATYNGPPASPSLSHEATPLSQTRSRGSTNLFSKLTSKLTRRNMSFRFIKRLPTEYERNGRYEGSSRNVSAEQKDENKEAKPRSLRFTWSMKTTSSMDPGDMMREIRKVLDANNCDYEQRERFLLFCVHGDGHAENLVQWEMEVCKLPRLSLNGVRFKRISGTSIAFKNIASKIANELKL",233,"VAIK","HRD","DFG","CAMK Ser/Thr","SerineThreonine",1,1,1,1472,"MARK3",">ENSP00000411397.2","ENST00000429436.5","ENSG00000075413.16","OTTHUMG00000171789.3","OTTHUMT00000415144.2",753,"MSTRTPLPTVNERDTENHTSHGDGRQEVTSRTSRSGARCRNSIASCADEQPHIGNYRLLKTIGKGNFAKVKLARHILTGREVAIKIIDKTQLNPTSLQKLFREVRIMKILNHPNIVKLFEVIETEKTLYLIMEYASGGEVFDYLVAHGRMKEKEARSKFRQIVSAVQYCHQKRIVHRDLKAENLLLDADMNIKIADFGFSNEFTVGGKLDTFCGSPPYAAPELFQGKKYDGPEVDVWSLGVILYTLVSGSLPFDGQNLKELRERVLRGKYRIPFYMSTDCENLLKRFLVLNPIKRGTLEQIMKDRWINAGHEEDELKPFVEPELDISDQKRIDIMVGMGYSQEEIQESLSKMKYDEITATYLLLGRKSSELDASDSSSSSNLSLAKVRPSSDLNNSTGQSPHHKVQRSVSSSQKQRRYSDHAGPAIPSVVAYPKRSQTSTADSDLKEDGISSRKSSGSAVGGKGIAPASPMLGNASNPNKADIPERKKSSTVPSSNTASGGMTRRNTYVCSERTTADRHSVIQNGKENSTIPDQRTPVASTHSISSAATPDRIRFPRGTASRSTFHGQPRERRTATYNGPPASPSLSHEATPLSQTRSRGSTNLFSKLTSKLTRRNMSFRFIKRLPTEYERNGRYEGSSRNVSAEQKDENKEAKPRSLRFTWSMKTTSSMDPGDMMREIRKVLDANNCDYEQRERFLLFCVHGDGHAENLVQWEMEVCKLPRLSLNGVRFKRISGTSIAFKNIASKIANELKL","MARK3","MARK3",NA,"MARK3","SK096","VAIK","HRD","DFG","",1,1,1,TRUE,1,1,1,82,85,176,NA,NA,196,NA,NA,176,177,178,196,197,198,208,268,"KLDTFCGSPPYAAPELFQGKKYDGPEVDVWSLGVILYTLVSGSLPFDGQNLKELRERVLRG",1,13,220,2,14,220,0,NA,NA,0,NA,NA,0,NA,NA,1,13,220,0,NA,NA,0,NA,NA,0,NA,NA,0,NA,NA,2,7,220,1,11,220,0,NA,NA,220,220,220,220,220,220,220,220,220,220,220,220,220,220,220,220,220,220,220,220,220,220,220,206,207,208,209,210,211,212,213,214,215,216,217,218,219,220,221,222,"G","G","K","L","D","T","F","C","G","S","P","P","Y","A","A","P","E","A P E","P E",214,"G",262,40,81,"RNSIASCADEQPHIGNYRLLKTIGKGNFAKVKLARHILTGRE",0,NA,NA,1,24,63,0,NA,NA,0,NA,NA,1,24,63,0,NA,NA,0,NA,NA,0,NA,NA,0,NA,NA,1,24,63,0,NA,NA,0,NA,NA,63,63,63,63,63,63,63,63,63,63,63,63,63,63,63,63,63,63,63,63,63,"GKGNFA","G","K","G","N","F","A",63,64,65,66,67,68,"G G A","MARK3_63_TCGA-BR-8680-01_G"
"24","MUSK","582","G","TCGA-KK-A59V-01.337",4593,"TCGA-KK-A59V-01","broad.mit.edu","Somatic","Missense_Mutation",NA,"G582R","H","getma.org/?cm=var&var=hg19,9,113547964,G,A&fts=all","getma.org/pdb.php?prot=MUSK_HUMAN&from=575&to=856&var=G582R","getma.org/?cm=msa&ty=f&p=MUSK_HUMAN&rb=575&re=856&var=G582R",9,113547964,113547964,"G","A",104,9,NA,NA,"prad_tcga_mutations","R","MUSK-001",869,"MRELVNIPLVHILTLVAFSGTEKLPKAPVITTPLETVDALVEEVATFMCAVESYPQPEISWTRNKILIKLFDTRYSIRENGQLLTILSVEDSDDGIYCCTANNGVGGAVESCGALQVKMKPKITRPPINVKIIEGLKAVLPCTTMGNPKPSVSWIKGDSPLRENSRIAVLESGSLRIHNVQKEDAGQYRCVAKNSLGTAYSKVVKLEVEVFARILRAPESHNVTFGSFVTLHCTATGIPVPTITWIENGNAVSSGSIQESVKDRVIDSRLQLFITKPGLYTCIATNKHGEKFSTAKAAATISIAEWSKPQKDNKGYCAQYRGEVCNAVLAKDALVFLNTSYADPEEAQELLVHTAWNELKVVSPVCRPAAEALLCNHIFQECSPGVVPTPIPICREYCLAVKELFCAKEWLVMEEKTHRGLYRSEMHLLSVPECSKLPSMHWDPTACARLPHLDYNKENLKTFPPMTSSKPSVDIPNLPSSSSSSFSVSPTYSMTVIISIMSSFAIFVLLTITTLYCCRRRKQWKNKKRESAAVTLTTLPSELLLDRLHPNPMYQRMPLLLNPKLLSLEYPRNNIEYVRDIGEGAFGRVFQARAPGLLPYEPFTMVAVKMLKEEASADMQADFQREAALMAEFDNPNIVKLLGVCAVGKPMCLLFEYMAYGDLNEFLRSMSPHTVCSLSHSDLSMRAQVSSPGPPPLSCAEQLCIARQVAAGMAYLSERKFVHRDLATRNCLVGENMVVKIADFGLSRNIYSADYYKANENDAIPIRWMPPESIFYNRYTTESDVWAYGVVLWEIFSYGLQPYYGMAHEEVIYYVRDGNILSCPENCPVELYNLMRLCWSKLPADRPSFTSIHRILERMCERAEGTVSV",251,"VAVK","HRD","DFG","Tyr Kinase","Tyrosine",1,1,1,1623,"MUSK",">ENSP00000363571.4","ENST00000374448.7","ENSG00000030304.11","OTTHUMG00000020485.3","OTTHUMT00000053627.3",869,"MRELVNIPLVHILTLVAFSGTEKLPKAPVITTPLETVDALVEEVATFMCAVESYPQPEISWTRNKILIKLFDTRYSIRENGQLLTILSVEDSDDGIYCCTANNGVGGAVESCGALQVKMKPKITRPPINVKIIEGLKAVLPCTTMGNPKPSVSWIKGDSPLRENSRIAVLESGSLRIHNVQKEDAGQYRCVAKNSLGTAYSKVVKLEVEVFARILRAPESHNVTFGSFVTLHCTATGIPVPTITWIENGNAVSSGSIQESVKDRVIDSRLQLFITKPGLYTCIATNKHGEKFSTAKAAATISIAEWSKPQKDNKGYCAQYRGEVCNAVLAKDALVFLNTSYADPEEAQELLVHTAWNELKVVSPVCRPAAEALLCNHIFQECSPGVVPTPIPICREYCLAVKELFCAKEWLVMEEKTHRGLYRSEMHLLSVPECSKLPSMHWDPTACARLPHLDYNKENLKTFPPMTSSKPSVDIPNLPSSSSSSFSVSPTYSMTVIISIMSSFAIFVLLTITTLYCCRRRKQWKNKKRESAAVTLTTLPSELLLDRLHPNPMYQRMPLLLNPKLLSLEYPRNNIEYVRDIGEGAFGRVFQARAPGLLPYEPFTMVAVKMLKEEASADMQADFQREAALMAEFDNPNIVKLLGVCAVGKPMCLLFEYMAYGDLNEFLRSMSPHTVCSLSHSDLSMRAQVSSPGPPPLSCAEQLCIARQVAAGMAYLSERKFVHRDLATRNCLVGENMVVKIADFGLSRNIYSADYYKANENDAIPIRWMPPESIFYNRYTTESDVWAYGVVLWEIFSYGLQPYYGMAHEEVIYYVRDGNILSCPENCPVELYNLMRLCWSKLPADRPSFTSIHRILERMCERAEGTVSV","MUSK","MUSK",NA,"MUSK","SK247","VAVK","HRD","DFG","",1,1,1,TRUE,1,1,1,606,609,723,NA,NA,743,NA,NA,723,724,725,743,744,745,755,815,"YYKANENDAIPIRWMPPESIFYNRYTTESDVWAYGVVLWEIFSYGLQPYYGMAHEEVIYYV",0,NA,NA,1,17,770,0,NA,NA,0,NA,NA,0,NA,NA,2,4,758,0,NA,NA,0,NA,NA,0,NA,NA,1,11,770,0,NA,NA,0,NA,NA,0,NA,NA,NA,NA,NA,NA,770,770,770,770,770,770,770,770,770,770,770,770,770,770,770,770,770,770,770,756,757,758,759,760,761,762,763,764,765,766,767,768,769,770,771,772,"Y","K","A","N","E","N","D","A","I","P","I","R","W","M","P","P","E","P P E","P E",764,"I",812,564,605,"KLLSLEYPRNNIEYVRDIGEGAFGRVFQARAPGLLPYEPFTM",1,19,582,1,19,582,0,NA,NA,1,21,582,0,NA,NA,0,NA,NA,0,NA,NA,1,21,582,1,19,582,1,19,582,0,NA,NA,0,NA,NA,582,582,582,582,582,582,582,582,582,582,582,582,582,582,582,582,582,582,582,582,582,"GEGAFG","G","E","G","A","F","G",582,583,584,585,586,587,"G G G","MUSK_582_TCGA-KK-A59V-01_G"
"25","MYO3A","28","G","TCGA-D1-A17Q-01.2668",53904,"TCGA-D1-A17Q-01","genome.wustl.edu","Somatic","Missense_Mutation","Untested","G28D","H","getma.org/?cm=var&var=hg19,10,26241122,G,A&fts=all","getma.org/pdb.php?prot=MYO3A_HUMAN&from=21&to=287&var=G28D","getma.org/?cm=msa&ty=f&p=MYO3A_HUMAN&rb=21&re=287&var=G28D",10,26241122,26241122,"G","A",133,67,171,0,"ucec_tcga_mutations","D","MYO3A-001",1616,"MFPLIGKTIIFDNFPDPSDTWEITETIGKGTYGKVFKVLNKKNGQKAAVKILDPIHDIDEEIEAEYNILKALSDHPNVVRFYGIYFKKDKVNGDKLWLVLELCSGGSVTDLVKGFLKRGERMSEPLIAYILHEALMGLQHLHNNKTIHRDVKGNNILLTTEGGVKLVDFGVSAQLTSTRHRRNTSVGTPFWMAPEVIACEQQLDTTYDARCDTWSLGITAIELGDGDPPLADLHPMRALFKIPRNPPPKLRQPELWSAEFNDFISKCLTKDYEKRPTVSELLQHKFITQIEGKDVMLQKQLTEFIGIHQCMGGTEKARRERIHTKKGNFNRPLISNLKDVDDLATLEILDENTVSEQLEKCYSRDQIYVYVGDILIALNPFQSLGLYSTKHSKLYIGSKRTASPPHIFAMADLGYQSMITYNSDQCIVISGESGAGKTENAHLLVQQLTVLGKANNRTLQEKILQVNNLVEAFGNACTIINDNSSRFGKYLEMKFTSSGAVVGAQISEYLLEKSRVIHQAIGEKNFHIFYYIYAGLAEKKKLAHYKLPENKPPRYLQNDHLRTVQDIMNNSFYKSQYELIEQCFKVIGFTMEQLGSIYSILAAILNVGNIEFSSVATEHQIDKSHISNHTALENCASLLCIRADELQEALTSHCVVTRGETIIRPNTVEKATDVRDAMAKTLYGRLFSWIVNCINSLLKHDSSPSGNGDELSIGILDIFGFENFKKNSFEQLCINIANEQIQYYYNQHVFAWEQNEYLNEDVDARVIEYEDNWPLLDMFLQKPMGLLSLLDEESRFPKATDQTLVEKFEGNLKSQYFWRPKRMELSFGIHHYAGKVLYNASGFLAKNRDTLPTDIVLLLRSSDNSVIRQLVNHPLTKTGNLPHSKTKNVINYQMRTSEKLINLAKGDTGEATRHARETTNMKTQTVASYFRYSLMDLLSKMVVGQPHFVRCIKPNSERQARKYDKEKVLLQLRYTGILETARIRRLGFSHRILFANFIKRYYLLCYKSSEEPRMSPDTCATILEKAGLDNWALGKTKVFLKYYHVEQLNLMRKEAIDKLILIQACVRAFLCSRRYQKIQEKRKESAIIIQSAARGHLVRKQRKEIVDMKNTAVTTIQTSDQEFDYKKNFENTRESFVKKQAENAISANERFISAPNNKGSVSVVKTSTFKPEEETTNAVESNNRVYQTPKKMNNVYEEEVKQEFYLVGPEVSPKQKSVKDLEENSNLRKVEKEEAMIQSYYQRYTEERNCEESKAAYLERKAISERPSYPVPWLAENETSFKKTLEPTLSQRSIYQNANSMEKEKKTSVVTQRAPICSQEEGRGRLRHETVKERQVEPVTQAQEEEDKAAVFIQSKYRGYKRRQQLRKDKMSSFKHQRIVTTPTEVARNTHNLYSYPTKHEEINNIKKKDNKDSKATSEREACGLAIFSKQISKLSEEYFILQKKLNEMILSQQLKSLYLGVSHHKPINRRVSSQQCLSGVCKGEEPKILRPPRRPRKPKTLNNPEDSTYYYLLHKSIQEEKRRPRKDSQGKLLDLEDFYYKEFLPSRSGPKEHSPSLRERRPQQELQNQCIKANERCWAAESPEKEEEREPAANPYDFRRLLRKTSQRRRLVQQS",256,"AAVK","HRD","DFG","STE Ser/Thr","SerineThreonine",1,1,1,1646,"MYO3A",">ENSP00000265944.4","ENST00000265944.8","ENSG00000095777.13","OTTHUMG00000017837.1","OTTHUMT00000047259.1",1616,"MFPLIGKTIIFDNFPDPSDTWEITETIGKGTYGKVFKVLNKKNGQKAAVKILDPIHDIDEEIEAEYNILKALSDHPNVVRFYGIYFKKDKVNGDKLWLVLELCSGGSVTDLVKGFLKRGERMSEPLIAYILHEALMGLQHLHNNKTIHRDVKGNNILLTTEGGVKLVDFGVSAQLTSTRHRRNTSVGTPFWMAPEVIACEQQLDTTYDARCDTWSLGITAIELGDGDPPLADLHPMRALFKIPRNPPPKLRQPELWSAEFNDFISKCLTKDYEKRPTVSELLQHKFITQIEGKDVMLQKQLTEFIGIHQCMGGTEKARRERIHTKKGNFNRPLISNLKDVDDLATLEILDENTVSEQLEKCYSRDQIYVYVGDILIALNPFQSLGLYSTKHSKLYIGSKRTASPPHIFAMADLGYQSMITYNSDQCIVISGESGAGKTENAHLLVQQLTVLGKANNRTLQEKILQVNNLVEAFGNACTIINDNSSRFGKYLEMKFTSSGAVVGAQISEYLLEKSRVIHQAIGEKNFHIFYYIYAGLAEKKKLAHYKLPENKPPRYLQNDHLRTVQDIMNNSFYKSQYELIEQCFKVIGFTMEQLGSIYSILAAILNVGNIEFSSVATEHQIDKSHISNHTALENCASLLCIRADELQEALTSHCVVTRGETIIRPNTVEKATDVRDAMAKTLYGRLFSWIVNCINSLLKHDSSPSGNGDELSIGILDIFGFENFKKNSFEQLCINIANEQIQYYYNQHVFAWEQNEYLNEDVDARVIEYEDNWPLLDMFLQKPMGLLSLLDEESRFPKATDQTLVEKFEGNLKSQYFWRPKRMELSFGIHHYAGKVLYNASGFLAKNRDTLPTDIVLLLRSSDNSVIRQLVNHPLTKTGNLPHSKTKNVINYQMRTSEKLINLAKGDTGEATRHARETTNMKTQTVASYFRYSLMDLLSKMVVGQPHFVRCIKPNSERQARKYDKEKVLLQLRYTGILETARIRRLGFSHRILFANFIKRYYLLCYKSSEEPRMSPDTCATILEKAGLDNWALGKTKVFLKYYHVEQLNLMRKEAIDKLILIQACVRAFLCSRRYQKIQEKRKESAIIIQSAARGHLVRKQRKEIVDMKNTAVTTIQTSDQEFDYKKNFENTRESFVKKQAENAISANERFISAPNNKGSVSVVKTSTFKPEEETTNAVESNNRVYQTPKKMNNVYEEEVKQEFYLVGPEVSPKQKSVKDLEENSNLRKVEKEEAMIQSYYQRYTEERNCEESKAAYLERKAISERPSYPVPWLAENETSFKKTLEPTLSQRSIYQNANSMEKEKKTSVVTQRAPICSQEEGRGRLRHETVKERQVEPVTQAQEEEDKAAVFIQSKYRGYKRRQQLRKDKMSSFKHQRIVTTPTEVARNTHNLYSYPTKHEEINNIKKKDNKDSKATSEREACGLAIFSKQISKLSEEYFILQKKLNEMILSQQLKSLYLGVSHHKPINRRVSSQQCLSGVCKGEEPKILRPPRRPRKPKTLNNPEDSTYYYLLHKSIQEEKRRPRKDSQGKLLDLEDFYYKEFLPSRSGPKEHSPSLRERRPQQELQNQCIKANERCWAAESPEKEEEREPAANPYDFRRLLRKTSQRRRLVQQS","MYO3A","MYO3A",NA,"MYO3A","SK636","AAVK","HRD","DFG","",1,1,1,TRUE,1,1,1,47,50,148,NA,NA,168,NA,NA,148,149,150,168,169,170,180,240,"HRRNTSVGTPFWMAPEVIACEQQLDTTYDARCDTWSLGITAIELGDGDPPLADLHPMRALF",1,14,193,1,15,193,1,8,193,0,NA,NA,0,NA,NA,3,14,193,0,NA,NA,0,NA,NA,0,NA,NA,0,NA,NA,1,8,193,0,NA,NA,0,NA,NA,193,193,193,193,193,193,193,193,193,193,193,193,193,193,193,193,193,193,193,193,193,193,193,179,180,181,182,183,184,185,186,187,188,189,190,191,192,193,194,195,"R","H","R","R","N","T","S","V","G","T","P","F","W","M","A","P","E","A P E","P E",187,"G",235,5,46,"IGKTIIFDNFPDPSDTWEITETIGKGTYGKVFKVLNKKNGQK",1,24,28,0,NA,NA,1,24,28,0,NA,NA,0,NA,NA,0,NA,NA,0,NA,NA,1,26,28,1,24,28,1,24,28,0,NA,NA,0,NA,NA,28,28,28,28,28,28,28,28,28,28,28,28,28,28,28,28,28,28,28,28,28,"GKGTYG","G","K","G","T","Y","G",28,29,30,31,32,33,"G G G","MYO3A_28_TCGA-D1-A17Q-01_G"
"27","NEK10","526","G","TCGA-GN-A26C-01.3363",152110,"TCGA-GN-A26C-01","broad.mit.edu","Somatic","Missense_Mutation",NA,"G526E","H","getma.org/?cm=var&var=hg19,3,27332781,C,T&fts=all","getma.org/pdb.php?prot=NEK10_HUMAN&from=519&to=783&var=G526E","getma.org/?cm=msa&ty=f&p=NEK10_HUMAN&rb=519&re=783&var=G526E",3,27332781,27332781,"C","T",64,22,NA,NA,"skcm_tcga_mutations","E","NEK10-016",1172,"MPDQDKKVKTTEKSTDKQQEITIRDYSDLKRLRCLLNVQSSKQQLPAINFDSAQNSMTKSEPAIRAGGHRARGQWHESTEAVELENFSINYKNERNFSKHPQRKLFQEIFTALVKNRLISREWVNRAPSIHFLRVLICLRLLMRDPCYQEILHSLGGIENLAQYMEIVANEYLGYGEEQHTVDKLVNMTYIFQKLAAVKDQREWVTTSGAHKTLVNLLGARDTNVLLGSLLALASLAESQECREKISELNIVENLLMILHEYDLLSKRLTAELLRLLCAEPQVKEQVKLYEGIPVLLSLLHSDHLKLLWSIVWILVQVCEDPETSVEIRIWGGIKQLLHILQGDRNFVSDHSSIGSLSSANAAGRIQQLHLSEDLSPREIQENTFSLQAACCAALTELVLNDTNAHQVVQENGVYTIAKLILPNKQKNAAKSNLLQCYAFRALRFLFSMERNRPLFKRLFPTDLFEIFIDIGHYVRDISAYEELVSKLNLLVEDELKQIAENIESINQNKAPLKYIGNYAILDHLGSGAFGCVYKVRKHSGQNLLAMKEVNLHNPAFGKDKKDRDSSVRNIVSELTIIKEQLYHPNIVRYYKTFLENDRLYIVMELIEGAPLGEHFSSLKEKHHHFTEERLWKIFIQLCLALRYLHKEKRIVHRDLTPNNIMLGDKDKVTVTDFGLAKQKQENSKLTSVVGTILYSCPEVLKSEPYGEKADVWAVGCILYQMATLSPPFYSTNMLSLATKIVEAVYEPVPEGIYSEKVTDTISRCLTPDAEARPDIVEVSSMISDVMMKYLDNLSTSQLSLEKKLERERRRTQRYFMEANRNTVTCHHELAVLSHETFEKASLSSSSSGAASLKSELSESADLPPEGFQASYGKDEDRACDEILSDDNFNLENAEKDTYSEVDDELDISDNSSSSSSSPLKESTFNILKRSFSASGGERQSQTRDFTGGTGSRPRPALLPLDLLLKVPPHMLRAHIKEIEAELVTGWQSHSLPAVILRNLKDHGPQMGTFLWQASAGIAVSQRKVRQISDPIQQILIQLHKIIYITQLPPALHHNLKRRVIERFKKSLFSQQSNPCNLKSEIKKLSQGSPEPIEPNFFTADYHLLHRSSGGNSLSPNDPTGLPTSIELEEGITYEQMQTVIEEVLEESGYYNFTSNRYHSYPWGTKNHPTKR",259,"LAMK","HRD","DFG","NEK Ser/Thr","SerineThreonine",1,1,1,1663,"NEK10",">ENSP00000395849.2","ENST00000429845.5","ENSG00000163491.15","OTTHUMG00000130571.13","OTTHUMT00000438156.1",1172,"MPDQDKKVKTTEKSTDKQQEITIRDYSDLKRLRCLLNVQSSKQQLPAINFDSAQNSMTKSEPAIRAGGHRARGQWHESTEAVELENFSINYKNERNFSKHPQRKLFQEIFTALVKNRLISREWVNRAPSIHFLRVLICLRLLMRDPCYQEILHSLGGIENLAQYMEIVANEYLGYGEEQHTVDKLVNMTYIFQKLAAVKDQREWVTTSGAHKTLVNLLGARDTNVLLGSLLALASLAESQECREKISELNIVENLLMILHEYDLLSKRLTAELLRLLCAEPQVKEQVKLYEGIPVLLSLLHSDHLKLLWSIVWILVQVCEDPETSVEIRIWGGIKQLLHILQGDRNFVSDHSSIGSLSSANAAGRIQQLHLSEDLSPREIQENTFSLQAACCAALTELVLNDTNAHQVVQENGVYTIAKLILPNKQKNAAKSNLLQCYAFRALRFLFSMERNRPLFKRLFPTDLFEIFIDIGHYVRDISAYEELVSKLNLLVEDELKQIAENIESINQNKAPLKYIGNYAILDHLGSGAFGCVYKVRKHSGQNLLAMKEVNLHNPAFGKDKKDRDSSVRNIVSELTIIKEQLYHPNIVRYYKTFLENDRLYIVMELIEGAPLGEHFSSLKEKHHHFTEERLWKIFIQLCLALRYLHKEKRIVHRDLTPNNIMLGDKDKVTVTDFGLAKQKQENSKLTSVVGTILYSCPEVLKSEPYGEKADVWAVGCILYQMATLSPPFYSTNMLSLATKIVEAVYEPVPEGIYSEKVTDTISRCLTPDAEARPDIVEVSSMISDVMMKYLDNLSTSQLSLEKKLERERRRTQRYFMEANRNTVTCHHELAVLSHETFEKASLSSSSSGAASLKSELSESADLPPEGFQASYGKDEDRACDEILSDDNFNLENAEKDTYSEVDDELDISDNSSSSSSSPLKESTFNILKRSFSASGGERQSQTRDFTGGTGSRPRPALLPLDLLLKVPPHMLRAHIKEIEAELVTGWQSHSLPAVILRNLKDHGPQMGTFLWQASAGIAVSQRKVRQISDPIQQILIQLHKIIYITQLPPALHHNLKRRVIERFKKSLFSQQSNPCNLKSEIKKLSQGSPEPIEPNFFTADYHLLHRSSGGNSLSPNDPTGLPTSIELEEGITYEQMQTVIEEVLEESGYYNFTSNRYHSYPWGTKNHPTKR","NEK10","NEK10",NA,"NEK10","SK645","LAMK","HRD","DFG","",1,1,1,TRUE,1,1,1,545,548,653,NA,NA,673,NA,NA,653,654,655,673,674,675,685,745,"KLTSVVGTILYSCPEVLKSEPYGEKADVWAVGCILYQMATLSPPFYSTNMLSLATKIVEAV",0,NA,NA,1,14,697,1,7,697,0,NA,NA,0,NA,NA,0,NA,NA,0,NA,NA,0,NA,NA,1,7,697,0,NA,NA,1,7,697,0,NA,NA,0,NA,NA,NA,NA,697,697,697,697,697,697,697,697,697,697,697,697,697,697,697,697,697,697,697,697,697,683,684,685,686,687,688,689,690,691,692,693,694,695,696,697,698,699,"N","S","K","L","T","S","V","V","G","T","I","L","Y","S","C","P","E","C P E","P E",691,"G",739,503,544,"IESINQNKAPLKYIGNYAILDHLGSGAFGCVYKVRKHSGQNL",1,24,526,1,24,526,0,NA,NA,1,26,526,0,NA,NA,0,NA,NA,0,NA,NA,1,26,526,1,24,526,1,24,526,0,NA,NA,0,NA,NA,526,526,526,526,526,526,526,526,526,526,526,526,526,526,526,526,526,526,526,526,526,"GSGAFG","G","S","G","A","F","G",526,527,528,529,530,531,"G G G","NEK10_526_TCGA-GN-A26C-01_G"
"28","PLK4","19","G","TCGA-ES-A2HS-01.496",10733,"TCGA-ES-A2HS-01","hgsc.bcm.edu;bcgsc.ca","Somatic","Missense_Mutation","Untested","G19C","H","getma.org/?cm=var&var=hg19,4,128803010,G,T&fts=all","getma.org/pdb.php?prot=PLK4_HUMAN&from=12&to=265&var=G19C","getma.org/?cm=msa&ty=f&p=PLK4_HUMAN&rb=12&re=265&var=G19C",4,128803010,128803010,"G","T",94,4,181,0,"lihc_tcga_mutations","C","PLK4-001",970,"MATCIGEKIEDFKVGNLLGKGSFAGVYRAESIHTGLEVAIKMIDKKAMYKAGMVQRVQNEVKIHCQLKHPSILELYNYFEDSNYVYLVLEMCHNGEMNRYLKNRVKPFSENEARHFMHQIITGMLYLHSHGILHRDLTLSNLLLTRNMNIKIADFGLATQLKMPHEKHYTLCGTPNYISPEIATRSAHGLESDVWSLGCMFYTLLIGRPPFDTDTVKNTLNKVVLADYEMPSFLSIEAKDLIHQLLRRNPADRLSLSSVLDHPFMSRNSSTKSKDLGTVEDSIDSGHATISTAITASSSTSISGSLFDKRRLLIGQPLPNKMTVFPKNKSSTDFSSSGDGNSFYTQWGNQETSNSGRGRVIQDAEERPHSRYLRRAYSSDRSGTSNSQSQAKTYTMERCHSAEMLSVSKRSGGGENEERYSPTDNNANIFNFFKEKTSSSSGSFERPDNNQALSNHLCPGKTPFPFADPTPQTETVQQWFGNLQINAHLRKTTEYDSISPNRDFQGHPDLQKDTSKNAWTDTKVKKNSDASDNAHSVKQQNTMKYMTALHSKPEIIQQECVFGSDPLSEQSKTRGMEPPWGYQNRTLRSITSPLVAHRLKPIRQKTKKAVVSILDSEEVCVELVKEYASQEYVKEVLQISSDGNTITIYYPNGGRGFPLADRPPSPTDNISRYSFDNLPEKYWRKYQYASRFVQLVRSKSPKITYFTRYAKCILMENSPGADFEVWFYDGVKIHKTEDFIQVIEKTGKSYTLKSESEVNSLKEEIKMYMDHANEGHRICLALESIISEEERKTRSAPFFPIIIGRKPGSTSSPKALSPPPSVDSNYPTRERASFNRMVMHSAASPTQAPILNPSMVTNEGLGLTTTASGTDISSNSLKDCLPKSAQLLKSVFVKNVGWATQLTSGAVWVQFNDGSQLVVQAGVSSISYTSPNGQTTRYGENEKLPDYIKQKLQCLSSILLMFSNPTPNFH",306,"VAIK","HRD","DFG","Other","Other",1,1,1,1935,"PLK4",">ENSP00000270861.5","ENST00000270861.8","ENSG00000142731.9","OTTHUMG00000133301.5","OTTHUMT00000257095.3",970,"MATCIGEKIEDFKVGNLLGKGSFAGVYRAESIHTGLEVAIKMIDKKAMYKAGMVQRVQNEVKIHCQLKHPSILELYNYFEDSNYVYLVLEMCHNGEMNRYLKNRVKPFSENEARHFMHQIITGMLYLHSHGILHRDLTLSNLLLTRNMNIKIADFGLATQLKMPHEKHYTLCGTPNYISPEIATRSAHGLESDVWSLGCMFYTLLIGRPPFDTDTVKNTLNKVVLADYEMPSFLSIEAKDLIHQLLRRNPADRLSLSSVLDHPFMSRNSSTKSKDLGTVEDSIDSGHATISTAITASSSTSISGSLFDKRRLLIGQPLPNKMTVFPKNKSSTDFSSSGDGNSFYTQWGNQETSNSGRGRVIQDAEERPHSRYLRRAYSSDRSGTSNSQSQAKTYTMERCHSAEMLSVSKRSGGGENEERYSPTDNNANIFNFFKEKTSSSSGSFERPDNNQALSNHLCPGKTPFPFADPTPQTETVQQWFGNLQINAHLRKTTEYDSISPNRDFQGHPDLQKDTSKNAWTDTKVKKNSDASDNAHSVKQQNTMKYMTALHSKPEIIQQECVFGSDPLSEQSKTRGMEPPWGYQNRTLRSITSPLVAHRLKPIRQKTKKAVVSILDSEEVCVELVKEYASQEYVKEVLQISSDGNTITIYYPNGGRGFPLADRPPSPTDNISRYSFDNLPEKYWRKYQYASRFVQLVRSKSPKITYFTRYAKCILMENSPGADFEVWFYDGVKIHKTEDFIQVIEKTGKSYTLKSESEVNSLKEEIKMYMDHANEGHRICLALESIISEEERKTRSAPFFPIIIGRKPGSTSSPKALSPPPSVDSNYPTRERASFNRMVMHSAASPTQAPILNPSMVTNEGLGLTTTASGTDISSNSLKDCLPKSAQLLKSVFVKNVGWATQLTSGAVWVQFNDGSQLVVQAGVSSISYTSPNGQTTRYGENEKLPDYIKQKLQCLSSILLMFSNPTPNFH","PLK4","PLK4",NA,"PLK4","SK341","VAIK","HRD","DFG","",1,1,1,TRUE,1,1,1,38,41,134,NA,NA,154,NA,NA,134,135,136,154,155,156,166,226,"EKHYTLCGTPNYISPEIATRSAHGLESDVWSLGCMFYTLLIGRPPFDTDTVKNTLNKVVLA",0,NA,NA,1,15,179,1,8,179,0,NA,NA,0,NA,NA,0,NA,NA,0,NA,NA,0,NA,NA,1,8,179,0,NA,NA,1,8,179,0,NA,NA,0,NA,NA,NA,NA,179,179,179,179,179,179,179,179,179,179,179,179,179,179,179,179,179,179,179,179,179,165,166,167,168,169,170,171,172,173,174,175,176,177,178,179,180,181,"H","E","K","H","Y","T","L","C","G","T","P","N","Y","I","S","P","E","S P E","P E",173,"G",221,1,37,"MATCIGEKIEDFKVGNLLGKGSFAGVYRAESIHTGLE",0,NA,NA,1,19,19,0,NA,NA,0,NA,NA,1,19,19,0,NA,NA,0,NA,NA,0,NA,NA,0,NA,NA,1,19,19,0,NA,NA,0,NA,NA,19,19,19,19,19,19,19,19,19,19,19,19,19,19,19,19,19,19,19,19,19,"GKGSFA","G","K","G","S","F","A",19,20,21,22,23,24,"G G A","PLK4_19_TCGA-ES-A2HS-01_G"
"29","PRKCE","415","G","TCGA-D9-A4Z3-01.4064",5581,"TCGA-D9-A4Z3-01","broad.mit.edu","Somatic","Missense_Mutation",NA,"G415S",NA,NA,NA,NA,2,46234779,46234780,"GG","AA",16,10,NA,NA,"skcm_tcga_mutations","S","PRKCE-001",737,"MVVFNGLLKIKICEAVSLKPTAWSLRHAVGPRPQTFLLDPYIALNVDDSRIGQTATKQKTNSPAWHDEFVTDVCNGRKIELAVFHDAPIGYDDFVANCTIQFEELLQNGSRHFEDWIDLEPEGRVYVIIDLSGSSGEAPKDNEERVFRERMRPRKRQGAVRRRVHQVNGHKFMATYLRQPTYCSHCRDFIWGVIGKQGYQCQVCTCVVHKRCHELIITKCAGLKKQETPDQVGSQRFSVNMPHKFGIHNYKVPTFCDHCGSLLWGLLRQGLQCKVCKMNVHRRCETNVAPNCGVDARGIAKVLADLGVTPDKITNSGQRRKKLIAGAESPQPASGSSPSEEDRSKSAPTSPCDQEIKELENNIRKALSFDNRGEEHRAASSPDGQLMSPGENGEVRQGQAKRLGLDEFNFIKVLGKGSFGKVMLAELKGKDEVYAVKVLKKDVILQDDDVDCTMTEKRILALARKHPYLTQLYCCFQTKDRLFFVMEYVNGGDLMFQIQRSRKFDEPRSRFYAAEVTSALMFLHQHGVIYRDLKLDNILLDAEGHCKLADFGMCKEGILNGVTTTTFCGTPDYIAPEILQELEYGPSVDWWALGVLMYEMMAGQPPFEADNEDDLFESILHDDVLYPVWLSKEAVSILKAFMTKNPHKRLGCVASQNGEDAIKQHPFFKEIDWVLLEQKKIKPPFKPRIKTKRDVNNFDQDFTREEPVLTLVDEAIVKQINQEEFKGFSYFGEDLMP",316,"YAVK","YRD","DFG","AGC Ser/Thr","SerineThreonine",1,1,1,2000,"PRKCE",">ENSP00000306124.3","ENST00000306156.6","ENSG00000171132.12","OTTHUMG00000128817.7","OTTHUMT00000250751.2",737,"MVVFNGLLKIKICEAVSLKPTAWSLRHAVGPRPQTFLLDPYIALNVDDSRIGQTATKQKTNSPAWHDEFVTDVCNGRKIELAVFHDAPIGYDDFVANCTIQFEELLQNGSRHFEDWIDLEPEGRVYVIIDLSGSSGEAPKDNEERVFRERMRPRKRQGAVRRRVHQVNGHKFMATYLRQPTYCSHCRDFIWGVIGKQGYQCQVCTCVVHKRCHELIITKCAGLKKQETPDQVGSQRFSVNMPHKFGIHNYKVPTFCDHCGSLLWGLLRQGLQCKVCKMNVHRRCETNVAPNCGVDARGIAKVLADLGVTPDKITNSGQRRKKLIAGAESPQPASGSSPSEEDRSKSAPTSPCDQEIKELENNIRKALSFDNRGEEHRAASSPDGQLMSPGENGEVRQGQAKRLGLDEFNFIKVLGKGSFGKVMLAELKGKDEVYAVKVLKKDVILQDDDVDCTMTEKRILALARKHPYLTQLYCCFQTKDRLFFVMEYVNGGDLMFQIQRSRKFDEPRSRFYAAEVTSALMFLHQHGVIYRDLKLDNILLDAEGHCKLADFGMCKEGILNGVTTTTFCGTPDYIAPEILQELEYGPSVDWWALGVLMYEMMAGQPPFEADNEDDLFESILHDDVLYPVWLSKEAVSILKAFMTKNPHKRLGCVASQNGEDAIKQHPFFKEIDWVLLEQKKIKPPFKPRIKTKRDVNNFDQDFTREEPVLTLVDEAIVKQINQEEFKGFSYFGEDLMP","PKCe","PRKCE",NA,"PKCe","SK306","YAVK","YRD","DFG","",1,1,1,TRUE,1,1,1,434,437,530,NA,NA,550,NA,NA,530,531,532,550,551,552,562,622,"VTTTTFCGTPDYIAPEILQELEYGPSVDWWALGVLMYEMMAGQPPFEADNEDDLFESILHD",1,14,575,1,15,575,1,8,575,0,NA,NA,0,NA,NA,1,14,575,0,NA,NA,0,NA,NA,1,8,575,0,NA,NA,1,8,575,1,12,575,0,NA,NA,575,575,575,575,575,575,575,575,575,575,575,575,575,575,575,575,575,575,575,575,575,575,575,561,562,563,564,565,566,567,568,569,570,571,572,573,574,575,576,577,"G","V","T","T","T","T","F","C","G","T","P","D","Y","I","A","P","E","A P E","P E",569,"G",617,392,433,"NGEVRQGQAKRLGLDEFNFIKVLGKGSFGKVMLAELKGKDEV",1,24,415,1,24,415,0,NA,NA,1,26,415,0,NA,NA,0,NA,NA,0,NA,NA,1,26,415,2,2,393,1,24,415,0,NA,NA,0,NA,NA,415,415,415,415,415,415,415,415,415,415,415,415,415,415,415,415,415,415,415,415,415,"GKGSFG","G","K","G","S","F","G",415,416,417,418,419,420,"G G G","PRKCE_415_TCGA-D9-A4Z3-01_G"
"30","PRKD2","558","G","TCGA-05-4410-01.1389",25865,"TCGA-05-4410-01","broad.mit.edu","Somatic","Missense_Mutation",NA,"G558C","H","getma.org/?cm=var&var=hg19,19,47195022,C,A&fts=all","getma.org/pdb.php?prot=KPCD2_HUMAN&from=553&to=807&var=G558C","getma.org/?cm=msa&ty=f&p=KPCD2_HUMAN&rb=553&re=807&var=G558C",19,47195022,47195022,"C","A",76,18,NA,NA,"luad_tcga_mutations","C","PRKD2-001",878,"MATAPSYPAGLPGSPGPGSPPPPGGLELQSPPPLLPQIPAPGSGVSFHIQIGLTREFVLLPAASELAHVKQLACSIVDQKFPECGFYGLYDKILLFKHDPTSANLLQLVRSSGDIQEGDLVEVVLSASATFEDFQIRPHALTVHSYRAPAFCDHCGEMLFGLVRQGLKCDGCGLNYHKRCAFSIPNNCSGARKRRLSSTSLASGHSVRLGTSESLPCTAEELSRSTTELLPRRPPSSSSSSSASSYTGRPIELDKMLLSKVKVPHTFLIHSYTRPTVCQACKKLLKGLFRQGLQCKDCKFNCHKRCATRVPNDCLGEALINGDVPMEEATDFSEADKSALMDESEDSGVIPGSHSENALHASEEEEGEGGKAQSSLGYIPLMRVVQSVRHTTRKSSTTLREGWVVHYSNKDTLRKRHYWRLDCKCITLFQNNTTNRYYKEIPLSEILTVESAQNFSLVPPGTNPHCFEIVTANATYFVGEMPGGTPGGPSGQGAEAARGWETAIRQALMPVILQDAPSAPGHAPHRQASLSISVSNSQIQENVDIATVYQIFPDEVLGSGQFGVVYGGKHRKTGRDVAVKVIDKLRFPTKQESQLRNEVAILQSLRHPGIVNLECMFETPEKVFVVMEKLHGDMLEMILSSEKGRLPERLTKFLITQILVALRHLHFKNIVHCDLKPENVLLASADPFPQVKLCDFGFARIIGEKSFRRSVVGTPAYLAPEVLLNQGYNRSLDMWSVGVIMYVSLSGTFPFNEDEDINDQIQNAAFMYPASPWSHISAGAIDLINNLLQVKMRKRYSVDKSLSHPWLQEYQTWLDLRELEGKMGERYITHESDDARWEQFAAEHPLPGSGLPTDRDLGGACPPQDHDMQGLAERISVL",323,"VAVK","HCD","DFG","CAMK Ser/Thr","SerineThreonine",1,1,1,2058,"PRKD2",">ENSP00000291281.3","ENST00000291281.7","ENSG00000105287.11","OTTHUMG00000183431.2","OTTHUMT00000466591.2",878,"MATAPSYPAGLPGSPGPGSPPPPGGLELQSPPPLLPQIPAPGSGVSFHIQIGLTREFVLLPAASELAHVKQLACSIVDQKFPECGFYGLYDKILLFKHDPTSANLLQLVRSSGDIQEGDLVEVVLSASATFEDFQIRPHALTVHSYRAPAFCDHCGEMLFGLVRQGLKCDGCGLNYHKRCAFSIPNNCSGARKRRLSSTSLASGHSVRLGTSESLPCTAEELSRSTTELLPRRPPSSSSSSSASSYTGRPIELDKMLLSKVKVPHTFLIHSYTRPTVCQACKKLLKGLFRQGLQCKDCKFNCHKRCATRVPNDCLGEALINGDVPMEEATDFSEADKSALMDESEDSGVIPGSHSENALHASEEEEGEGGKAQSSLGYIPLMRVVQSVRHTTRKSSTTLREGWVVHYSNKDTLRKRHYWRLDCKCITLFQNNTTNRYYKEIPLSEILTVESAQNFSLVPPGTNPHCFEIVTANATYFVGEMPGGTPGGPSGQGAEAARGWETAIRQALMPVILQDAPSAPGHAPHRQASLSISVSNSQIQENVDIATVYQIFPDEVLGSGQFGVVYGGKHRKTGRDVAVKVIDKLRFPTKQESQLRNEVAILQSLRHPGIVNLECMFETPEKVFVVMEKLHGDMLEMILSSEKGRLPERLTKFLITQILVALRHLHFKNIVHCDLKPENVLLASADPFPQVKLCDFGFARIIGEKSFRRSVVGTPAYLAPEVLLNQGYNRSLDMWSVGVIMYVSLSGTFPFNEDEDINDQIQNAAFMYPASPWSHISAGAIDLINNLLQVKMRKRYSVDKSLSHPWLQEYQTWLDLRELEGKMGERYITHESDDARWEQFAAEHPLPGSGLPTDRDLGGACPPQDHDMQGLAERISVL","PKD2","PRKD2",NA,"PKD2","SK480","VAVK","HCD","DFG","",1,1,1,TRUE,1,1,1,577,580,672,NA,NA,695,NA,NA,672,673,674,695,696,697,707,767,"FRRSVVGTPAYLAPEVLLNQGYNRSLDMWSVGVIMYVSLSGTFPFNEDEDINDQIQNAAFM",1,13,719,1,14,719,2,7,719,0,NA,NA,0,NA,NA,1,13,719,0,NA,NA,0,NA,NA,1,7,719,0,NA,NA,2,7,719,1,11,719,0,NA,NA,719,719,719,719,719,719,719,719,719,719,719,719,719,719,719,719,719,719,719,719,719,719,719,705,706,707,708,709,710,711,712,713,714,715,716,717,718,719,720,721,"K","S","F","R","R","S","V","V","G","T","P","A","Y","L","A","P","E","A P E","P E",713,"G",761,535,576,"SNSQIQENVDIATVYQIFPDEVLGSGQFGVVYGGKHRKTGRD",1,24,558,1,24,558,0,NA,NA,1,26,558,0,NA,NA,0,NA,NA,0,NA,NA,1,26,558,1,24,558,1,24,558,0,NA,NA,1,33,565,558,558,558,558,558,558,558,558,558,558,558,558,558,558,558,558,558,558,558,558,558,"GSGQFG","G","S","G","Q","F","G",558,559,560,561,562,563,"G G G","PRKD2_558_TCGA-05-4410-01_G"
"31","RIPK1","24","D","TCGA-G9-6332-01.444",8737,"TCGA-G9-6332-01","broad.mit.edu","Somatic","Missense_Mutation",NA,"D24G","N","getma.org/?cm=var&var=hg19,6,3077128,A,G&fts=all","getma.org/pdb.php?prot=RIPK1_HUMAN&from=18&to=285&var=D24G","getma.org/?cm=msa&ty=f&p=RIPK1_HUMAN&rb=18&re=285&var=D24G",6,3077128,3077128,"A","G",49,8,NA,NA,"prad_tcga_mutations","G","RIPK1-005",671,"MQPDMSLNVIKMKSSDFLESAELDSGGFGKVSLCFHRTQGLMIMKTVYKGPNCIEHNEALLEEAKMMNRLRHSRVVKLLGVIIEEGKYSLVMEYMEKGNLMHVLKAEMSTPLSVKGRIILEIIEGMCYLHGKGVIHKDLKPENILVDNDFHIKIADLGLASFKMWSKLNNEEHNELREVDGTAKKNGGTLYYMAPEHLNDVNAKPTEKSDVYSFAVVLWAIFANKEPYENAICEQQLIMCIKSGNRPDVDDITEYCPREIISLMKLCWEANPEARPTFPGIEEKFRPFYLSQLEESVEEDVKSLKKEYSNENAVVKRMQSLQLDCVAVPSSRSNSATEQPGSLHSSQGLGMGPVEESWFAPSLEHPQEENEPSLQSKLQDEANYHLYGSRMDRQTKQQPRQNVAYNREEERRRRVSHDPFAQQRPYENFQNTEGKGTAYSSAASHGNAVHQPSGLTSQPQVLYQNNGLYSSHGFGTRPLDPGTAGPRVWYRPIPSHMPSLHNIPVPETNYLGNTPTMPFSSLPPTDESIKYTIYNSTGIQIGAYNYMEIGGTSSSLLDSTNTNFKEEPAAKYQAIFDNTTSLTDKHLDPIRENLGKHWKNCARKLGFTQSQIDEIDHDYERDGLKEKVYQMLQKWVMREGIKGATVGKLAQALHQCSRIDLLSSLIYVSQN",336,"MIMK","HKD","DLG","TKL Ser/Thr","SerineThreonine",1,1,1,2148,"RIPK1",">ENSP00000259808.3","ENST00000259808.7","ENSG00000137275.12","OTTHUMG00000014134.2","OTTHUMT00000039659.2",671,"MQPDMSLNVIKMKSSDFLESAELDSGGFGKVSLCFHRTQGLMIMKTVYKGPNCIEHNEALLEEAKMMNRLRHSRVVKLLGVIIEEGKYSLVMEYMEKGNLMHVLKAEMSTPLSVKGRIILEIIEGMCYLHGKGVIHKDLKPENILVDNDFHIKIADLGLASFKMWSKLNNEEHNELREVDGTAKKNGGTLYYMAPEHLNDVNAKPTEKSDVYSFAVVLWAIFANKEPYENAICEQQLIMCIKSGNRPDVDDITEYCPREIISLMKLCWEANPEARPTFPGIEEKFRPFYLSQLEESVEEDVKSLKKEYSNENAVVKRMQSLQLDCVAVPSSRSNSATEQPGSLHSSQGLGMGPVEESWFAPSLEHPQEENEPSLQSKLQDEANYHLYGSRMDRQTKQQPRQNVAYNREEERRRRVSHDPFAQQRPYENFQNTEGKGTAYSSAASHGNAVHQPSGLTSQPQVLYQNNGLYSSHGFGTRPLDPGTAGPRVWYRPIPSHMPSLHNIPVPETNYLGNTPTMPFSSLPPTDESIKYTIYNSTGIQIGAYNYMEIGGTSSSLLDSTNTNFKEEPAAKYQAIFDNTTSLTDKHLDPIRENLGKHWKNCARKLGFTQSQIDEIDHDYERDGLKEKVYQMLQKWVMREGIKGATVGKLAQALHQCSRIDLLSSLIYVSQN","RIPK1","RIPK1",NA,"RIPK1","SK328","MIMK","HKD","DLG","",1,1,1,TRUE,1,1,1,42,45,136,NA,NA,156,NA,NA,136,137,138,156,157,158,168,228,"LNNEEHNELREVDGTAKKNGGTLYYMAPEHLNDVNAKPTEKSDVYSFAVVLWAIFANKEPY",1,27,194,1,28,194,1,21,194,0,NA,NA,0,NA,NA,1,27,194,0,NA,NA,0,NA,NA,1,21,194,0,NA,NA,1,21,194,1,25,194,0,NA,NA,194,194,194,194,194,194,194,194,194,194,194,194,194,194,194,194,194,194,194,194,194,194,194,180,181,182,183,184,185,186,187,188,189,190,191,192,193,194,195,196,"D","G","T","A","K","K","N","G","G","T","L","Y","Y","M","A","P","E","A P E","P E",188,"G",236,1,41,"MQPDMSLNVIKMKSSDFLESAELDSGGFGKVSLCFHRTQGL",0,NA,NA,0,NA,NA,0,NA,NA,1,26,24,0,NA,NA,1,27,27,0,NA,NA,1,26,24,0,NA,NA,1,27,27,0,NA,NA,1,26,24,NA,NA,24,24,24,24,24,24,24,24,24,24,24,24,24,24,24,24,24,24,24,"DSGGFG","D","S","G","G","F","G",24,25,26,27,28,29,"D G G","RIPK1_24_TCGA-G9-6332-01_D"
"32","ROR1","480","G","TCGA-CV-6954-01.1045",4919,"TCGA-CV-6954-01","broad.mit.edu","Somatic","Missense_Mutation",NA,"G480D","M","getma.org/?cm=var&var=hg19,1,64643163,G,A&fts=all","getma.org/pdb.php?prot=ROR1_HUMAN&from=473&to=746&var=G480D","getma.org/?cm=msa&ty=f&p=ROR1_HUMAN&rb=473&re=746&var=G480D",1,64643163,64643163,"G","A",270,21,NA,NA,"hnsc_tcga_mutations","D","ROR1-001",937,"MHRPRRRGTRPPLLALLAALLLAARGAAAQETELSVSAELVPTSSWNISSELNKDSYLTLDEPMNNITTSLGQTAELHCKVSGNPPPTIRWFKNDAPVVQEPRRLSFRSTIYGSRLRIRNLDTTDTGYFQCVATNGKEVVSSTGVLFVKFGPPPTASPGYSDEYEEDGFCQPYRGIACARFIGNRTVYMESLHMQGEIENQITAAFTMIGTSSHLSDKCSQFAIPSLCHYAFPYCDETSSVPKPRDLCRDECEILENVLCQTEYIFARSNPMILMRLKLPNCEDLPQPESPEAANCIRIGIPMADPINKNHKCYNSTGVDYRGTVSVTKSGRQCQPWNSQYPHTHTFTALRFPELNGGHSYCRNPGNQKEAPWCFTLDENFKSDLCDIPACDSKDSKEKNKMEILYILVPSVAIPLAIALLFFFICVCRNNQKSSSAPVQRQPKHVRGQNVEMSMLNAYKPKSKAKELPLSAVRFMEELGECAFGKIYKGHLYLPGMDHAQLVAIKTLKDYNNPQQWTEFQQEASLMAELHHPNIVCLLGAVTQEQPVCMLFEYINQGDLHEFLIMRSPHSDVGCSSDEDGTVKSSLDHGDFLHIAIQIAAGMEYLSSHFFVHKDLAARNILIGEQLHVKISDLGLSREIYSADYYRVQSKSLLPIRWMPPEAIMYGKFSSDSDIWSFGVVLWEIFSFGLQPYYGFSNQEVIEMVRKRQLLPCSEDCPPRMYSLMTECWNEIPSRRPRFKDIHVRLRSWEGLSSHTSSTTPSGGNATTQTTSLSASPVSNLSNPRYPNYMFPSQGITPQGQIAGFIGPPIPQNQRFIPINGYPIPPGYAAFPAAHYQPTGPPRVIQHCPPPKSRSPSSASGSTSTGHVTSLPSSGSNQEANIPLLPHMSIPNHPGGMGITVFGNKSQKPYKIDSKQASLLGDANIHGHTESMISAEL",343,"VAIK","HKD","DLG","Tyr Kinase","Tyrosine",1,1,1,2168,"ROR1",">ENSP00000360120.1","ENST00000371079.4","ENSG00000185483.10","OTTHUMG00000009022.1","OTTHUMT00000025002.1",937,"MHRPRRRGTRPPLLALLAALLLAARGAAAQETELSVSAELVPTSSWNISSELNKDSYLTLDEPMNNITTSLGQTAELHCKVSGNPPPTIRWFKNDAPVVQEPRRLSFRSTIYGSRLRIRNLDTTDTGYFQCVATNGKEVVSSTGVLFVKFGPPPTASPGYSDEYEEDGFCQPYRGIACARFIGNRTVYMESLHMQGEIENQITAAFTMIGTSSHLSDKCSQFAIPSLCHYAFPYCDETSSVPKPRDLCRDECEILENVLCQTEYIFARSNPMILMRLKLPNCEDLPQPESPEAANCIRIGIPMADPINKNHKCYNSTGVDYRGTVSVTKSGRQCQPWNSQYPHTHTFTALRFPELNGGHSYCRNPGNQKEAPWCFTLDENFKSDLCDIPACDSKDSKEKNKMEILYILVPSVAIPLAIALLFFFICVCRNNQKSSSAPVQRQPKHVRGQNVEMSMLNAYKPKSKAKELPLSAVRFMEELGECAFGKIYKGHLYLPGMDHAQLVAIKTLKDYNNPQQWTEFQQEASLMAELHHPNIVCLLGAVTQEQPVCMLFEYINQGDLHEFLIMRSPHSDVGCSSDEDGTVKSSLDHGDFLHIAIQIAAGMEYLSSHFFVHKDLAARNILIGEQLHVKISDLGLSREIYSADYYRVQSKSLLPIRWMPPEAIMYGKFSSDSDIWSFGVVLWEIFSFGLQPYYGFSNQEVIEMVRKRQLLPCSEDCPPRMYSLMTECWNEIPSRRPRFKDIHVRLRSWEGLSSHTSSTTPSGGNATTQTTSLSASPVSNLSNPRYPNYMFPSQGITPQGQIAGFIGPPIPQNQRFIPINGYPIPPGYAAFPAAHYQPTGPPRVIQHCPPPKSRSPSSASGSTSTGHVTSLPSSGSNQEANIPLLPHMSIPNHPGGMGITVFGNKSQKPYKIDSKQASLLGDANIHGHTESMISAEL","ROR1","ROR1",NA,"ROR1","SK333","VAIK","HKD","DLG","",1,1,1,TRUE,1,1,1,503,506,613,NA,NA,633,NA,NA,613,614,615,633,634,635,645,705,"YYRVQSKSLLPIRWMPPEAIMYGKFSSDSDIWSFGVVLWEIFSFGLQPYYGFSNQEVIEMV",0,NA,NA,1,17,660,0,NA,NA,0,NA,NA,0,NA,NA,0,NA,NA,0,NA,NA,0,NA,NA,0,NA,NA,1,11,660,1,51,701,0,NA,NA,0,NA,NA,NA,NA,NA,NA,660,660,660,660,660,660,660,660,660,660,660,660,660,660,660,660,660,660,660,646,647,648,649,650,651,652,653,654,655,656,657,658,659,660,661,662,"Y","R","V","Q","S","K","S","L","L","P","I","R","W","M","P","P","E","P P E","P E",654,"L",702,461,502,"PKSKAKELPLSAVRFMEELGECAFGKIYKGHLYLPGMDHAQL",0,NA,NA,0,NA,NA,0,NA,NA,0,NA,NA,0,NA,NA,0,NA,NA,0,NA,NA,0,NA,NA,1,20,480,0,NA,NA,0,NA,NA,0,NA,NA,NA,NA,NA,NA,NA,NA,NA,NA,NA,NA,NA,NA,NA,NA,480,480,480,480,480,480,480,"GECAFG","G","E","C","A","F","G",480,481,482,483,484,485,"G C G","ROR1_480_TCGA-CV-6954-01_G"
"33","SGK3","169","G","TCGA-13-1403-01.234",23678,"TCGA-13-1403-01","genome.wustl.edu","Somatic","Missense_Mutation","Valid","G169A","M","getma.org/?cm=var&var=hg19,8,67743527,G,C&fts=all","getma.org/pdb.php?prot=SGK3_HUMAN&from=162&to=419&var=G169A","getma.org/?cm=msa&ty=f&p=SGK3_HUMAN&rb=162&re=419&var=G169A",8,67743527,67743527,"G","C",NA,NA,NA,NA,"ov_tcga_mutations","A","SGK3-003",496,"MQRDHTMDYKESCPSVSIPSSDEHREKKKRFTVYKVLVSVGRSEWFVFRRYAEFDKLYNTLKKQFPAMALKIPAKRIFGDNFDPDFIKQRRAGLNEFIQNLVRYPELYNHPDVRAFLQMDSPKHQSDPSEDEDERSSQKLHSTSQNINLGPSGNPHAKPTDFDFLKVIGKGSFGKVLLAKRKLDGKFYAVKVLQKKIVLNRKEQKHIMAERNVLLKNVKHPFLVGLHYSFQTTEKLYFVLDFVNGGELFFHLQRERSFPEHRARFYAAEIASALGYLHSIKIVYRDLKPENILLDSVGHVVLTDFGLCKEGIAISDTTTTFCGTPEYLAPEVIRKQPYDNTVDWWCLGAVLYEMLYGLPPFYCRDVAEMYDNILHKPLSLRPGVSLTAWSILEELLEKDRQNRLGAKEDFLEIQNHPFFESLSWADLVQKKIPPPFNPNVAGPDDIRNFDTAFTEETVPYSVCVSSDYSIVNASVLEADDAFVGFSYAPPSEDLFL",360,"YAVK","YRD","DFG","AGC Ser/Thr","SerineThreonine",1,1,1,2262,"SGK3",">ENSP00000430256.1","ENST00000522398.4","ENSG00000104205.11","OTTHUMG00000164561.4","OTTHUMT00000379235.1",496,"MQRDHTMDYKESCPSVSIPSSDEHREKKKRFTVYKVLVSVGRSEWFVFRRYAEFDKLYNTLKKQFPAMALKIPAKRIFGDNFDPDFIKQRRAGLNEFIQNLVRYPELYNHPDVRAFLQMDSPKHQSDPSEDEDERSSQKLHSTSQNINLGPSGNPHAKPTDFDFLKVIGKGSFGKVLLAKRKLDGKFYAVKVLQKKIVLNRKEQKHIMAERNVLLKNVKHPFLVGLHYSFQTTEKLYFVLDFVNGGELFFHLQRERSFPEHRARFYAAEIASALGYLHSIKIVYRDLKPENILLDSVGHVVLTDFGLCKEGIAISDTTTTFCGTPEYLAPEVIRKQPYDNTVDWWCLGAVLYEMLYGLPPFYCRDVAEMYDNILHKPLSLRPGVSLTAWSILEELLEKDRQNRLGAKEDFLEIQNHPFFESLSWADLVQKKIPPPFNPNVAGPDDIRNFDTAFTEETVPYSVCVSSDYSIVNASVLEADDAFVGFSYAPPSEDLFL","SGK3","SGK3",NA,"SGK3","SK525","YAVK","YRD","DFG","",1,1,1,TRUE,1,1,1,188,191,284,NA,NA,304,NA,NA,284,285,286,304,305,306,316,376,"DTTTTFCGTPEYLAPEVIRKQPYDNTVDWWCLGAVLYEMLYGLPPFYCRDVAEMYDNILHK",1,14,329,2,10,324,1,8,329,0,NA,NA,0,NA,NA,1,14,329,0,NA,NA,0,NA,NA,1,8,329,0,NA,NA,1,8,329,1,12,329,0,NA,NA,329,329,329,329,329,329,329,329,329,329,329,329,329,329,329,329,329,329,329,329,329,329,329,315,316,317,318,319,320,321,322,323,324,325,326,327,328,329,330,331,"S","D","T","T","T","T","F","C","G","T","P","E","Y","L","A","P","E","A P E","P E",323,"G",371,146,187,"NINLGPSGNPHAKPTDFDFLKVIGKGSFGKVLLAKRKLDGKF",1,24,169,1,24,169,0,NA,NA,1,26,169,0,NA,NA,0,NA,NA,0,NA,NA,2,5,148,1,24,169,1,24,169,0,NA,NA,0,NA,NA,169,169,169,169,169,169,169,169,169,169,169,169,169,169,169,169,169,169,169,169,169,"GKGSFG","G","K","G","S","F","G",169,170,171,172,173,174,"G G G","SGK3_169_TCGA-13-1403-01_G"
"35","STK11","56","G","TCGA-05-4395-01.1590",6794,"TCGA-05-4395-01","broad.mit.edu","Somatic","Missense_Mutation",NA,"G56W","H","getma.org/?cm=var&var=hg19,19,1207078,G,T&fts=all","getma.org/pdb.php?prot=STK11_HUMAN&from=49&to=309&var=G56W","getma.org/?cm=msa&ty=f&p=STK11_HUMAN&rb=49&re=309&var=G56W",19,1207078,1207078,"G","T",14,17,NA,NA,"luad_tcga_mutations","W","STK11-001",433,"MEVVDPQQLGMFTEGELMSVGMDTFIHRIDSTEVIYQPRRKRAKLIGKYLMGDLLGEGSYGKVKEVLDSETLCRRAVKILKKKKLRRIPNGEANVKKEIQLLRRLRHKNVIQLVDVLYNEEKQKMYMVMEYCVCGMQEMLDSVPEKRFPVCQAHGYFCQLIDGLEYLHSQGIVHKDIKPGNLLLTTGGTLKISDLGVAEALHPFAADDTCRTSQGSPAFQPPEIANGLDTFSGFKVDIWSAGVTLYNITTGLYPFEGDNIYKLFENIGKGSYAIPGDCGPPLSDLLKGMLEYEPAKRFSIRQIRQHSWFRKKHPPAEAPVPIPPSPDTKDRWRSMTVVPYLEDLHGADEDEDLFDIEDDIIYTQDFTVPGQVPEEEASHNGQRRGLPKAVCMNGTEAAQLSTKSRAEGRAPNPARKACSASSKIRRLSACKQQ",375,"RAVK","HKD","DLG","CAMK Ser/Thr","SerineThreonine",1,1,1,2344,"STK11",">ENSP00000324856.6","ENST00000326873.10","ENSG00000118046.13","OTTHUMG00000180118.7","OTTHUMT00000449839.6",433,"MEVVDPQQLGMFTEGELMSVGMDTFIHRIDSTEVIYQPRRKRAKLIGKYLMGDLLGEGSYGKVKEVLDSETLCRRAVKILKKKKLRRIPNGEANVKKEIQLLRRLRHKNVIQLVDVLYNEEKQKMYMVMEYCVCGMQEMLDSVPEKRFPVCQAHGYFCQLIDGLEYLHSQGIVHKDIKPGNLLLTTGGTLKISDLGVAEALHPFAADDTCRTSQGSPAFQPPEIANGLDTFSGFKVDIWSAGVTLYNITTGLYPFEGDNIYKLFENIGKGSYAIPGDCGPPLSDLLKGMLEYEPAKRFSIRQIRQHSWFRKKHPPAEAPVPIPPSPDTKDRWRSMTVVPYLEDLHGADEDEDLFDIEDDIIYTQDFTVPGQVPEEEASHNGQRRGLPKAVCMNGTEAAQLSTKSRAEGRAPNPARKACSASSKIRRLSACKQQ","LKB1","STK11",NA,"LKB1","SK208","RAVK","HKD","DLG","",1,1,1,TRUE,1,1,1,75,78,174,NA,NA,194,NA,NA,174,175,176,194,195,196,206,266,"ADDTCRTSQGSPAFQPPEIANGLDTFSGFKVDIWSAGVTLYNITTGLYPFEGDNIYKLFEN",0,NA,NA,1,17,221,0,NA,NA,0,NA,NA,0,NA,NA,0,NA,NA,0,NA,NA,0,NA,NA,0,NA,NA,0,NA,NA,2,10,221,0,NA,NA,0,NA,NA,NA,NA,NA,NA,221,221,221,221,221,221,221,221,221,221,221,221,221,221,221,221,221,221,221,207,208,209,210,211,212,213,214,215,216,217,218,219,220,221,222,223,"D","D","T","C","R","T","S","Q","G","S","P","A","F","Q","P","P","E","P P E","P E",215,"G",263,33,74,"EVIYQPRRKRAKLIGKYLMGDLLGEGSYGKVKEVLDSETLCR",1,24,56,0,NA,NA,1,24,56,0,NA,NA,0,NA,NA,0,NA,NA,0,NA,NA,1,26,56,2,15,47,1,24,56,0,NA,NA,0,NA,NA,56,56,56,56,56,56,56,56,56,56,56,56,56,56,56,56,56,56,56,56,56,"GEGSYG","G","E","G","S","Y","G",56,57,58,59,60,61,"G G G","STK11_56_TCGA-05-4395-01_G"
"36","STK11","56","G","TCGA-78-7166-01.1611",6794,"TCGA-78-7166-01","broad.mit.edu","Somatic","Missense_Mutation",NA,"G56V","H","getma.org/?cm=var&var=hg19,19,1207079,G,T&fts=all","getma.org/pdb.php?prot=STK11_HUMAN&from=49&to=309&var=G56V","getma.org/?cm=msa&ty=f&p=STK11_HUMAN&rb=49&re=309&var=G56V",19,1207079,1207079,"G","T",13,8,NA,NA,"luad_tcga_mutations","V","STK11-001",433,"MEVVDPQQLGMFTEGELMSVGMDTFIHRIDSTEVIYQPRRKRAKLIGKYLMGDLLGEGSYGKVKEVLDSETLCRRAVKILKKKKLRRIPNGEANVKKEIQLLRRLRHKNVIQLVDVLYNEEKQKMYMVMEYCVCGMQEMLDSVPEKRFPVCQAHGYFCQLIDGLEYLHSQGIVHKDIKPGNLLLTTGGTLKISDLGVAEALHPFAADDTCRTSQGSPAFQPPEIANGLDTFSGFKVDIWSAGVTLYNITTGLYPFEGDNIYKLFENIGKGSYAIPGDCGPPLSDLLKGMLEYEPAKRFSIRQIRQHSWFRKKHPPAEAPVPIPPSPDTKDRWRSMTVVPYLEDLHGADEDEDLFDIEDDIIYTQDFTVPGQVPEEEASHNGQRRGLPKAVCMNGTEAAQLSTKSRAEGRAPNPARKACSASSKIRRLSACKQQ",375,"RAVK","HKD","DLG","CAMK Ser/Thr","SerineThreonine",1,1,1,2344,"STK11",">ENSP00000324856.6","ENST00000326873.10","ENSG00000118046.13","OTTHUMG00000180118.7","OTTHUMT00000449839.6",433,"MEVVDPQQLGMFTEGELMSVGMDTFIHRIDSTEVIYQPRRKRAKLIGKYLMGDLLGEGSYGKVKEVLDSETLCRRAVKILKKKKLRRIPNGEANVKKEIQLLRRLRHKNVIQLVDVLYNEEKQKMYMVMEYCVCGMQEMLDSVPEKRFPVCQAHGYFCQLIDGLEYLHSQGIVHKDIKPGNLLLTTGGTLKISDLGVAEALHPFAADDTCRTSQGSPAFQPPEIANGLDTFSGFKVDIWSAGVTLYNITTGLYPFEGDNIYKLFENIGKGSYAIPGDCGPPLSDLLKGMLEYEPAKRFSIRQIRQHSWFRKKHPPAEAPVPIPPSPDTKDRWRSMTVVPYLEDLHGADEDEDLFDIEDDIIYTQDFTVPGQVPEEEASHNGQRRGLPKAVCMNGTEAAQLSTKSRAEGRAPNPARKACSASSKIRRLSACKQQ","LKB1","STK11",NA,"LKB1","SK208","RAVK","HKD","DLG","",1,1,1,TRUE,1,1,1,75,78,174,NA,NA,194,NA,NA,174,175,176,194,195,196,206,266,"ADDTCRTSQGSPAFQPPEIANGLDTFSGFKVDIWSAGVTLYNITTGLYPFEGDNIYKLFEN",0,NA,NA,1,17,221,0,NA,NA,0,NA,NA,0,NA,NA,0,NA,NA,0,NA,NA,0,NA,NA,0,NA,NA,0,NA,NA,2,10,221,0,NA,NA,0,NA,NA,NA,NA,NA,NA,221,221,221,221,221,221,221,221,221,221,221,221,221,221,221,221,221,221,221,207,208,209,210,211,212,213,214,215,216,217,218,219,220,221,222,223,"D","D","T","C","R","T","S","Q","G","S","P","A","F","Q","P","P","E","P P E","P E",215,"G",263,33,74,"EVIYQPRRKRAKLIGKYLMGDLLGEGSYGKVKEVLDSETLCR",1,24,56,0,NA,NA,1,24,56,0,NA,NA,0,NA,NA,0,NA,NA,0,NA,NA,1,26,56,2,15,47,1,24,56,0,NA,NA,0,NA,NA,56,56,56,56,56,56,56,56,56,56,56,56,56,56,56,56,56,56,56,56,56,"GEGSYG","G","E","G","S","Y","G",56,57,58,59,60,61,"G G G","STK11_56_TCGA-78-7166-01_G"
"37","STK16","27","G","TCGA-60-2724-01.1218",8576,"TCGA-60-2724-01","broad.mit.edu","Somatic","Missense_Mutation","---","G27W","H","getma.org/?cm=var&var=hg19,2,220110800,G,T&fts=all","getma.org/pdb.php?prot=STK16_HUMAN&from=20&to=290&var=G27W","getma.org/?cm=msa&ty=f&p=STK16_HUMAN&rb=20&re=290&var=G27W",2,220110800,220110800,"G","T",52,18,NA,NA,"lusc_tcga_mutations","W","STK16-001",305,"MGHALCVCSRGTVIIDNKRYLFIQKLGEGGFSYVDLVEGLHDGHFYALKRILCHEQQDREEAQREADMHRLFNHPNILRLVAYCLRERGAKHEAWLLLPFFKRGTLWNEIERLKDKGNFLTEDQILWLLLGICRGLEAIHAKGYAHRDLKPTNILLGDEGQPVLMDLGSMNQACIHVEGSRQALTLQDWAAQRCTISYRAPELFSVQSHCVIDERTDVWSLGCVLYAMMFGEGPYDMVFQKGDSVALAVQNQLSIPQSPRHSSALRQLLNSMMTVDPHQRPHIPLLLSQLEALQPPAPGQHTTQI",376,"YALK","HRD","DLG","Other","Other",1,1,1,2347,"STK16",">ENSP00000386928.3","ENST00000409638.6","ENSG00000115661.12","OTTHUMG00000154520.2","OTTHUMT00000335679.1",305,"MGHALCVCSRGTVIIDNKRYLFIQKLGEGGFSYVDLVEGLHDGHFYALKRILCHEQQDREEAQREADMHRLFNHPNILRLVAYCLRERGAKHEAWLLLPFFKRGTLWNEIERLKDKGNFLTEDQILWLLLGICRGLEAIHAKGYAHRDLKPTNILLGDEGQPVLMDLGSMNQACIHVEGSRQALTLQDWAAQRCTISYRAPELFSVQSHCVIDERTDVWSLGCVLYAMMFGEGPYDMVFQKGDSVALAVQNQLSIPQSPRHSSALRQLLNSMMTVDPHQRPHIPLLLSQLEALQPPAPGQHTTQI","MPSK1","STK16",NA,"MPSK1","SK506","YALK","HRD","DLG","",1,1,1,TRUE,1,1,1,46,49,146,NA,NA,166,NA,NA,146,147,148,166,167,168,178,238,"EGSRQALTLQDWAAQRCTISYRAPELFSVQSHCVIDERTDVWSLGCVLYAMMFGEGPYDMV",1,23,200,1,24,200,0,NA,NA,0,NA,NA,0,NA,NA,1,23,200,0,NA,NA,0,NA,NA,0,NA,NA,0,NA,NA,0,NA,NA,1,21,200,0,NA,NA,200,200,200,200,200,200,200,200,200,200,200,200,200,200,200,200,200,200,200,200,200,200,200,186,187,188,189,190,191,192,193,194,195,196,197,198,199,200,201,202,"L","Q","D","W","A","A","Q","R","C","T","I","S","Y","R","A","P","E","A P E","P E",194,"C",242,4,45,"ALCVCSRGTVIIDNKRYLFIQKLGEGGFSYVDLVEGLHDGHF",0,NA,NA,1,24,27,0,NA,NA,0,NA,NA,0,NA,NA,1,24,27,0,NA,NA,1,24,25,0,NA,NA,1,24,27,0,NA,NA,1,26,27,27,27,27,27,27,27,27,27,27,27,27,27,27,27,27,27,27,27,27,27,27,"GEGGFS","G","E","G","G","F","S",27,28,29,30,31,32,"G G S","STK16_27_TCGA-60-2724-01_G"
"39","TXK","278","G","TCGA-EE-A2GR-06.4536",7294,"TCGA-EE-A2GR-06","broad.mit.edu","Somatic","Missense_Mutation",NA,"G278R","H","getma.org/?cm=var&var=hg19,4,48088607,C,T&fts=all","getma.org/pdb.php?prot=TXK_HUMAN&from=271&to=520&var=G278R","getma.org/?cm=msa&ty=f&p=TXK_HUMAN&rb=271&re=520&var=G278R",4,48088607,48088607,"C","T",30,27,NA,NA,"skcm_tcga_mutations","R","TXK-001",527,"MILSSYNTIQSVFCCCCCCSVQKRQMRTQISLSTDEELPEKYTQRRRPWLSQLSNKKQSNTGRVQPSKRKPLPPLPPSEVAEEKIQVKALYDFLPREPCNLALRRAEEYLILEKYNPHWWKARDRLGNEGLIPSNYVTENKITNLEIYEWYHRNITRNQAEHLLRQESKEGAFIVRDSRHLGSYTISVFMGARRSTEAAIKHYQIKKNDSGQWYVAERHAFQSIPELIWYHQHNAAGLMTRLRYPVGLMGSCLPATAGFSYEKWEIDPSELAFIKEIGSGQFGVVHLGEWRSHIQVAIKAINEGSMSEEDFIEEAKVMMKLSHSKLVQLYGVCIQRKPLYIVTEFMENGCLLNYLRENKGKLRKEMLLSVCQDICEGMEYLERNGYIHRDLAARNCLVSSTCIVKISDFGMTRYVLDDEYVSSFGAKFPIKWSPPEVFLFNKYSSKSDVWSFGVLMWEVFTEGKMPFENKSNLQVVEAISEGFRLYRPHLAPMSIYEVMYSCWHEKPEGRPTFAELLRAVTEIAETW",420,"VAIK","HRD","DFG","Tyr Kinase","Tyrosine",1,1,1,2590,"TXK",">ENSP00000264316.4","ENST00000264316.7","ENSG00000074966.9","OTTHUMG00000102065.7","OTTHUMT00000219869.7",527,"MILSSYNTIQSVFCCCCCCSVQKRQMRTQISLSTDEELPEKYTQRRRPWLSQLSNKKQSNTGRVQPSKRKPLPPLPPSEVAEEKIQVKALYDFLPREPCNLALRRAEEYLILEKYNPHWWKARDRLGNEGLIPSNYVTENKITNLEIYEWYHRNITRNQAEHLLRQESKEGAFIVRDSRHLGSYTISVFMGARRSTEAAIKHYQIKKNDSGQWYVAERHAFQSIPELIWYHQHNAAGLMTRLRYPVGLMGSCLPATAGFSYEKWEIDPSELAFIKEIGSGQFGVVHLGEWRSHIQVAIKAINEGSMSEEDFIEEAKVMMKLSHSKLVQLYGVCIQRKPLYIVTEFMENGCLLNYLRENKGKLRKEMLLSVCQDICEGMEYLERNGYIHRDLAARNCLVSSTCIVKISDFGMTRYVLDDEYVSSFGAKFPIKWSPPEVFLFNKYSSKSDVWSFGVLMWEVFTEGKMPFENKSNLQVVEAISEGFRLYRPHLAPMSIYEVMYSCWHEKPEGRPTFAELLRAVTEIAETW","TXK","TXK",NA,"TXK","SK384","VAIK","HRD","DFG","",1,1,1,TRUE,1,1,1,296,299,388,NA,NA,408,NA,NA,388,389,390,408,409,410,420,480,"YVSSFGAKFPIKWSPPEVFLFNKYSSKSDVWSFGVLMWEVFTEGKMPFENKSNLQVVEAIS",0,NA,NA,1,16,434,0,NA,NA,0,NA,NA,0,NA,NA,0,NA,NA,0,NA,NA,0,NA,NA,0,NA,NA,0,NA,NA,0,NA,NA,0,NA,NA,0,NA,NA,NA,NA,NA,NA,434,434,434,434,434,434,434,434,434,434,434,434,434,434,434,434,434,434,434,420,421,422,423,424,425,426,427,428,429,430,431,432,433,434,435,436,"Y","V","S","S","F","G","A","K","F","P","I","K","W","S","P","P","E","P P E","P E",425,"G",476,254,295,"PATAGFSYEKWEIDPSELAFIKEIGSGQFGVVHLGEWRSHIQ",1,25,278,1,25,278,0,NA,NA,1,27,278,0,NA,NA,0,NA,NA,0,NA,NA,1,27,278,1,25,278,1,25,278,0,NA,NA,0,NA,NA,278,278,278,278,278,278,278,278,278,278,278,278,278,278,278,278,278,278,278,278,278,"GSGQFG","G","S","G","Q","F","G",278,279,280,281,282,283,"G G G","TXK_278_TCGA-EE-A2GR-06_G"
