"","Gene","Codon","AA","Chromosome","Start_position","End_position","Strand","mutation_type","Variant_Type","case_id","cDNA_Change","Codon_Change","amino_acid_change","X","X.1.x","X.2","VarAA","f","Length","Protein_Seq","VAIKmotif","HRDmotif","DFGmotif","X.x","Family","Secondary.Family","numberofVAIK.x","numberofHRD.x","numberofDFG.x","X.1.y","a","b","c","d","e","HunterName","newname","X.y","Hunter","Accession","Notes...altnames","numberofVAIK.y","numberofHRD.y","numberofDFG.y","DUP","VAIKtouse","HRDtouse","DFGtouse","firstVAIK","actual_lysine","firstHRD","secondHRD","thirdHRD","firstDFG","secondDFG","thirdDFG","actual_DFG_D","actual_DFG_F","actual_DFG_G","actual_HRD_H","actual_HRD_R","actual_HRD_D","actual_HRDp5","actual_HRDp5_letter","HRD_m14loc","HRD_m13loc","HRD_m12loc","HRD_m11loc","HRD_m10loc","HRD_m9loc","HRD_m8loc","HRD_m7loc","HRD_m6loc","HRD_m5loc","HRD_m4loc","HRD_m3loc","HRD_m2loc","HRD_m1loc","HRD_H1loc","HRD_R1loc","HRD_D1loc","HRD_m14","HRD_m13","HRD_m12","HRD_m11","HRD_m10","HRD_m9","HRD_m8","HRD_m7","HRD_m6","HRD_m5","HRD_m4","HRD_m3","HRD_m2","HRD_m1","HRD_H1","HRD_R1","HRD_D1","HRDm6_loc","HRDm6","APEfragstart","APEfragend","APEfrag","numAPE","APELoc","locAPEprotein","numPE","PELoc","locPEprotein","numGTx6E","GTx6ELoc","locGTx6Eprotein","numGTx5NE","GTx5NELoc","locGTx5NEprotein","numGTx6D","GTx6DLoc","locGTx6Dprotein","numAxE","AxELoc","locAxEprotein","numAPD","APDLoc","locAPDprotein","numPPD","PPDLoc","locPPDprotein","numGTxxY","GTxxYLoc","locGTxxYprotein","numPIR","PIRLoc","locPIRprotein","numGx7E","Gx7ELoc","locGx7Eprotein","numYxAP","YxAPLoc","YxAPLocprotein","numWYxxPR","WYxxPRLoc","WYxxPRLocprotein","loc_actual_APE_A","loc_actual_APE_B","loc_actual_APE_C","loc_actual_APE_D","loc_actual_APE_E","loc_actual_APE_F","loc_actual_APE_G","loc_actual_APE_H","loc_actual_APE_I","loc_actual_APE_J","loc_actual_APE_K","loc_actual_APE_L","loc_actual_APE_M","loc_actual_APE_N","loc_actual_APE_O","loc_actual_APE_P","loc_actual_APE_Q","loc_actual_APE_R","loc_actual_APE_S","loc_actual_APE_T","loc_actual_APE_U","loc_actual_APE_V","loc_actual_APE","APE_m14loc","APE_m13loc","APE_m12loc","APE_m11loc","APE_m10loc","APE_m9loc","APE_m8loc","APE_m7loc","APE_m6loc","APE_m5loc","APE_m4loc","APE_m3loc","APE_m2loc","APE_m1loc","APE_A1loc","APE_P1loc","APE_E1loc","APE_m14","APE_m13","APE_m12","APE_m11","APE_m10","APE_m9","APE_m8","APE_m7","APE_m6","APE_m5","APE_m4","APE_m3","APE_m2","APE_m1","APE_A1","APE_P1","APE_E1","APE_MOTIF","PE_MOTIF","correctedG_loc","correctedG","endCAT","GxGfragstart","GxGfragend","GxGfrag","numGxGxxG","GxGxxGLoc","locGxGxxGprotein","numGxGxF","GxGxFLoc","locGxGxFprotein","numGxGxY","GxGxYLoc","locGxGxYprotein","numGxFG","GxFGLoc","locGxFGprotein","numGxGxxA","GxGxxALoc","locGxGxxAprotein","numGxGxxS","GxGxxSLoc","locGxGxxSprotein","numSxGxxG","SxGxxGLoc","locSxGxxGprotein","numGxxG","GxxGLoc","locGxxGprotein","numG4xG","G4xGLoc","locG4xGprotein","numGxG","GxGLoc","locGxGprotein","numGxTxF","GxTxFLoc","locGxTxFprotein","numGG","GGLoc","locGGprotein","loc_actual_gxg_A","loc_actual_gxg_B","loc_actual_gxg_C","loc_actual_gxg_D","loc_actual_gxg_E","loc_actual_gxg_F","loc_actual_gxg_G","loc_actual_gxg_H","loc_actual_gxg_I","loc_actual_gxg_J","loc_actual_gxg_K","loc_actual_gxg_L","loc_actual_gxg_M","loc_actual_gxg_N","loc_actual_gxg_O","loc_actual_gxg_P","loc_actual_gxg_Q","loc_actual_gxg_R","loc_actual_gxg_S","loc_actual_gxg_T","loc_actual_gxg","GxGxxGmotif","GxGxxG_G1","GxGxxG_X1","GxGxxG_G2","GxGxxG_X2","GxGxxG_X3","GxGxxG_G3","GxGxxG_G1loc","GxGxxG_X1loc","GxGxxG_G2loc","GxGxxG_X2loc","GxGxxG_X3loc","GxGxxG_G3loc","GXGXXG_MOTIF","CATALYTIC_FRAG","saltbridgeEfragSTART","saltbridgeEfragEND","saltbridgeEfrag","numExxxL","ExxxLLoc","ExxxLLocprotein","numExxI","ExxILoc","ExxILocprotein","numExxxM","ExxxMLoc","ExxxMLocprotein","numExxL","ExxLLoc","ExxLLocprotein","numQxxxE","QxxxELoc","QxxxELocprotein","loc_actual_saltbridge_A","loc_actual_saltbridge_B","loc_actual_saltbridge_C","loc_actual_saltbridge_D","loc_actual_saltbridge_E","loc_actual_saltbridge_F","loc_actual_saltbridge","checkE","pastedref"
"1","ACVRL1","227","A","12","52308277","52308277","+","Missense_Mutation","SNP","SNU175_LARGE_INTESTINE","c.680C>T","c.(679-681)GCC>GTC","p.A227V","","","","V","ACVRL1-001",503,"MTLGSPRKGLLMLLMALVTQGDPVKPSRGPLVTCTCESPHCKGPTCRGAWCTVVLVREEGRHPQEHRGCGNLHRELCRGRPTEFVNHYCCDSHLCNHNVSLVLEATQPPSEQPGTDGQLALILGPVLALLALVALGVLGLWHVRRRQEKQRGLHSELGESSLILKASEQGDSMLGDLLDSDCTTGSGSGLPFLVQRTVARQVALVECVGKGRYGEVWRGLWHGESVAVKIFSSRDEQSWFRETEIYNTVLLRHDNILGFIASDMTSRNSSTQLWLITHYHEHGSLYDFLQRQTLEPHLALRLAVSAACGLAHLHVEIFGTQGKPAIAHRDFKSRNVLVKSNLQCCIADLGLAVMHSQGSDYLDIGNNPRVGTKRYMAPEVLDEQIRTDCFESYKWTDIWAFGLVLWEIARRTIVNGIVEDYRPPFYDVVPNDPSFEDMKKVVCVDQQTPTIPNRLAADPVLSGLAQMMRECWYPNPSARLTALRIKKTLQKISNSPEKPKVIQ","VAVK","HRD","DLG",10,"TKL Ser/Thr","SerineThreonine",1,1,1,50,">ENSP00000373574.4","ENST00000388922.7","ENSG00000139567.11","OTTHUMG00000169507.3","OTTHUMT00000404520.2","ALK1","ACVRL1",NA,"ALK1","SK025","",1,1,1,TRUE,1,1,1,226,229,328,NA,NA,348,NA,NA,348,349,350,328,329,330,335,"N",314,315,316,317,318,319,320,321,322,323,324,325,326,327,328,329,330,"H","V","E","I","F","G","T","Q","G","K","P","A","I","A","H","R","D",322,"G",360,420,"DYLDIGNNPRVGTKRYMAPEVLDEQIRTDCFESYKWTDIWAFGLVLWEIARRTIVNGIVED",1,18,377,1,19,377,1,12,377,0,NA,NA,0,NA,NA,1,18,377,0,NA,NA,0,NA,NA,1,12,377,0,NA,NA,1,12,377,1,16,377,0,NA,NA,377,377,377,377,377,377,377,377,377,377,377,377,377,377,377,377,377,377,377,377,377,377,377,363,364,365,366,367,368,369,370,371,372,373,374,375,376,377,378,379,"D","I","G","N","N","P","R","V","G","T","K","R","Y","M","A","P","E","A P E","P E",371,"G",379,184,225,"TGSGSGLPFLVQRTVARQVALVECVGKGRYGEVWRGLWHGES",1,26,209,0,NA,NA,1,26,209,0,NA,NA,0,NA,NA,0,NA,NA,0,NA,NA,1,28,209,1,26,209,2,2,185,0,NA,NA,0,NA,NA,209,209,209,209,209,209,209,209,209,209,209,209,209,209,209,209,209,209,209,209,209,"GKGRYG","G","K","G","R","Y","G",209,210,211,212,213,214,"G G G","GKGRYGEVWRGLWHGESVAVKIFSSRDEQSWFRETEIYNTVLLRHDNILGFIASDMTSRNSSTQLWLITHYHEHGSLYDFLQRQTLEPHLALRLAVSAACGLAHLHVEIFGTQGKPAIAHRDFKSRNVLVKSNLQCCIADLGLAVMHSQGSDYLDIGNNPRVGTKRYMAPE",234,259,"RDEQSWFRETEIYNTVLLRHDNILGF",0,NA,NA,1,9,242,0,NA,NA,0,NA,NA,0,NA,NA,242,242,242,242,242,242,242,"E","ACVRL1_227_SNU175_LARGE_INTESTINE_A"
"2","ALK","1148","A","2","29445390","29445390","+","Missense_Mutation","SNP","FTC133_THYROID","c.3443C>T","c.(3442-3444)GCT>GTT","p.A1148V","","","","V","ALK-001",1620,"MGAIGLLWLLPLLLSTAAVGSGMGTGQRAGSPAAGPPLQPREPLSYSRLQRKSLAVDFVVPSLFRVYARDLLLPPSSSELKAGRPEARGSLALDCAPLLRLLGPAPGVSWTAGSPAPAEARTLSRVLKGGSVRKLRRAKQLVLELGEEAILEGCVGPPGEAAVGLLQFNLSELFSWWIRQGEGRLRIRLMPEKKASEVGREGRLSAAIRASQPRLLFQIFGTGHSSLESPTNMPSPSPDYFTWNLTWIMKDSFPFLSHRSRYGLECSFDFPCELEYSPPLHDLRNQSWSWRRIPSEEASQMDLLDGPGAERSKEMPRGSFLLLNTSADSKHTILSPWMRSSSEHCTLAVSVHRHLQPSGRYIAQLLPHNEAAREILLMPTPGKHGWTVLQGRIGRPDNPFRVALEYISSGNRSLSAVDFFALKNCSEGTSPGSKMALQSSFTCWNGTVLQLGQACDFHQDCAQGEDESQMCRKLPVGFYCNFEDGFCGWTQGTLSPHTPQWQVRTLKDARFQDHQDHALLLSTTDVPASESATVTSATFPAPIKSSPCELRMSWLIRGVLRGNVSLVLVENKTGKEQGRMVWHVAAYEGLSLWQWMVLPLLDVSDRFWLQMVAWWGQGSRAIVAFDNISISLDCYLTISGEDKILQNTAPKSRNLFERNPNKELKPGENSPRQTPIFDPTVHWLFTTCGASGPHGPTQAQCNNAYQNSNLSVEVGSEGPLKGIQIWKVPATDTYSISGYGAAGGKGGKNTMMRSHGVSVLGIFNLEKDDMLYILVGQQGEDACPSTNQLIQKVCIGENNVIEEEIRVNRSVHEWAGGGGGGGGATYVFKMKDGVPVPLIIAAGGGGRAYGAKTDTFHPERLENNSSVLGLNGNSGAAGGGGGWNDNTSLLWAGKSLQEGATGGHSCPQAMKKWGWETRGGFGGGGGGCSSGGGGGGYIGGNAASNNDPEMDGEDGVSFISPLGILYTPALKVMEGHGEVNIKHYLNCSHCEVDECHMDPESHKVICFCDHGTVLAEDGVSCIVSPTPEPHLPLSLILSVVTSALVAALVLAFSGIMIVYRRKHQELQAMQMELQSPEYKLSKLRTSTIMTDYNPNYCFAGKTSSISDLKEVPRKNITLIRGLGHGAFGEVYEGQVSGMPNDPSPLQVAVKTLPEVCSEQDELDFLMEALIISKFNHQNIVRCIGVSLQSLPRFILLELMAGGDLKSFLRETRPRPSQPSSLAMLDLLHVARDIACGCQYLEENHFIHRDIAARNCLLTCPGPGRVAKIGDFGMARDIYRASYYRKGGCAMLPVKWMPPEAFMEGIFTSKTDTWSFGVLLWEIFSLGYMPYPSKSNQEVLEFVTSGGRMDPPKNCPGPVYRIMTQCWQHQPEDRPNFAIILERIEYCTQDPDVINTALPIEYGPLVEEEEKVPVRPKDPEGVPPLLVSQQAKREEERSPAAPPPLPTTSSGKAAKKPTAAEISVRVPRGPAVEGGHVNMAFSQSNPPSELHKVHGSRNKPTSLWNPTYGSWFTEKPTKKNNPIAKKEPHDRGNLGLEGSCTVPPNVATGRLPGASLLLEPSSLTANMKEVPLFRLRHFPCGNVNYGYQQQGLPLEAATAPGAGHYEDTILKSKNSMNQPGP","VAVK","HRD","DFG",16,"Tyr Kinase","Tyrosine",1,1,1,102,">ENSP00000373700.3","ENST00000389048.6","ENSG00000171094.14","OTTHUMG00000152034.1","OTTHUMT00000324994.1","ALK","ALK",NA,"ALK","SK024","",1,1,1,TRUE,1,1,1,1147,1150,1247,NA,NA,1270,NA,NA,1270,1271,1272,1247,1248,1249,1254,"N",1233,1234,1235,1236,1237,1238,1239,1240,1241,1242,1243,1244,1245,1246,1247,1248,1249,"I","A","C","G","C","Q","Y","L","E","E","N","H","F","I","H","R","D",1241,"E",1282,1342,"YYRKGGCAMLPVKWMPPEAFMEGIFTSKTDTWSFGVLLWEIFSLGYMPYPSKSNQEVLEFV",0,NA,NA,1,17,1297,0,NA,NA,0,NA,NA,0,NA,NA,0,NA,NA,0,NA,NA,0,NA,NA,0,NA,NA,0,NA,NA,0,NA,NA,0,NA,NA,0,NA,NA,NA,NA,NA,NA,1297,1297,1297,1297,1297,1297,1297,1297,1297,1297,1297,1297,1297,1297,1297,1297,1297,1297,1297,1283,1284,1285,1286,1287,1288,1289,1290,1291,1292,1293,1294,1295,1296,1297,1298,1299,"Y","R","K","G","G","C","A","M","L","P","V","K","W","M","P","P","E","P P E","P E",1287,"G",1299,1105,1146,"ISDLKEVPRKNITLIRGLGHGAFGEVYEGQVSGMPNDPSPLQ",1,19,1123,1,19,1123,0,NA,NA,1,21,1123,1,17,1121,0,NA,NA,0,NA,NA,1,21,1123,1,19,1123,1,17,1121,0,NA,NA,0,NA,NA,1123,1123,1123,1123,1123,1123,1123,1123,1123,1123,1123,1123,1123,1123,1123,1123,1123,1123,1123,1123,1123,"GHGAFG","G","H","G","A","F","G",1123,1124,1125,1126,1127,1128,"G G G","GHGAFGEVYEGQVSGMPNDPSPLQVAVKTLPEVCSEQDELDFLMEALIISKFNHQNIVRCIGVSLQSLPRFILLELMAGGDLKSFLRETRPRPSQPSSLAMLDLLHVARDIACGCQYLEENHFIHRDIAARNCLLTCPGPGRVAKIGDFGMARDIYRASYYRKGGCAMLPVKWMPPE",1155,1180,"VCSEQDELDFLMEALIISKFNHQNIV",1,4,1158,1,13,1167,0,NA,NA,0,NA,NA,0,NA,NA,1158,1158,1158,1158,1158,1158,1158,"E","ALK_1148_FTC133_THYROID_A"
"3","BLK","267","A","8","11414194","11414194","+","Missense_Mutation","SNP","MFE319_ENDOMETRIUM","c.800C>T","c.(799-801)GCC>GTC","p.A267V","","","","V","BLK-001",505,"MGLVSSKKPDKEKPIKEKDKGQWSPLKVSAQDKDAPPLPPLVVFNHLTPPPPDEHLDEDKHFVVALYDYTAMNDRDLQMLKGEKLQVLKGTGDWWLARSLVTGREGYVPSNFVARVESLEMERWFFRSQGRKEAERQLLAPINKAGSFLIRESETNKGAFSLSVKDVTTQGELIKHYKIRCLDEGGYYISPRITFPSLQALVQHYSKKGDGLCQRLTLPCVRPAPQNPWAQDEWEIPRQSLRLVRKLGSGQFGEVWMGYYKNNMKVAIKTLKEGTMSPEAFLGEANVMKALQHERLVRLYAVVTKEPIYIVTEYMARGCLLDFLKTDEGSRLSLPRLIDMSAQIAEGMAYIERMNSIHRDLRAANILVSEALCCKIADFGLARIIDSEYTAQEGAKFPIKWTAPEAIHFGVFTIKADVWSFGVLLMEVVTYGRVPYPGMSNPEVIRNLERGYRMPRPDTCPPELYRGVIAECWRSRPEERPTFEFLQSVLEDFYTATERQYELQP","VAIK","HRD","DFG",26,"Tyr Kinase","Tyrosine",1,1,1,165,">ENSP00000259089.4","ENST00000259089.7","ENSG00000136573.11","OTTHUMG00000090729.2","OTTHUMT00000207460.1","BLK","BLK",NA,"BLK","SK049","",1,1,1,TRUE,1,1,1,266,269,358,NA,NA,378,NA,NA,378,379,380,358,359,360,365,"N",344,345,346,347,348,349,350,351,352,353,354,355,356,357,358,359,360,"I","A","E","G","M","A","Y","I","E","R","M","N","S","I","H","R","D",352,"E",390,450,"TAQEGAKFPIKWTAPEAIHFGVFTIKADVWSFGVLLMEVVTYGRVPYPGMSNPEVIRNLER",1,14,403,2,15,403,0,NA,NA,0,NA,NA,0,NA,NA,2,2,391,0,NA,NA,0,NA,NA,0,NA,NA,0,NA,NA,0,NA,NA,0,NA,NA,0,NA,NA,403,403,403,403,403,403,403,403,403,403,403,403,403,403,403,403,403,403,403,403,403,403,403,389,390,391,392,393,394,395,396,397,398,399,400,401,402,403,404,405,"Y","T","A","Q","E","G","A","K","F","P","I","K","W","T","A","P","E","A P E","P E",394,"G",405,224,265,"APQNPWAQDEWEIPRQSLRLVRKLGSGQFGEVWMGYYKNNMK",1,25,248,1,25,248,0,NA,NA,1,27,248,0,NA,NA,0,NA,NA,0,NA,NA,1,27,248,1,25,248,1,25,248,0,NA,NA,0,NA,NA,248,248,248,248,248,248,248,248,248,248,248,248,248,248,248,248,248,248,248,248,248,"GSGQFG","G","S","G","Q","F","G",248,249,250,251,252,253,"G G G","GSGQFGEVWMGYYKNNMKVAIKTLKEGTMSPEAFLGEANVMKALQHERLVRLYAVVTKEPIYIVTEYMARGCLLDFLKTDEGSRLSLPRLIDMSAQIAEGMAYIERMNSIHRDLRAANILVSEALCCKIADFGLARIIDSEYTAQEGAKFPIKWTAPE",274,299,"GTMSPEAFLGEANVMKALQHERLVRL",0,NA,NA,0,NA,NA,1,11,284,1,6,279,0,NA,NA,NA,NA,284,284,284,284,284,"E","BLK_267_MFE319_ENDOMETRIUM_A"
"4","BMPR1B","229","A","4","96051113","96051113","+","Missense_Mutation","SNP","DU145_PROSTATE","c.686C>A","c.(685-687)GCT>GAT","p.A229D","","","","D","BMPR1B-003",502,"MLLRSAGKLNVGTKKEDGESTAPTPRPKVLRCKCHHHCPEDSVNNICSTDGYCFTMIEEDDSGLPVVTSGCLGLEGSDFQCRDTPIPHQRRSIECCTERNECNKDLHPTLPPLKNRDFVDGPIHHRALLISVTVCSLLLVLIILFCYFRYKRQETRPRYSIGLEQDETYIPPGESLRDLIEQSQSSGSGSGLPLLVQRTIAKQIQMVKQIGKGRYGEVWMGKWRGEKVAVKVFFTTEEASWFRETEIYQTVLMRHENILGFIAADIKGTGSWTQLYLITDYHENGSLYDYLKSTTLDAKSMLKLAYSSVSGLCHLHTEIFSTQGKPAIAHRDLKSKNILVKKNGTCCIADLGLAVKFISDTNEVDIPPNTRVGTKRYMPPEVLDESLNRNHFQSYIMADMYSFGLILWEVARRCVSGGIVEEYQLPYHDLVPSDPSYEDMREIVCIKKLRPSFPNRWSSDECLRQMGKLMTECWAHNPASRLTALRVKKTLAKMSESQDIKL","VAVK","HRD","DLG",29,"TKL Ser/Thr","SerineThreonine",1,1,1,174,">ENSP00000264568.4","ENST00000264568.7","ENSG00000138696.9","OTTHUMG00000130991.4","OTTHUMT00000363051.1","BMPR1B","BMPR1B",NA,"BMPR1B","SK030","",1,1,1,TRUE,1,1,1,228,231,330,NA,NA,350,NA,NA,350,351,352,330,331,332,337,"N",316,317,318,319,320,321,322,323,324,325,326,327,328,329,330,331,332,"H","T","E","I","F","S","T","Q","G","K","P","A","I","A","H","R","D",324,"G",362,422,"NEVDIPPNTRVGTKRYMPPEVLDESLNRNHFQSYIMADMYSFGLILWEVARRCVSGGIVEE",0,NA,NA,1,19,379,1,12,379,0,NA,NA,0,NA,NA,0,NA,NA,0,NA,NA,0,NA,NA,1,12,379,0,NA,NA,1,12,379,0,NA,NA,0,NA,NA,NA,NA,379,379,379,379,379,379,379,379,379,379,379,379,379,379,379,379,379,379,379,379,379,365,366,367,368,369,370,371,372,373,374,375,376,377,378,379,380,381,"D","I","P","P","N","T","R","V","G","T","K","R","Y","M","P","P","E","P P E","P E",373,"G",381,186,227,"SGSGSGLPLLVQRTIAKQIQMVKQIGKGRYGEVWMGKWRGEK",1,26,211,0,NA,NA,1,26,211,0,NA,NA,0,NA,NA,0,NA,NA,0,NA,NA,1,28,211,1,26,211,2,2,187,0,NA,NA,0,NA,NA,211,211,211,211,211,211,211,211,211,211,211,211,211,211,211,211,211,211,211,211,211,"GKGRYG","G","K","G","R","Y","G",211,212,213,214,215,216,"G G G","GKGRYGEVWMGKWRGEKVAVKVFFTTEEASWFRETEIYQTVLMRHENILGFIAADIKGTGSWTQLYLITDYHENGSLYDYLKSTTLDAKSMLKLAYSSVSGLCHLHTEIFSTQGKPAIAHRDLKSKNILVKKNGTCCIADLGLAVKFISDTNEVDIPPNTRVGTKRYMPPE",236,261,"TEEASWFRETEIYQTVLMRHENILGF",0,NA,NA,1,9,244,0,NA,NA,1,21,256,0,NA,NA,244,244,244,244,244,244,244,"E","BMPR1B_229_DU145_PROSTATE_A"
"9","BRSK1","77","A","19","55798419","55798419","+","Missense_Mutation","SNP","SNU46_UPPER_AERODIGESTIVE_TRACT","c.229G>A","c.(229-231)GCC>ACC","p.A77T","","","","T","BRSK1-004",794,"MVAGLTLGKGPESPDGDVSVPERKDEVAGGGGEEEEAEERGRHAQYVGPYRLEKTLGKGQTGLVKLGVHCITGQKVAIKIVNREKLSESVLMKVEREIAILKLIEHPHVLKLHDVYENKKYLYLVLEHVSGGELFDYLVKKGRLTPKEARKFFRQIVSALDFCHSYSICHRDLKPENLLLDEKNNIRIADFGMASLQVGDSLLETSCGSPHYACPEVIKGEKYDGRRADMWSCGVILFALLVGALPFDDDNLRQLLEKVKRGVFHMPHFIPPDCQSLLRGMIEVEPEKRLSLEQIQKHPWYLGGKHEPDPCLEPAPGRRVAMRSLPSNGELDPDVLESMASLGCFRDRERLHRELRSEEENQEKMIYYLLLDRKERYPSCEDQDLPPRNDVDPPRKRVDSPMLSRHGKRRPERKSMEVLSITDAGGGGSPVPTRRALEMAQHSQRSRSVSGASTGLSSSPLSSPRSPVFSFSPEPGAGDEARGGGSPTSKTQTLPSRGPRGGGAGEQPPPPSARSTPLPGPPGSPRSSGGTPLHSPLHTPRASPTGTPGTTPPPSPGGGVGGAAWRSRLNSIRNSFLGSPRFHRRKMQVPTAEEMSSLTPESSPELAKRSWFGNFISLDKEEQIFLVLKDKPLSSIKADIVHAFLSIPSLSHSVLSQTSFRAEYKASGGPSVFQKPVRFQVDISSSEGPEPSPRRDGSGGGGIYSVTFTLISGPSRRFKRVVETIQAQLLSTHDQPSVQALADEKNGAQTRPAGAPPRSLQPPPGRPDPELSSSPRRGPPKDKKLLATNGTPLP","VAIK","HRD","DFG",33,"CAMK Ser/Thr","SerineThreonine",1,1,1,194,">ENSP00000468190.1","ENST00000590333.4","ENSG00000160469.15","OTTHUMG00000180735.3","OTTHUMT00000452786.1","BRSK1","BRSK1",NA,"BRSK1","SK598","",1,1,1,TRUE,1,1,1,76,79,170,NA,NA,190,NA,NA,190,191,192,170,171,172,177,"N",156,157,158,159,160,161,162,163,164,165,166,167,168,169,170,171,172,"I","V","S","A","L","D","F","C","H","S","Y","S","I","C","H","R","D",164,"H",202,262,"LLETSCGSPHYACPEVIKGEKYDGRRADMWSCGVILFALLVGALPFDDDNLRQLLEKVKRG",0,NA,NA,1,14,214,0,NA,NA,0,NA,NA,0,NA,NA,0,NA,NA,0,NA,NA,0,NA,NA,0,NA,NA,0,NA,NA,1,7,214,0,NA,NA,0,NA,NA,NA,NA,NA,NA,214,214,214,214,214,214,214,214,214,214,214,214,214,214,214,214,214,214,214,200,201,202,203,204,205,206,207,208,209,210,211,212,213,214,215,216,"D","S","L","L","E","T","S","C","G","S","P","H","Y","A","C","P","E","C P E","P E",208,"G",216,34,75,"EEEAEERGRHAQYVGPYRLEKTLGKGQTGLVKLGVHCITGQK",1,24,57,0,NA,NA,0,NA,NA,0,NA,NA,0,NA,NA,0,NA,NA,0,NA,NA,1,26,57,1,24,57,1,24,57,0,NA,NA,0,NA,NA,57,57,57,57,57,57,57,57,57,57,57,57,57,57,57,57,57,57,57,57,57,"GKGQTG","G","K","G","Q","T","G",57,58,59,60,61,62,"G G G","GKGQTGLVKLGVHCITGQKVAIKIVNREKLSESVLMKVEREIAILKLIEHPHVLKLHDVYENKKYLYLVLEHVSGGELFDYLVKKGRLTPKEARKFFRQIVSALDFCHSYSICHRDLKPENLLLDEKNNIRIADFGMASLQVGDSLLETSCGSPHYACPE",84,109,"EKLSESVLMKVEREIAILKLIEHPHV",1,14,97,1,12,95,1,5,88,1,5,88,0,NA,NA,97,97,97,97,97,97,97,"E","BRSK1_77_SNU46_UPPER_AERODIGESTIVE_TRACT_A"
"10","CAMK4","73","A","5","110679778","110679778","+","Missense_Mutation","SNP","KCL22_HAEMATOPOIETIC_AND_LYMPHOID_TISSUE","c.218C>T","c.(217-219)GCT>GTT","p.A73V","","","","V","CAMK4-001",473,"MLKVTVPSCSASSCSSVTASAAPGTASLVPDYWIDGSNRDALSDFFEVESELGRGATSIVYRCKQKGTQKPYALKVLKKTVDKKIVRTEIGVLLRLSHPNIIKLKEIFETPTEISLVLELVTGGELFDRIVEKGYYSERDAADAVKQILEAVAYLHENGIVHRDLKPENLLYATPAPDAPLKIADFGLSKIVEHQVLMKTVCGTPGYCAPEILRGCAYGPEVDMWSVGIITYILLCGFEPFYDERGDQFMFRRILNCEYYFISPWWDEVSLNAKDLVRKLIVLDPKKRLTTFQALQHPWVTGKAANFVHMDTAQKKLQEFNARRKLKAAVKAVVASSRLGSASSSHGSIQESHKASRDPSPIQDGNEDMKAIPEGEKIQGDGAQAAVKGAQAELMKVQALEKVKGADINAEEAPKMVPKAVEDGIKVADLELEEGLAEEKLKTVEEAAAPREGQGSSAVGFEVPQQDVILPEY","YALK","HRD","DFG",45,"CAMK Ser/Thr","SerineThreonine",1,1,1,277,">ENSP00000282356.4","ENST00000282356.7","ENSG00000152495.9","OTTHUMG00000128792.2","OTTHUMT00000250719.2","CaMK4","CAMK4",NA,"CaMK4","SK061","",1,1,1,TRUE,1,1,1,72,75,162,NA,NA,185,NA,NA,185,186,187,162,163,164,169,"N",148,149,150,151,152,153,154,155,156,157,158,159,160,161,162,163,164,"I","L","E","A","V","A","Y","L","H","E","N","G","I","V","H","R","D",156,"H",197,257,"LMKTVCGTPGYCAPEILRGCAYGPEVDMWSVGIITYILLCGFEPFYDERGDQFMFRRILNC",1,13,209,2,14,209,1,7,209,0,NA,NA,0,NA,NA,1,13,209,0,NA,NA,0,NA,NA,1,7,209,0,NA,NA,1,7,209,1,11,209,0,NA,NA,209,209,209,209,209,209,209,209,209,209,209,209,209,209,209,209,209,209,209,209,209,209,209,195,196,197,198,199,200,201,202,203,204,205,206,207,208,209,210,211,"Q","V","L","M","K","T","V","C","G","T","P","G","Y","C","A","P","E","A P E","P E",203,"G",211,30,71,"PDYWIDGSNRDALSDFFEVESELGRGATSIVYRCKQKGTQKP",0,NA,NA,0,NA,NA,0,NA,NA,0,NA,NA,0,NA,NA,1,24,53,0,NA,NA,0,NA,NA,0,NA,NA,1,24,53,0,NA,NA,0,NA,NA,NA,NA,NA,NA,NA,NA,NA,NA,53,53,53,53,53,53,53,53,53,53,53,53,53,"GRGATS","G","R","G","A","T","S",53,54,55,56,57,58,"G G S","GRGATSIVYRCKQKGTQKPYALKVLKKTVDKKIVRTEIGVLLRLSHPNIIKLKEIFETPTEISLVLELVTGGELFDRIVEKGYYSERDAADAVKQILEAVAYLHENGIVHRDLKPENLLYATPAPDAPLKIADFGLSKIVEHQVLMKTVCGTPGYCAPE",80,105,"TVDKKIVRTEIGVLLRLSHPNIIKLK",1,10,89,0,NA,NA,0,NA,NA,0,NA,NA,0,NA,NA,89,89,89,89,89,89,89,"E","CAMK4_73_KCL22_HAEMATOPOIETIC_AND_LYMPHOID_TISSUE_A"
"12","CDK4","33","A","12","58145404","58145404","+","Missense_Mutation","SNP","L1236_HAEMATOPOIETIC_AND_LYMPHOID_TISSUE","c.97G>C","c.(97-99)GCC>CCC","p.A33P","","","","P","CDK4-006",170,"MATSRYEPVAEIGVGAYGTVYKARDPHSGHFVALKSVRVPNGGGGGGGLPISTVREVALLRRLEAFEHPNVVRLMDVCATSRTDREIKVTLVFEHVDQDLRTYLDKAPPPGLPAETIKDLMRQFLRGLDFLHANCIVHRDLKPENILVTSGGTVKLADFGLARIYSYQMA","VALK","HRD","DFG",66,"CMGC Ser/Thr","SerineThreonine",1,1,1,422,">ENSP00000448963.1","ENST00000552388.1","ENSG00000135446.15","OTTHUMG00000170382.4","OTTHUMT00000408798.1","CDK4","CDK4",NA,"CDK4","SK069","",1,1,1,TRUE,1,1,1,32,35,138,NA,NA,158,NA,NA,158,159,160,138,139,140,145,"N",124,125,126,127,128,129,130,131,132,133,134,135,136,137,138,139,140,"F","L","R","G","L","D","F","L","H","A","N","C","I","V","H","R","D",132,"H",170,230,"A",0,NA,NA,0,NA,NA,0,NA,NA,0,NA,NA,0,NA,NA,0,NA,NA,0,NA,NA,0,NA,NA,0,NA,NA,0,NA,NA,0,NA,NA,0,NA,NA,0,NA,NA,NA,NA,NA,NA,NA,NA,NA,NA,NA,NA,NA,NA,NA,NA,NA,NA,NA,NA,NA,NA,NA,NA,NA,NA,NA,NA,NA,NA,NA,NA,NA,NA,NA,NA,NA,NA,NA,NA,NA,NA,NA,NA,NA,NA,NA,NA,NA,NA,NA,NA,NA,NA,NA,NA,NA,NA,NA,"NA NA NA","NA NA",NA,NA,NA,1,31,"MATSRYEPVAEIGVGAYGTVYKARDPHSGHF",1,13,13,0,NA,NA,1,13,13,0,NA,NA,0,NA,NA,0,NA,NA,0,NA,NA,1,15,13,1,13,13,1,13,13,0,NA,NA,0,NA,NA,13,13,13,13,13,13,13,13,13,13,13,13,13,13,13,13,13,13,13,13,13,"GVGAYG","G","V","G","A","Y","G",13,14,15,16,17,18,"G G G",NA,40,65,"PNGGGGGGGLPISTVREVALLRRLEA",1,17,56,0,NA,NA,0,NA,NA,1,17,56,0,NA,NA,56,56,56,56,56,56,56,"E","CDK4_33_L1236_HAEMATOPOIETIC_AND_LYMPHOID_TISSUE_A"
"16","CHEK2","290","A","22","29107949","29107949","+","Missense_Mutation","SNP","HCT15_LARGE_INTESTINE","c.869C>A","c.(868-870)GCC>GAC","p.A290D","","","","D","CHEK2-003",586,"MSRESDVEAQQSHGSSACSQPHGSVTQSQGSSSQSQGISSSSTSTMPNSSQSSHSSSGTLSSLETVSTQELYSIPEDQEPEDQEPEEPTPAPWARLWALQDGFANLETESGHVTQSDLELLLSSDPPASASQSAGIRGVRHHPRPVCSLKCVNDNYWFGRDKSCEYCFDEPLLKRTDKYRTYSKKHFRIFREVGPKNSYIAYIEDHSGNGTFVNTELVGKGKRRPLNNNSEIALSLSRNKVFVFFDLTVDDQSVYPKALRDEYIMSKTLGSGACGEVKLAFERKTCKKVAIKIISKRKFAIGSAREADPALNVETEIEILKKLNHPCIIKIKNFFDAEDYYIVLELMEGGELFDKVVGNKRLKEATCKLYFYQMLLAVQYLHENGIIHRDLKPENVLLSSQEEDCLIKITDFGHSKILGETSLMRTLCGTPTYLAPEVLVSVGTAGYNRAVDCWSLGVILFICLSGYPPFSEHRTQVSLKDQITSGKYNFIPEVWAEVSEKALDLVKKLLVVDPKARFTTEEALRHPWLQDEDMKRKFQDLLSEENESTALPQVLAQPSTSRKRPREGEAEGAETTKRPAVCAAVL","VAIK","HRD","DFG",78,"CAMK Ser/Thr","SerineThreonine",1,1,1,494,">ENSP00000372023.2","ENST00000382580.5","ENSG00000183765.19","OTTHUMG00000151023.22","OTTHUMT00000321016.2","CHK2","CHEK2",NA,"CHK2","SK079","",1,1,1,TRUE,1,1,1,289,292,388,NA,NA,411,NA,NA,411,412,413,388,389,390,395,"N",374,375,376,377,378,379,380,381,382,383,384,385,386,387,388,389,390,"M","L","L","A","V","Q","Y","L","H","E","N","G","I","I","H","R","D",382,"H",423,483,"LMRTLCGTPTYLAPEVLVSVGTAGYNRAVDCWSLGVILFICLSGYPPFSEHRTQVSLKDQI",1,13,435,1,14,435,1,7,435,0,NA,NA,0,NA,NA,1,13,435,0,NA,NA,0,NA,NA,2,7,435,0,NA,NA,1,7,435,1,11,435,0,NA,NA,435,435,435,435,435,435,435,435,435,435,435,435,435,435,435,435,435,435,435,435,435,435,435,421,422,423,424,425,426,427,428,429,430,431,432,433,434,435,436,437,"T","S","L","M","R","T","L","C","G","T","P","T","Y","L","A","P","E","A P E","P E",429,"G",437,247,288,"LTVDDQSVYPKALRDEYIMSKTLGSGACGEVKLAFERKTCKK",1,24,270,0,NA,NA,0,NA,NA,0,NA,NA,0,NA,NA,0,NA,NA,0,NA,NA,1,26,270,1,24,270,1,24,270,0,NA,NA,0,NA,NA,270,270,270,270,270,270,270,270,270,270,270,270,270,270,270,270,270,270,270,270,270,"GSGACG","G","S","G","A","C","G",270,271,272,273,274,275,"G G G","GSGACGEVKLAFERKTCKKVAIKIISKRKFAIGSAREADPALNVETEIEILKKLNHPCIIKIKNFFDAEDYYIVLELMEGGELFDKVVGNKRLKEATCKLYFYQMLLAVQYLHENGIIHRDLKPENVLLSSQEEDCLIKITDFGHSKILGETSLMRTLCGTPTYLAPE",297,322,"RKFAIGSAREADPALNVETEIEILKK",1,20,316,1,18,314,0,NA,NA,0,NA,NA,0,NA,NA,316,316,316,316,316,316,316,"E","CHEK2_290_HCT15_LARGE_INTESTINE_A"
"17","CSNK1D","36","A","17","80223642","80223642","+","Missense_Mutation","SNP","HCT15_LARGE_INTESTINE","c.107C>T","c.(106-108)GCC>GTC","p.A36V","","","","V","CSNK1D-001",415,"MELRVGNRYRLGRKIGSGSFGDIYLGTDIAAGEEVAIKLECVKTKHPQLHIESKIYKMMQGGVGIPTIRWCGAEGDYNVMVMELLGPSLEDLFNFCSRKFSLKTVLLLADQMISRIEYIHSKNFIHRDVKPDNFLMGLGKKGNLVYIIDFGLAKKYRDARTHQHIPYRENKNLTGTARYASINTHLGIEQSRRDDLESLGYVLMYFNLGSLPWQGLKAATKRQKYERISEKKMSTPIEVLCKGYPSEFATYLNFCRSLRFDDKPDYSYLRQLFRNLFHRQGFSYDYVFDWNMLKFGASRAADDAERERRDREERLRHSRNPATRGLPSTASGRLRGTQEVAPPTPLTPTSHTANTSPRPVSGMERERKVSMRLHRGAPVNISSSDLTGRQDTSRMSTSQIPGRVASSGLQSVVHR","VAIK","HRD","DFG",89,"CK1 Ser/Thr","SerineThreonine",1,1,1,587,">ENSP00000324464.6","ENST00000314028.9","ENSG00000141551.13","OTTHUMG00000178601.1","OTTHUMT00000442632.1","CK1d","CSNK1D",NA,"CK1d","SK083","",1,1,1,TRUE,1,1,1,35,38,126,NA,NA,149,NA,NA,149,150,151,126,127,128,133,"N",112,113,114,115,116,117,118,119,120,121,122,123,124,125,126,127,128,"M","I","S","R","I","E","Y","I","H","S","K","N","F","I","H","R","D",120,"H",161,221,"THQHIPYRENKNLTGTARYASINTHLGIEQSRRDDLESLGYVLMYFNLGSLPWQGLKAATK",0,NA,NA,0,NA,NA,0,NA,NA,0,NA,NA,0,NA,NA,0,NA,NA,0,NA,NA,0,NA,NA,1,15,181,0,NA,NA,0,NA,NA,0,NA,NA,0,NA,NA,NA,NA,NA,NA,NA,NA,NA,NA,181,181,181,181,181,181,181,181,181,181,181,181,181,181,181,167,168,169,170,171,172,173,174,175,176,177,178,179,180,181,182,183,"Y","R","E","N","K","N","L","T","G","T","A","R","Y","A","S","I","N","S I N","I N",175,"G",183,1,34,"MELRVGNRYRLGRKIGSGSFGDIYLGTDIAAGEE",1,16,16,1,16,16,0,NA,NA,1,18,16,0,NA,NA,0,NA,NA,0,NA,NA,1,18,16,1,16,16,1,16,16,0,NA,NA,0,NA,NA,16,16,16,16,16,16,16,16,16,16,16,16,16,16,16,16,16,16,16,16,16,"GSGSFG","G","S","G","S","F","G",16,17,18,19,20,21,"G G G","GSGSFGDIYLGTDIAAGEEVAIKLECVKTKHPQLHIESKIYKMMQGGVGIPTIRWCGAEGDYNVMVMELLGPSLEDLFNFCSRKFSLKTVLLLADQMISRIEYIHSKNFIHRDVKPDNFLMGLGKKGNLVYIIDFGLAKKYRDARTHQHIPYRENKNLTGTARYASIN",43,68,"KTKHPQLHIESKIYKMMQGGVGIPTI",0,NA,NA,1,10,52,0,NA,NA,0,NA,NA,1,6,52,52,52,52,52,52,52,52,"E","CSNK1D_36_HCT15_LARGE_INTESTINE_A"
"20","DAPK1","40","A","9","90219924","90219924","+","Missense_Mutation","SNP","KM12_LARGE_INTESTINE","c.118G>A","c.(118-120)GCC>ACC","p.A40T","","","","T","DAPK1-012",188,"MTVFRQENVDDYYDTGEELGSGQFAVVKKCREKSTGLQYAAKFIKKRRTKSSRRGVSREDIEREVSILKEIQHPNVITLHEVYENKTDVILILELVAGGELFDFLAEKESLTEEEATEFLKQILNGVYYLHSLQIAHFDLKPENIMLLDRNVPKPRIKIIDFGLAHKIDFGNEFKNIFGTPEFVGVSG","YAAK","HFD","DFG",96,"CAMK Ser/Thr","SerineThreonine",1,1,2,636,">ENSP00000417746.1","ENST00000489291.4","ENSG00000196730.11","OTTHUMG00000020150.4","OTTHUMT00000356845.1","DAPK1","DAPK1",NA,"DAPK1","SK103","",1,1,2,TRUE,1,1,1,39,42,137,NA,NA,161,169,NA,161,162,163,137,138,139,144,"N",123,124,125,126,127,128,129,130,131,132,133,134,135,136,137,138,139,"I","L","N","G","V","Y","Y","L","H","S","L","Q","I","A","H","F","D",131,"H",173,233,"EFKNIFGTPEFVGVSG",0,NA,NA,1,9,180,0,NA,NA,0,NA,NA,0,NA,NA,0,NA,NA,0,NA,NA,0,NA,NA,0,NA,NA,0,NA,NA,0,NA,NA,0,NA,NA,0,NA,NA,NA,NA,NA,NA,180,180,180,180,180,180,180,180,180,180,180,180,180,180,180,180,180,180,180,166,167,168,169,170,171,172,173,174,175,176,177,178,179,180,181,182,"H","K","I","D","F","G","N","E","F","K","N","I","F","G","T","P","E","T P E","P E",171,"G",182,1,38,"MTVFRQENVDDYYDTGEELGSGQFAVVKKCREKSTGLQ",0,NA,NA,1,20,20,0,NA,NA,0,NA,NA,1,20,20,0,NA,NA,0,NA,NA,0,NA,NA,0,NA,NA,1,20,20,0,NA,NA,0,NA,NA,20,20,20,20,20,20,20,20,20,20,20,20,20,20,20,20,20,20,20,20,20,"GSGQFA","G","S","G","Q","F","A",20,21,22,23,24,25,"G G A","GSGQFAVVKKCREKSTGLQYAAKFIKKRRTKSSRRGVSREDIEREVSILKEIQHPNVITLHEVYENKTDVILILELVAGGELFDFLAEKESLTEEEATEFLKQILNGVYYLHSLQIAHFDLKPENIMLLDRNVPKPRIKIIDFGLAHKIDFGNEFKNIFGTPE",47,72,"RRTKSSRRGVSREDIEREVSILKEIQ",1,18,64,1,18,64,0,NA,NA,0,NA,NA,0,NA,NA,64,64,64,64,64,64,64,"E","DAPK1_40_KM12_LARGE_INTESTINE_A"
"27","EPHA7","663","A","6","93967939","93967939","+","Missense_Mutation","SNP","SNU5_STOMACH","c.1988C>T","c.(1987-1989)GCC>GTC","p.A663V","","","","V","EPHA7-001",998,"MVFQTRYPSWIILCYIWLLRFAHTGEAQAAKEVLLLDSKAQQTELEWISSPPNGWEEISGLDENYTPIRTYQVCQVMEPNQNNWLRTNWISKGNAQRIFVELKFTLRDCNSLPGVLGTCKETFNLYYYETDYDTGRNIRENLYVKIDTIAADESFTQGDLGERKMKLNTEVREIGPLSKKGFYLAFQDVGACIALVSVKVYYKKCWSIIENLAIFPDTVTGSEFSSLVEVRGTCVSSAEEEAENAPRMHCSAEGEWLVPIGKCICKAGYQQKGDTCEPCGRGFYKSSSQDLQCSRCPTHSFSDKEGSSRCECEDGYYRAPSDPPYVACTRPPSAPQNLIFNINQTTVSLEWSPPADNGGRNDVTYRILCKRCSWEQGECVPCGSNIGYMPQQTGLEDNYVTVMDLLAHANYTFEVEAVNGVSDLSRSQRLFAAVSITTGQAAPSQVSGVMKERVLQRSVELSWQEPEHPNGVITEYEIKYYEKDQRERTYSTVKTKSTSASINNLKPGTVYVFQIRAFTAAGYGNYSPRLDVATLEEATGKMFEATAVSSEQNPVIIIAVVAVAGTIILVFMVFGFIIGRRHCGYSKADQEGDEELYFHFKFPGTKTYIDPETYEDPNRAVHQFAKELDASCIKIERVIGAGEFGEVCSGRLKLPGKRDVAVAIKTLKVGYTEKQRRDFLCEASIMGQFDHPNVVHLEGVVTRGKPVMIVIEFMENGALDAFLRKHDGQFTVIQLVGMLRGIAAGMRYLADMGYVHRDLAARNILVNSNLVCKVSDFGLSRVIEDDPEAVYTTTGGKIPVRWTAPEAIQYRKFTSASDVWSYGIVMWEVMSYGERPYWDMSNQDVIKAIEEGYRLPAPMDCPAGLHQLMLDCWQKERAERPKFEQIVGILDKMIRNPNSLKTPLGTCSRPISPLLDQNTPDFTTFCSVGEWLQAIKMERYKDNFTAAGYNSLESVARMTIEDVMSLGITLVGHQKKIMSSIQTMRAQMLHLHGTGIQV","VAIK","HRD","DFG",122,"Tyr Kinase","Tyrosine",1,1,1,814,">ENSP00000358309.4","ENST00000369303.7","ENSG00000135333.12","OTTHUMG00000015228.1","OTTHUMT00000041545.1","EphA7","EPHA7",NA,"EphA7","SK416","",1,1,1,TRUE,1,1,1,662,665,756,NA,NA,776,NA,NA,776,777,778,756,757,758,763,"N",742,743,744,745,746,747,748,749,750,751,752,753,754,755,756,757,758,"I","A","A","G","M","R","Y","L","A","D","M","G","Y","V","H","R","D",750,"A",788,848,"EAVYTTTGGKIPVRWTAPEAIQYRKFTSASDVWSYGIVMWEVMSYGERPYWDMSNQDVIKA",1,17,804,1,18,804,0,NA,NA,0,NA,NA,0,NA,NA,1,17,804,0,NA,NA,0,NA,NA,0,NA,NA,0,NA,NA,0,NA,NA,0,NA,NA,0,NA,NA,804,804,804,804,804,804,804,804,804,804,804,804,804,804,804,804,804,804,804,804,804,804,804,790,791,792,793,794,795,796,797,798,799,800,801,802,803,804,805,806,"V","Y","T","T","T","G","G","K","I","P","V","R","W","T","A","P","E","A P E","P E",795,"G",806,620,661,"AVHQFAKELDASCIKIERVIGAGEFGEVCSGRLKLPGKRDVA",1,21,640,1,21,640,0,NA,NA,1,23,640,0,NA,NA,0,NA,NA,0,NA,NA,1,23,640,1,21,640,1,21,640,0,NA,NA,0,NA,NA,640,640,640,640,640,640,640,640,640,640,640,640,640,640,640,640,640,640,640,640,640,"GAGEFG","G","A","G","E","F","G",640,641,642,643,644,645,"G G G","GAGEFGEVCSGRLKLPGKRDVAVAIKTLKVGYTEKQRRDFLCEASIMGQFDHPNVVHLEGVVTRGKPVMIVIEFMENGALDAFLRKHDGQFTVIQLVGMLRGIAAGMRYLADMGYVHRDLAARNILVNSNLVCKVSDFGLSRVIEDDPEAVYTTTGGKIPVRWTAPE",670,695,"GYTEKQRRDFLCEASIMGQFDHPNVV",0,NA,NA,1,13,682,1,13,682,0,NA,NA,0,NA,NA,682,682,682,682,682,682,682,"E","EPHA7_663_SNU5_STOMACH_A"
"28","FER","589","A","5","108380433","108380433","+","Missense_Mutation","SNP","LS411N_LARGE_INTESTINE","c.1766C>T","c.(1765-1767)GCT>GTT","p.A589V","","","","V","FER-001",822,"MGFGSDLKNSHEAVLKLQDWELRLLETVKKFMALRIKSDKEYASTLQNLCNQVDKESTVQMNYVSNVSKSWLLMIQQTEQLSRIMKTHAEDLNSGPLHRLTMMIKDKQQVKKSYIGVHQQIEAEMIKVTKTELEKLKCSYRQLIKEMNSAKEKYKEALAKGKETEKAKERYDKATMKLHMLHNQYVLALKGAQLHQNQYYDITLPLLLDSLQKMQEEMIKALKGIFDEYSQITSLVTEEIVNVHKEIQMSVEQIDPSTEYNNFIDVHRTTAAKEQEIEFDTSLLEENENLQANEIMWNNLTAESLQVMLKTLAEELMQTQQMLLNKEEAVLELEKRIEESSETCEKKSDIVLLLSQKQALEELKQSVQQLRCTEAKFSAQKELLEQKVQENDGKEPPPVVNYEEDARSVTSMERKERLSKFESIRHSIAGIIRSPKSALGSSALSDMISISEKPLAEQDWYHGAIPRIEAQELLKKQGDFLVRESHGKPGEYVLSVYSDGQRRHFIIQYVDNMYRFEGTGFSNIPQLIDHHYTTKQVITKKSGVVLLNPIPKDKKWILSHEDVILGELLGKGNFGEVYKGTLKDKTSVAVKTCKEDLPQELKIKFLQEAKILKQYDHPNIVKLIGVCTQRQPVYIIMELVSGGDFLTFLRRKKDELKLKQLVKFSLDAAAGMLYLESKNCIHRDLAARNCLVGENNVLKISDFGMSRQEDGGVYSSSGLKQIPIKWTAPEALNYGRYSSESDVWSFGILLWETFSLGVCPYPGMTNQQAREQVERGYRMSAPQHCPEDISKIMMKCWDYKPENRPKFSELQKELTIIKRKLT","VAVK","HRD","DFG",132,"Tyr Kinase","Tyrosine",1,1,1,860,">ENSP00000281092.4","ENST00000281092.7","ENSG00000151422.11","OTTHUMG00000128751.5","OTTHUMT00000250664.1","FER","FER",NA,"FER","SK140","",1,1,1,TRUE,1,1,1,588,591,682,NA,NA,702,NA,NA,702,703,704,682,683,684,689,"N",668,669,670,671,672,673,674,675,676,677,678,679,680,681,682,683,684,"A","A","A","G","M","L","Y","L","E","S","K","N","C","I","H","R","D",676,"E",714,774,"YSSSGLKQIPIKWTAPEALNYGRYSSESDVWSFGILLWETFSLGVCPYPGMTNQQAREQVE",1,15,728,1,16,728,0,NA,NA,0,NA,NA,0,NA,NA,2,15,728,0,NA,NA,0,NA,NA,0,NA,NA,0,NA,NA,1,50,769,0,NA,NA,0,NA,NA,728,728,728,728,728,728,728,728,728,728,728,728,728,728,728,728,728,728,728,728,728,728,728,714,715,716,717,718,719,720,721,722,723,724,725,726,727,728,729,730,"Y","S","S","S","G","L","K","Q","I","P","I","K","W","T","A","P","E","A P E","P E",718,"G",730,546,587,"LLNPIPKDKKWILSHEDVILGELLGKGNFGEVYKGTLKDKTS",1,25,570,1,25,570,0,NA,NA,1,27,570,0,NA,NA,0,NA,NA,0,NA,NA,1,27,570,1,25,570,1,25,570,0,NA,NA,0,NA,NA,570,570,570,570,570,570,570,570,570,570,570,570,570,570,570,570,570,570,570,570,570,"GKGNFG","G","K","G","N","F","G",570,571,572,573,574,575,"G G G","GKGNFGEVYKGTLKDKTSVAVKTCKEDLPQELKIKFLQEAKILKQYDHPNIVKLIGVCTQRQPVYIIMELVSGGDFLTFLRRKKDELKLKQLVKFSLDAAAGMLYLESKNCIHRDLAARNCLVGENNVLKISDFGMSRQEDGGVYSSSGLKQIPIKWTAPE",596,621,"DLPQELKIKFLQEAKILKQYDHPNIV",1,13,608,2,5,600,0,NA,NA,0,NA,NA,0,NA,NA,608,608,608,608,608,608,608,"E","FER_589_LS411N_LARGE_INTESTINE_A"
"29","FGFR2","516","A","10","123260357","123260357","+","Missense_Mutation","SNP","HEC59_ENDOMETRIUM","c.1547C>T","c.(1546-1548)GCC>GTC","p.A516V","","","","V","FGFR2-011",768,"MVSWGRFICLVVVTMATLSLARPSFSLVEDTTLEPEEPPTKYQISQPEVYVAAPGESLEVRCLLKDAAVISWTKDGVHLGPNNRTVLIGEYLQIKGATPRDSGLYACTASRTVDSETWYFMVNVTDAISSGDDEDDTDGAEDFVSENSNNKRAPYWTNTEKMEKRLHAVPAANTVKFRCPAGGNPMPTMRWLKNGKEFKQEHRIGGYKVRNQHWSLIMESVVPSDKGNYTCVVENEYGSINHTYHLDVVERSPHRPILQAGLPANASTVVGGDVEFVCKVYSDAQPHIQWIKHVEKNGSKYGPDGLPYLKVLKHSGINSSNAEVLALFNVTEADAGEYICKVSNYIGQANQSAWLTVLPKQQAPGREKEITASPDYLEIAIYCIGVFLIACMVVTVILCRMKNTTKKPDFSSQPAVHKLTKRIPLRRQVTVSAESSSSMNSNTPLVRITTRLSSTADTPMLAGVSEYELPEDPKWEFPRDKLTLGKPLGEGCFGQVVMAEAVGIDKDKPKEAVTVAVKMLKDDATEKDLSDLVSEMEMMKMIGKHKNIINLLGACTQDGPLYVIVEYASKGNLREYLRARRPPGMEYSYDINRVPEEQMTFKDLVSCTYQLARGMEYLASQKCIHRDLAARNVLVTENNVMKIADFGLARDINNIDYYKKTTNGRLPVKWMAPEALFDRVYTHQSDVWSFGVLMWEIFTLGGSPYPGIPVEELFKLLKEGHRMDKPANCTNELYMMMRDCWHAVPSQRPTFKQLVEDLDRILTLTTNE","VAVK","HRD","DFG",135,"Tyr Kinase","Tyrosine",1,1,1,918,">ENSP00000358054.3","ENST00000369058.6","ENSG00000066468.19","OTTHUMG00000019175.9","OTTHUMT00000050725.7","FGFR2","FGFR2",NA,"FGFR2","SK144","",1,1,1,TRUE,1,1,1,515,518,625,NA,NA,645,NA,NA,645,646,647,625,626,627,632,"N",611,612,613,614,615,616,617,618,619,620,621,622,623,624,625,626,627,"L","A","R","G","M","E","Y","L","A","S","Q","K","C","I","H","R","D",619,"A",657,717,"YYKKTTNGRLPVKWMAPEALFDRVYTHQSDVWSFGVLMWEIFTLGGSPYPGIPVEELFKLL",1,16,672,1,17,672,0,NA,NA,0,NA,NA,0,NA,NA,1,16,672,0,NA,NA,0,NA,NA,0,NA,NA,0,NA,NA,0,NA,NA,0,NA,NA,0,NA,NA,672,672,672,672,672,672,672,672,672,672,672,672,672,672,672,672,672,672,672,672,672,672,672,658,659,660,661,662,663,664,665,666,667,668,669,670,671,672,673,674,"Y","K","K","T","T","N","G","R","L","P","V","K","W","M","A","P","E","A P E","P E",664,"G",674,473,514,"PKWEFPRDKLTLGKPLGEGCFGQVVMAEAVGIDKDKPKEAVT",1,17,489,1,17,489,0,NA,NA,1,19,489,0,NA,NA,0,NA,NA,0,NA,NA,1,19,489,1,17,489,1,17,489,0,NA,NA,0,NA,NA,489,489,489,489,489,489,489,489,489,489,489,489,489,489,489,489,489,489,489,489,489,"GEGCFG","G","E","G","C","F","G",489,490,491,492,493,494,"G G G","GEGCFGQVVMAEAVGIDKDKPKEAVTVAVKMLKDDATEKDLSDLVSEMEMMKMIGKHKNIINLLGACTQDGPLYVIVEYASKGNLREYLRARRPPGMEYSYDINRVPEEQMTFKDLVSCTYQLARGMEYLASQKCIHRDLAARNVLVTENNVMKIADFGLARDINNIDYYKKTTNGRLPVKWMAPE",523,548,"DATEKDLSDLVSEMEMMKMIGKHKNI",0,NA,NA,0,NA,NA,1,13,535,1,4,526,0,NA,NA,NA,NA,535,535,535,535,535,"E","FGFR2_516_HEC59_ENDOMETRIUM_A"
"32","FLT1","859","A","13","28908179","28908179","+","Missense_Mutation","SNP","NCIH1339_LUNG","c.2576C>A","c.(2575-2577)GCT>GAT","p.A859D","","","","D","FLT1-001",1338,"MVSYWDTGVLLCALLSCLLLTGSSSGSKLKDPELSLKGTQHIMQAGQTLHLQCRGEAAHKWSLPEMVSKESERLSITKSACGRNGKQFCSTLTLNTAQANHTGFYSCKYLAVPTSKKKETESAIYIFISDTGRPFVEMYSEIPEIIHMTEGRELVIPCRVTSPNITVTLKKFPLDTLIPDGKRIIWDSRKGFIISNATYKEIGLLTCEATVNGHLYKTNYLTHRQTNTIIDVQISTPRPVKLLRGHTLVLNCTATTPLNTRVQMTWSYPDEKNKRASVRRRIDQSNSHANIFYSVLTIDKMQNKDKGLYTCRVRSGPSFKSVNTSVHIYDKAFITVKHRKQQVLETVAGKRSYRLSMKVKAFPSPEVVWLKDGLPATEKSARYLTRGYSLIIKDVTEEDAGNYTILLSIKQSNVFKNLTATLIVNVKPQIYEKAVSSFPDPALYPLGSRQILTCTAYGIPQPTIKWFWHPCNHNHSEARCDFCSNNEESFILDADSNMGNRIESITQRMAIIEGKNKMASTLVVADSRISGIYICIASNKVGTVGRNISFYITDVPNGFHVNLEKMPTEGEDLKLSCTVNKFLYRDVTWILLRTVNNRTMHYSISKQKMAITKEHSITLNLTIMNVSLQDSGTYACRARNVYTGEEILQKKEITIRDQEAPYLLRNLSDHTVAISSSTTLDCHANGVPEPQITWFKNNHKIQQEPGIILGPGSSTLFIERVTEEDEGVYHCKATNQKGSVESSAYLTVQGTSDKSNLELITLTCTCVAATLFWLLLTLFIRKMKRSSSEIKTDYLSIIMDPDEVPLDEQCERLPYDASKWEFARERLKLGKSLGRGAFGKVVQASAFGIKKSPTCRTVAVKMLKEGATASEYKALMTELKILTHIGHHLNVVNLLGACTKQGGPLMVIVEYCKYGNLSNYLKSKRDLFFLNKDAALHMEPKKEKMEPGLEQGKKPRLDSVTSSESFASSGFQEDKSLSDVEEEEDSDGFYKEPITMEDLISYSFQVARGMEFLSSRKCIHRDLAARNILLSENNVVKICDFGLARDIYKNPDYVRKGDTRLPLKWMAPESIFDKIYSTKSDVWSYGVLLWEIFSLGGSPYPGVQMDEDFCSRLREGMRMRAPEYSTPEIYQIMLDCWHRDPKERPRFAELVEKLGDLLQANVQQDGKDYIPINAILTGNSGFTYSTPAFSEDFFKESISAPKFNSGSSDDVRYVNAFKFMSLERIKTFEELLPNATSMFDDYQGDSSTLLASPMLKRFTWTDSKPKASLKIDLRVTSKSKESGLSDVSRPSFCHSSCGHVSEGKRRFTYDHAELERKIACCSPPPDYNSVVLYSTPPI","VAVK","HRD","DFG",139,"Tyr Kinase","Tyrosine",1,2,1,949,">ENSP00000282397.4","ENST00000282397.7","ENSG00000102755.9","OTTHUMG00000016648.4","OTTHUMT00000044322.2","FLT1","FLT1",NA,"FLT1","SK150","",1,2,1,TRUE,1,1,1,858,861,1020,1138,NA,1040,NA,NA,1040,1041,1042,1020,1021,1022,1027,"N",1006,1007,1008,1009,1010,1011,1012,1013,1014,1015,1016,1017,1018,1019,1020,1021,1022,"V","A","R","G","M","E","F","L","S","S","R","K","C","I","H","R","D",1014,"S",1052,1112,"DYVRKGDTRLPLKWMAPESIFDKIYSTKSDVWSYGVLLWEIFSLGGSPYPGVQMDEDFCSR",1,16,1067,1,17,1067,0,NA,NA,0,NA,NA,0,NA,NA,1,16,1067,0,NA,NA,0,NA,NA,0,NA,NA,0,NA,NA,0,NA,NA,0,NA,NA,0,NA,NA,1067,1067,1067,1067,1067,1067,1067,1067,1067,1067,1067,1067,1067,1067,1067,1067,1067,1067,1067,1067,1067,1067,1067,1053,1054,1055,1056,1057,1058,1059,1060,1061,1062,1063,1064,1065,1066,1067,1068,1069,"Y","V","R","K","G","D","T","R","L","P","L","K","W","M","A","P","E","A P E","P E",1057,"G",1069,816,857,"DASKWEFARERLKLGKSLGRGAFGKVVQASAFGIKKSPTCRT",1,19,834,1,19,834,0,NA,NA,1,21,834,0,NA,NA,0,NA,NA,0,NA,NA,1,21,834,1,19,834,1,19,834,0,NA,NA,0,NA,NA,834,834,834,834,834,834,834,834,834,834,834,834,834,834,834,834,834,834,834,834,834,"GRGAFG","G","R","G","A","F","G",834,835,836,837,838,839,"G G G","GRGAFGKVVQASAFGIKKSPTCRTVAVKMLKEGATASEYKALMTELKILTHIGHHLNVVNLLGACTKQGGPLMVIVEYCKYGNLSNYLKSKRDLFFLNKDAALHMEPKKEKMEPGLEQGKKPRLDSVTSSESFASSGFQEDKSLSDVEEEEDSDGFYKEPITMEDLISYSFQVARGMEFLSSRKCIHRDLAARNILLSENNVVKICDFGLARDIYKNPDYVRKGDTRLPLKWMAPE",866,891,"GATASEYKALMTELKILTHIGHHLNV",2,6,871,1,13,878,0,NA,NA,0,NA,NA,0,NA,NA,871,871,871,871,871,871,871,"E","FLT1_859_NCIH1339_LUNG_A"
"33","GRK4","214","A","4","3015454","3015454","+","Missense_Mutation","SNP","BICR18_UPPER_AERODIGESTIVE_TRACT","c.640G>A","c.(640-642)GCC>ACC","p.A214T","","","","T","GRK4-001",578,"MELENIVANSLLLKARQGGYGKKSGRSKKWKEILTLPPVSQCSELRHSIEKDYSSLCDKQPIGRRLFRQFCDTKPTLKRHIEFLDAVAEYEVADDEDRSDCGLSILDRFFNDKLAAPLPEIPPDVVTECRLGLKEENPSKKAFEECTRVAHNYLRGEPFEEYQESSYFSQFLQWKWLERQPVTKNTFRHYRVLGKGGFGEVCACQVRATGKMYACKKLQKKRIKKRKGEAMALNEKRILEKVQSRFVVSLAYAYETKDALCLVLTIMNGGDLKFHIYNLGNPGFDEQRAVFYAAELCCGLEDLQRERIVYRDLKPENILLDDRGHIRISDLGLATEIPEGQRVRGRVGTVGYMAPEVVNNEKYTFSPDWWGLGCLIYEMIQGHSPFKKYKEKVKWEEVDQRIKNDTEEYSEKFSEDAKSICRMLLTKNPSKRLGCRGEGAAGVKQHPVFKDINFRRLEANMLEPPFCPDPHAVYCKDVLDIEQFSVVKGIYLDTADEDFYARFATGCVSIPWQNEMIESGCFKDINKSESEEALPLDLDKNIHTPVSRPNRGFFYRLFRRGGCLTMVPSEKEVEPKQC","YACK","YRD","DLG",146,"AGC Ser/Thr","SerineThreonine",1,1,1,990,">ENSP00000381129.4","ENST00000398052.7","ENSG00000125388.18","OTTHUMG00000159914.4","OTTHUMT00000358176.2","GPRK4","GRK4",NA,"GPRK4","SK156","",1,1,1,TRUE,1,1,1,213,216,310,NA,NA,330,NA,NA,330,331,332,310,311,312,317,"N",296,297,298,299,300,301,302,303,304,305,306,307,308,309,310,311,312,"L","C","C","G","L","E","D","L","Q","R","E","R","I","V","Y","R","D",304,"Q",342,402,"RVRGRVGTVGYMAPEVVNNEKYTFSPDWWGLGCLIYEMIQGHSPFKKYKEKVKWEEVDQRI",1,13,354,1,14,354,1,7,354,0,NA,NA,0,NA,NA,1,13,354,0,NA,NA,0,NA,NA,1,7,354,0,NA,NA,1,7,354,1,11,354,0,NA,NA,354,354,354,354,354,354,354,354,354,354,354,354,354,354,354,354,354,354,354,354,354,354,354,340,341,342,343,344,345,346,347,348,349,350,351,352,353,354,355,356,"G","Q","R","V","R","G","R","V","G","T","V","G","Y","M","A","P","E","A P E","P E",348,"G",356,171,212,"FLQWKWLERQPVTKNTFRHYRVLGKGGFGEVCACQVRATGKM",1,24,194,1,24,194,0,NA,NA,1,26,194,0,NA,NA,0,NA,NA,0,NA,NA,1,24,192,1,24,194,2,24,194,0,NA,NA,1,26,194,194,194,194,194,194,194,194,194,194,194,194,194,194,194,194,194,194,194,194,194,194,"GKGGFG","G","K","G","G","F","G",194,195,196,197,198,199,"G G G","GKGGFGEVCACQVRATGKMYACKKLQKKRIKKRKGEAMALNEKRILEKVQSRFVVSLAYAYETKDALCLVLTIMNGGDLKFHIYNLGNPGFDEQRAVFYAAELCCGLEDLQRERIVYRDLKPENILLDDRGHIRISDLGLATEIPEGQRVRGRVGTVGYMAPE",221,246,"KRIKKRKGEAMALNEKRILEKVQSRF",2,9,229,1,15,235,0,NA,NA,0,NA,NA,0,NA,NA,229,229,229,229,229,229,229,"E","GRK4_214_BICR18_UPPER_AERODIGESTIVE_TRACT_A"
"35","HIPK1","217","A","1","114483655","114483655","+","Missense_Mutation","SNP","HEC108_ENDOMETRIUM","c.650C>T","c.(649-651)GCT>GTT","p.A217V","","","","V","HIPK1-001",1210,"MASQLQVFSPPSVSSSAFCSAKKLKIEPSGWDVSGQSSNDKYYTHSKTLPATQGQANSSHQVANFNIPAYDQGLLLPAPAVEHIVVTAADSSGSAATSTFQSSQTLTHRSNVSLLEPYQKCGLKRKSEEVDSNGSVQIIEEHPPLMLQNRTVVGAAATTTTVTTKSSSSSGEGDYQLVQHEILCSMTNSYEVLEFLGRGTFGQVAKCWKRSTKEIVAIKILKNHPSYARQGQIEVSILSRLSSENADEYNFVRSYECFQHKNHTCLVFEMLEQNLYDFLKQNKFSPLPLKYIRPILQQVATALMKLKSLGLIHADLKPENIMLVDPVRQPYRVKVIDFGSASHVSKAVCSTYLQSRYYRAPEIILGLPFCEAIDMWSLGCVIAELFLGWPLYPGASEYDQIRYISQTQGLPAEYLLSAGTKTTRFFNRDPNLGYPLWRLKTPEEHELETGIKSKEARKYIFNCLDDMAQVNMSTDLEGTDMLAEKADRREYIDLLKKMLTIDADKRITPLKTLNHQFVTMTHLLDFPHSNHVKSCFQNMEICKRRVHMYDTVSQIKSPFTTHVAPNTSTNLTMSFSNQLNTVHNQASVLASSSTAAAATLSLANSDVSLLNYQSALYPSSAAPVPGVAQQGVSLQPGTTQICTQTDPFQQTFIVCPPAFQTGLQATTKHSGFPVRMDNAVPIVPQAPAAQPLQIQSGVLTQGSCTPLMVATLHPQVATITPQYAVPFTLSCAAGRPALVEQTAAVLQAWPGGTQQILLPSTWQQLPGVALHNSVQPTAMIPEAMGSGQQLADWRNAHSHGNQYSTIMQQPSLLTNHVTLATAQPLNVGVAHVVRQQQSSSLPSKKNKQSAPVSSKSSLDVLPSQVYSLVGSSPLRTTSSYNSLVPVQDQHQPIIIPDTPSPPVSVITIRSDTDEEEDNKYKPSSSGLKPRSNVISYVTVNDSPDSDSSLSSPYSTDTLSALRGNSGSVLEGPGRVVADGTGTRTIIVPPLKTQLGDCTVATQASGLLSNKTKPVASVSGQSSGCCITPTGYRAQRGGTSAAQPLNLSQNQQSSAAPTSQERSSNPAPRRQQAFVAPLSQAPYTFQHGSPLHSTGHPHLAPAPAHLPSQAHLYTYAAPTSAAALGSTSSIAHLFSPQGSSRHAAAYTTHPSTLVHQVPVSVGPSLLTSASVAPAQYQHQFATQSYIGSSRGSTIYTGYPLSPTKISQYSYL","VAIK","HAD","DFG",153,"CMGC Ser/Thr","SerineThreonine",1,1,1,1030,">ENSP00000358571.1","ENST00000369558.4","ENSG00000163349.20","OTTHUMG00000011983.5","OTTHUMT00000033127.1","HIPK1","HIPK1",NA,"HIPK1","SK169","",1,1,1,TRUE,1,1,1,216,219,313,NA,NA,337,NA,NA,337,338,339,313,314,315,320,"N",299,300,301,302,303,304,305,306,307,308,309,310,311,312,313,314,315,"V","A","T","A","L","M","K","L","K","S","L","G","L","I","H","A","D",307,"K",349,409,"CSTYLQSRYYRAPEIILGLPFCEAIDMWSLGCVIAELFLGWPLYPGASEYDQIRYISQTQG",1,12,360,1,13,360,0,NA,NA,0,NA,NA,0,NA,NA,2,12,360,0,NA,NA,0,NA,NA,0,NA,NA,0,NA,NA,0,NA,NA,1,10,360,0,NA,NA,360,360,360,360,360,360,360,360,360,360,360,360,360,360,360,360,360,360,360,360,360,360,360,346,347,348,349,350,351,352,353,354,355,356,357,358,359,360,361,362,"K","A","V","C","S","T","Y","L","Q","S","R","Y","Y","R","A","P","E","A P E","P E",354,"Q",362,174,215,"DYQLVQHEILCSMTNSYEVLEFLGRGTFGQVAKCWKRSTKEI",1,24,197,1,24,197,0,NA,NA,1,26,197,0,NA,NA,0,NA,NA,0,NA,NA,1,26,197,1,24,197,1,24,197,0,NA,NA,0,NA,NA,197,197,197,197,197,197,197,197,197,197,197,197,197,197,197,197,197,197,197,197,197,"GRGTFG","G","R","G","T","F","G",197,198,199,200,201,202,"G G G","GRGTFGQVAKCWKRSTKEIVAIKILKNHPSYARQGQIEVSILSRLSSENADEYNFVRSYECFQHKNHTCLVFEMLEQNLYDFLKQNKFSPLPLKYIRPILQQVATALMKLKSLGLIHADLKPENIMLVDPVRQPYRVKVIDFGSASHVSKAVCSTYLQSRYYRAPE",224,249,"HPSYARQGQIEVSILSRLSSENADEY",1,11,234,1,11,234,0,NA,NA,0,NA,NA,1,7,234,234,234,234,234,234,234,234,"E","HIPK1_217_HEC108_ENDOMETRIUM_A"
"41","JAK1","906","A","1","65305411","65305411","+","Missense_Mutation","SNP","SNU1040_LARGE_INTESTINE","c.2717C>T","c.(2716-2718)GCT>GTT","p.A906V","","","","V","JAK1-001",1154,"MQYLNIKEDCNAMAFCAKMRSSKKTEVNLEAPEPGVEVIFYLSDREPLRLGSGEYTAEELCIRAAQACRISPLCHNLFALYDENTKLWYAPNRTITVDDKMSLRLHYRMRFYFTNWHGTNDNEQSVWRHSPKKQKNGYEKKKIPDATPLLDASSLEYLFAQGQYDLVKCLAPIRDPKTEQDGHDIENECLGMAVLAISHYAMMKKMQLPELPKDISYKRYIPETLNKSIRQRNLLTRMRINNVFKDFLKEFNNKTICDSSVSTHDLKVKYLATLETLTKHYGAEIFETSMLLISSENEMNWFHSNDGGNVLYYEVMVTGNLGIQWRHKPNVVSVEKEKNKLKRKKLENKHKKDEEKNKIREEWNNFSYFPEITHIVIKESVVSINKQDNKKMELKLSSHEEALSFVSLVDGYFRLTADAHHYLCTDVAPPLIVHNIQNGCHGPICTEYAINKLRQEGSEEGMYVLRWSCTDFDNILMTVTCFEKSEQVQGAQKQFKNFQIEVQKGRYSLHGSDRSFPSLGDLMSHLKKQILRTDNISFMLKRCCQPKPREISNLLVATKKAQEWQPVYPMSQLSFDRILKKDLVQGEHLGRGTRTHIYSGTLMDYKDDEGTSEEKKIKVILKVLDPSHRDISLAFFEAASMMRQVSHKHIVYLYGVCVRDVENIMVEEFVEGGPLDLFMHRKSDVLTTPWKFKVAKQLASALSYLEDKDLVHGNVCTKNLLLAREGIDSECGPFIKLSDPGIPITVLSRQECIERIPWIAPECVEDSKNLSVAADKWSFGTTLWEICYNGEIPLKDKTLIEKERFYESRCRPVTPSCKELADLMTRCMNYDPNQRPFFRAIMRDINKLEEQNPDIVSEKKPATEVDPTHFEKRFLKRIRDLGEGHFGKVELCRYDPEGDNTGEQVAVKSLKPESGGNHIADLKKEIEILRNLYHENIVKYKGICTEDGGNGIKLIMEFLPSGSLKEYLPKNKNKINLKQQLKYAVQICKGMDYLGSRQYVHRDLAARNVLVESEHQVKIGDFGLTKAIETDKEYYTVKDDRDSPVFWYAPECLMQSKFYIASDVWSFGVTLHELLTYCDSDSSPMALFLKMIGPTHGQMTVTRLVNTLKEGKRLPCPPNCPDEVYQLMRKCWEFQPSNRTSFQNLIEGFEALLK","VAVK","HRD","DFG",168,"Tyr Kinase","Tyrosine",1,2,1,1107,">ENSP00000343204.4","ENST00000342505.4","ENSG00000162434.10","OTTHUMG00000009310.1","OTTHUMT00000025791.1","JAK1","JAK1",NA,"JAK1","SK185","",1,2,1,TRUE,1,2,1,905,908,628,1001,NA,1021,NA,NA,1021,1022,1023,1001,1002,1003,1008,"N",987,988,989,990,991,992,993,994,995,996,997,998,999,1000,1001,1002,1003,"I","C","K","G","M","D","Y","L","G","S","R","Q","Y","V","H","R","D",995,"G",1033,1093,"EYYTVKDDRDSPVFWYAPECLMQSKFYIASDVWSFGVTLHELLTYCDSDSSPMALFLKMIG",1,17,1049,1,18,1049,0,NA,NA,0,NA,NA,0,NA,NA,1,17,1049,0,NA,NA,0,NA,NA,0,NA,NA,0,NA,NA,0,NA,NA,0,NA,NA,0,NA,NA,1049,1049,1049,1049,1049,1049,1049,1049,1049,1049,1049,1049,1049,1049,1049,1049,1049,1049,1049,1049,1049,1049,1049,1035,1036,1037,1038,1039,1040,1041,1042,1043,1044,1045,1046,1047,1048,1049,1050,1051,"Y","T","V","K","D","D","R","D","S","P","V","F","W","Y","A","P","E","A P E","P E",1043,"S",1051,863,904,"TEVDPTHFEKRFLKRIRDLGEGHFGKVELCRYDPEGDNTGEQ",1,20,882,1,20,882,0,NA,NA,1,22,882,0,NA,NA,0,NA,NA,0,NA,NA,1,22,882,1,20,882,1,20,882,0,NA,NA,0,NA,NA,882,882,882,882,882,882,882,882,882,882,882,882,882,882,882,882,882,882,882,882,882,"GEGHFG","G","E","G","H","F","G",882,883,884,885,886,887,"G G G","GEGHFGKVELCRYDPEGDNTGEQVAVKSLKPESGGNHIADLKKEIEILRNLYHENIVKYKGICTEDGGNGIKLIMEFLPSGSLKEYLPKNKNKINLKQQLKYAVQICKGMDYLGSRQYVHRDLAARNVLVESEHQVKIGDFGLTKAIETDKEYYTVKDDRDSPVFWYAPE",913,938,"ESGGNHIADLKKEIEILRNLYHENIV",1,13,925,1,13,925,0,NA,NA,0,NA,NA,0,NA,NA,925,925,925,925,925,925,925,"E","JAK1_906_SNU1040_LARGE_INTESTINE_A"
"42","MAP3K14","427","A","17","43362190","43362190","+","Missense_Mutation","SNP","IGROV1_OVARY","c.1279G>A","c.(1279-1281)GCT>ACT","p.A427T","","","","T","MAP3K14-201",947,"MAVMEMACPGAPGSAVGQQKELPKAKEKTPPLGKKQSSVYKLEAVEKSPVFCGKWEILNDVITKGTAKEGSEAGPAAISIIAQAECENSQEFSPTFSERIFIAGSKQYSQSESLDQIPNNVAHATEGKMARVCWKGKRRSKARKKRKKKSSKSLAHAGVALAKPLPRTPEQESCTIPVQEDESPLGAPYVRNTPQFTKPLKEPGLGQLCFKQLGEGLRPALPRSELHKLISPLQCLNHVWKLHHPQDGGPLPLPTHPFPYSRLPHPFPFHPLQPWKPHPLESFLGKLACVDSQKPLPDPHLSKLACVDSPKPLPGPHLEPSCLSRGAHEKFSVEEYLVHALQGSVSSGQAHSLTSLAKTWAARGSRSREPSPKTEDNEGVLLTEKLKPVDYEYREEVHWATHQLRLGRGSFGEVHRMEDKQTGFQCAVKKVRLEVFRAEELMACAGLTSPRIVPLYGAVREGPWVNIFMELLEGGSLGQLVKEQGCLPEDRALYYLGQALEGLEYLHSRRILHGDVKADNVLLSSDGSHAALCDFGHAVCLQPDGLGKSLLTGDYIPGTETHMAPEVVLGRSCDAKVDVWSSCCMMLHMLNGCHPWTQFFRGPLCLKIASEPPPVREIPPSCAPLTAQAIQEGLRKEPIHRVSAAELGGKVNRALQQVGGLKSPWRGEYKEPRHPPPNQANYHQTLHAQPRELSPRAPGPRPAEETTGRAPKLQPPLPPEPPEPNKSPPLTLSKEESGMWEPLPLSSLEPAPARNPSSPERKATVPEQELQQLEIELFLNSLSQPFSLEEQEQILSCLSIDSLSLSDDSEKNPSKASQSSRDTLSSGVHSWSSQAEARSSSWNMVLARGRPTDTPSYFNGVKVQIQSLNGEHLHIREFHRVKVGDIATGISSQIPAAAFSLVTKDGQPVRYDMEVPDSGIDLQCTLAPDGSFAWSWRVKHGQLENRP","CAVK","HGD","DFG",199,"STE Ser/Thr","SerineThreonine",1,1,1,1247,">ENSP00000482657.1","ENST00000376926.7","ENSG00000006062.12","OTTHUMG00000180364.5","-","NIK","MAP3K14",NA,"NIK","SK253","",1,1,1,TRUE,1,1,1,426,429,513,NA,NA,534,NA,NA,534,535,536,513,514,515,520,"N",499,500,501,502,503,504,505,506,507,508,509,510,511,512,513,514,515,"A","L","E","G","L","E","Y","L","H","S","R","R","I","L","H","G","D",507,"H",546,606,"LGKSLLTGDYIPGTETHMAPEVVLGRSCDAKVDVWSSCCMMLHMLNGCHPWTQFFRGPLCL",1,19,564,1,20,564,1,13,564,0,NA,NA,0,NA,NA,1,19,564,0,NA,NA,0,NA,NA,0,NA,NA,0,NA,NA,1,13,564,0,NA,NA,0,NA,NA,564,564,564,564,564,564,564,564,564,564,564,564,564,564,564,564,564,564,564,564,564,564,564,550,551,552,553,554,555,556,557,558,559,560,561,562,563,564,565,566,"L","L","T","G","D","Y","I","P","G","T","E","T","H","M","A","P","E","A P E","P E",558,"G",566,384,425,"EKLKPVDYEYREEVHWATHQLRLGRGSFGEVHRMEDKQTGFQ",1,24,407,1,24,407,0,NA,NA,1,26,407,0,NA,NA,0,NA,NA,0,NA,NA,1,26,407,1,24,407,1,24,407,0,NA,NA,0,NA,NA,407,407,407,407,407,407,407,407,407,407,407,407,407,407,407,407,407,407,407,407,407,"GRGSFG","G","R","G","S","F","G",407,408,409,410,411,412,"G G G","GRGSFGEVHRMEDKQTGFQCAVKKVRLEVFRAEELMACAGLTSPRIVPLYGAVREGPWVNIFMELLEGGSLGQLVKEQGCLPEDRALYYLGQALEGLEYLHSRRILHGDVKADNVLLSSDGSHAALCDFGHAVCLQPDGLGKSLLTGDYIPGTETHMAPE",434,459,"EVFRAEELMACAGLTSPRIVPLYGAV",0,NA,NA,0,NA,NA,0,NA,NA,0,NA,NA,0,NA,NA,NA,NA,NA,NA,NA,NA,NA,NA,"MAP3K14_427_IGROV1_OVARY_A"
"44","MAPKAPK5","49","A","12","112303995","112303995","+","Missense_Mutation","SNP","HCT15_LARGE_INTESTINE","c.146C>T","c.(145-147)GCG>GTG","p.A49V","","","","V","MAPKAPK5-002",473,"MSEESDMDKAIKETSILEEYSINWTQKLGAGISGPVRVCVKKSTQERFALKILLDRPKARNEVRLHMMCATHPNIVQIIEVFANSVQFPHESSPRARLLIVMEMMEGGELFHRISQHRHFTEKQASQVTKQIALALRHCHLLNIAHRDLKPENLLFKDNSLDAPVKLCDFGFAKIDQGDLMTPQFTPYYVAPQVLEAQRRHQKEKSGIIPTSPTPYTYNKSCDLWSLGVIIYVMLCGYPPFYSKHHSRTIPKDMRRKIMTGSFEFPEEEWSQISEMAKDVVRKLLKVKPEERLTIEGVLDHPWLNSTEALDNVLPSAQLMMDKAVVAGIQQAHAEQLANMRIQDLKVSLKPLHSVNNPILRKRKLLGTKPKDSVYIHDHENGAEDSNVALEKLRDVIAQCILPQAGKGENEDEKLNEVMQEAWKYNRECKLLRDTLQSFSWNGRGFTDKVDRLKLAEIVKQVIEEQTTSHESQ","FALK","HRD","DFG",230,"CAMK Ser/Thr","SerineThreonine",1,1,1,1444,">ENSP00000449381.2","ENST00000551404.5","ENSG00000089022.12","OTTHUMG00000169605.5","OTTHUMT00000405019.2","MAPKAPK5","MAPKAPK5",NA,"MAPKAPK5","SK214","",1,1,1,TRUE,1,1,1,48,51,146,NA,NA,169,NA,NA,169,170,171,146,147,148,153,"N",132,133,134,135,136,137,138,139,140,141,142,143,144,145,146,147,148,"I","A","L","A","L","R","H","C","H","L","L","N","I","A","H","R","D",140,"H",181,241,"MTPQFTPYYVAPQVLEAQRRHQKEKSGIIPTSPTPYTYNKSCDLWSLGVIIYVMLCGYPPF",0,NA,NA,0,NA,NA,0,NA,NA,0,NA,NA,0,NA,NA,0,NA,NA,0,NA,NA,0,NA,NA,0,NA,NA,0,NA,NA,0,NA,NA,1,9,191,0,NA,NA,NA,NA,NA,NA,NA,NA,NA,NA,NA,NA,NA,NA,NA,NA,NA,NA,NA,NA,NA,NA,NA,NA,191,177,178,179,180,181,182,183,184,185,186,187,188,189,190,191,192,193,"Q","G","D","L","M","T","P","Q","F","T","P","Y","Y","V","A","P","Q","A P Q","P Q",185,"F",193,6,47,"DMDKAIKETSILEEYSINWTQKLGAGISGPVRVCVKKSTQER",1,24,29,0,NA,NA,0,NA,NA,0,NA,NA,0,NA,NA,0,NA,NA,0,NA,NA,1,26,29,1,24,29,1,24,29,0,NA,NA,0,NA,NA,29,29,29,29,29,29,29,29,29,29,29,29,29,29,29,29,29,29,29,29,29,"GAGISG","G","A","G","I","S","G",29,30,31,32,33,34,"G G G","GAGISGPVRVCVKKSTQERFALKILLDRPKARNEVRLHMMCATHPNIVQIIEVFANSVQFPHESSPRARLLIVMEMMEGGELFHRISQHRHFTEKQASQVTKQIALALRHCHLLNIAHRDLKPENLLFKDNSLDAPVKLCDFGFAKIDQGDLMTPQFTPYYVAPQ",56,81,"RPKARNEVRLHMMCATHPNIVQIIEV",0,NA,NA,0,NA,NA,0,NA,NA,1,7,62,0,NA,NA,NA,NA,NA,NA,62,62,62,"E","MAPKAPK5_49_HCT15_LARGE_INTESTINE_A"
"46","NTRK2","586","A","9","87549200","87549200","+","Missense_Mutation","SNP","NCIH69_LUNG","c.1757C>T","c.(1756-1758)GCA>GTA","p.A586V","","","","V","NTRK2-202",838,"MSSWIRWHGPAMARLWGFCWLVVGFWRAAFACPTSCKCSASRIWCSDPSPGIVAFPRLEPNSVDPENITEIFIANQKRLEIINEDDVEAYVGLRNLTIVDSGLKFVAHKAFLKNSNLQHINFTRNKLTSLSRKHFRHLDLSELILVGNPFTCSCDIMWIKTLQEAKSSPDTQDLYCLNESSKNIPLANLQIPNCGLPSANLAAPNLTVEEGKSITLSCSVAGDPVPNMYWDVGNLVSKHMNETSHTQGSLRITNISSDDSGKQISCVAENLVGEDQDSVNLTVHFAPTITFLESPTSDHHWCIPFTVKGNPKPALQWFYNGAILNESKYICTKIHVTNHTEYHGCLQLDNPTHMNNGDYTLIAKNEYGKDEKQISAHFMGWPGIDDGANPNYPDVIYEDYGTAANDIGDTTNRSNEIPSTDVTDKTGREHLSVYAVVVIASVVGFCLLVMLFLLKLARHSKFGMKDFSWFGFGKVKSRQGVGPASVISNDDDSASPLHHISNGSNTPSSSEGGPDAVIIGMTKIPVIENPQYFGITNSQLKPDTFVQHIKRHNIVLKRELGEGAFGKVFLAECYNLCPEQDKILVAVKTLKDASDNARKDFHREAELLTNLQHEHIVKFYGVCVEGDPLIMVFEYMKHGDLNKFLRAHGPDAVLMAEGNPPTELTQSQMLHIAQQIAAGMVYLASQHFVHRDLATRNCLVGENLLVKIGDFGMSRDVYSTDYYRVGGHTMLPIRWMPPESIMYRKFTTESDVWSLGVVLWEIFTYGKQPWYQLSNNEVIECITQGRVLQRPRTCPQEVYELMLGCWQREPHMRKNIKGIHTLLQNLAKASPVYLDILG","VAVK","HRD","DFG",273,"Tyr Kinase","Tyrosine",1,1,1,1748,">ENSP00000365387.1","ENST00000376214.4","ENSG00000148053.14","OTTHUMG00000020120.2","-","TRKB","NTRK2",NA,"TRKB","SK378","",1,1,1,TRUE,1,1,1,585,588,690,NA,NA,710,NA,NA,710,711,712,690,691,692,697,"N",676,677,678,679,680,681,682,683,684,685,686,687,688,689,690,691,692,"I","A","A","G","M","V","Y","L","A","S","Q","H","F","V","H","R","D",684,"A",722,782,"YYRVGGHTMLPIRWMPPESIMYRKFTTESDVWSLGVVLWEIFTYGKQPWYQLSNNEVIECI",0,NA,NA,1,17,737,0,NA,NA,0,NA,NA,0,NA,NA,0,NA,NA,0,NA,NA,0,NA,NA,0,NA,NA,1,11,737,0,NA,NA,0,NA,NA,0,NA,NA,NA,NA,NA,NA,737,737,737,737,737,737,737,737,737,737,737,737,737,737,737,737,737,737,737,723,724,725,726,727,728,729,730,731,732,733,734,735,736,737,738,739,"Y","R","V","G","G","H","T","M","L","P","I","R","W","M","P","P","E","P P E","P E",727,"G",739,543,584,"DTFVQHIKRHNIVLKRELGEGAFGKVFLAECYNLCPEQDKIL",1,19,561,1,19,561,0,NA,NA,1,21,561,0,NA,NA,0,NA,NA,0,NA,NA,1,21,561,1,19,561,1,19,561,0,NA,NA,0,NA,NA,561,561,561,561,561,561,561,561,561,561,561,561,561,561,561,561,561,561,561,561,561,"GEGAFG","G","E","G","A","F","G",561,562,563,564,565,566,"G G G","GEGAFGKVFLAECYNLCPEQDKILVAVKTLKDASDNARKDFHREAELLTNLQHEHIVKFYGVCVEGDPLIMVFEYMKHGDLNKFLRAHGPDAVLMAEGNPPTELTQSQMLHIAQQIAAGMVYLASQHFVHRDLATRNCLVGENLLVKIGDFGMSRDVYSTDYYRVGGHTMLPIRWMPPE",593,618,"ASDNARKDFHREAELLTNLQHEHIVK",1,12,604,0,NA,NA,0,NA,NA,1,12,604,0,NA,NA,604,604,604,604,604,604,604,"E","NTRK2_586_NCIH69_LUNG_A"
"48","PRKCG","378","A","19","54401733","54401733","+","Missense_Mutation","SNP","RL952_ENDOMETRIUM","c.1132G>A","c.(1132-1134)GCC>ACC","p.A378T","","","","T","PRKCG-001",697,"MAGLGPGVGDSEGGPRPLFCRKGALRQKVVHEVKSHKFTARFFKQPTFCSHCTDFIWGIGKQGLQCQVCSFVVHRRCHEFVTFECPGAGKGPQTDDPRNKHKFRLHSYSSPTFCDHCGSLLYGLVHQGMKCSCCEMNVHRRCVRSVPSLCGVDHTERRGRLQLEIRAPTADEIHVTVGEARNLIPMDPNGLSDPYVKLKLIPDPRNLTKQKTRTVKATLNPVWNETFVFNLKPGDVERRLSVEVWDWDRTSRNDFMGAMSFGVSELLKAPVDGWYKLLNQEEGEYYNVPVADADNCSLLQKFEACNYPLELYERVRMGPSSSPIPSPSPSPTDPKRCFFGASPGRLHISDFSFLMVLGKGSFGKVMLAERRGSDELYAIKILKKDVIVQDDDVDCTLVEKRVLALGGRGPGGRPHFLTQLHSTFQTPDRLYFVMEYVTGGDLMYHIQQLGKFKEPHAAFYAAEIAIGLFFLHNQGIIYRDLKLDNVMLDAEGHIKITDFGMCKENVFPGTTTRTFCGTPDYIAPEIIAYQPYGKSVDWWSFGVLLYEMLAGQPPFDGEDEEELFQAIMEQTVTYPKSLSREAVAICKGFLTKHPGKRLGSGPDGEPTIRAHGFFRWIDWERLERLEIPPPFRPRPCGRSGENFDKFFTRAAPALTPPDRLVLASIDQADFQGFTYVNPDFVHPDARSPTSPVPVPVM","YAIK","YRD","DFG",317,"AGC Ser/Thr","SerineThreonine",1,1,1,2004,">ENSP00000263431.3","ENST00000263431.3","ENSG00000126583.9","OTTHUMG00000064846.7","OTTHUMT00000139233.3","PKCg","PRKCG",NA,"PKCg","SK307","",1,1,1,TRUE,1,1,1,377,380,478,NA,NA,498,NA,NA,498,499,500,478,479,480,485,"N",464,465,466,467,468,469,470,471,472,473,474,475,476,477,478,479,480,"I","A","I","G","L","F","F","L","H","N","Q","G","I","I","Y","R","D",472,"H",510,570,"TTTRTFCGTPDYIAPEIIAYQPYGKSVDWWSFGVLLYEMLAGQPPFDGEDEEELFQAIMEQ",1,14,523,1,15,523,1,8,523,0,NA,NA,0,NA,NA,1,14,523,0,NA,NA,0,NA,NA,1,8,523,0,NA,NA,1,8,523,1,12,523,0,NA,NA,523,523,523,523,523,523,523,523,523,523,523,523,523,523,523,523,523,523,523,523,523,523,523,509,510,511,512,513,514,515,516,517,518,519,520,521,522,523,524,525,"G","T","T","T","R","T","F","C","G","T","P","D","Y","I","A","P","E","A P E","P E",517,"G",525,335,376,"KRCFFGASPGRLHISDFSFLMVLGKGSFGKVMLAERRGSDEL",1,24,358,1,24,358,0,NA,NA,1,26,358,0,NA,NA,0,NA,NA,0,NA,NA,1,26,358,1,24,358,1,24,358,0,NA,NA,0,NA,NA,358,358,358,358,358,358,358,358,358,358,358,358,358,358,358,358,358,358,358,358,358,"GKGSFG","G","K","G","S","F","G",358,359,360,361,362,363,"G G G","GKGSFGKVMLAERRGSDELYAIKILKKDVIVQDDDVDCTLVEKRVLALGGRGPGGRPHFLTQLHSTFQTPDRLYFVMEYVTGGDLMYHIQQLGKFKEPHAAFYAAEIAIGLFFLHNQGIIYRDLKLDNVMLDAEGHIKITDFGMCKENVFPGTTTRTFCGTPDYIAPE",385,410,"DVIVQDDDVDCTLVEKRVLALGGRGP",1,15,399,0,NA,NA,0,NA,NA,0,NA,NA,0,NA,NA,399,399,399,399,399,399,399,"E","PRKCG_378_RL952_ENDOMETRIUM_A"
"49","PRKCG","378","A","19","54401734","54401734","+","Missense_Mutation","SNP","HCT116_LARGE_INTESTINE","c.1133C>T","c.(1132-1134)GCC>GTC","p.A378V","","","","V","PRKCG-001",697,"MAGLGPGVGDSEGGPRPLFCRKGALRQKVVHEVKSHKFTARFFKQPTFCSHCTDFIWGIGKQGLQCQVCSFVVHRRCHEFVTFECPGAGKGPQTDDPRNKHKFRLHSYSSPTFCDHCGSLLYGLVHQGMKCSCCEMNVHRRCVRSVPSLCGVDHTERRGRLQLEIRAPTADEIHVTVGEARNLIPMDPNGLSDPYVKLKLIPDPRNLTKQKTRTVKATLNPVWNETFVFNLKPGDVERRLSVEVWDWDRTSRNDFMGAMSFGVSELLKAPVDGWYKLLNQEEGEYYNVPVADADNCSLLQKFEACNYPLELYERVRMGPSSSPIPSPSPSPTDPKRCFFGASPGRLHISDFSFLMVLGKGSFGKVMLAERRGSDELYAIKILKKDVIVQDDDVDCTLVEKRVLALGGRGPGGRPHFLTQLHSTFQTPDRLYFVMEYVTGGDLMYHIQQLGKFKEPHAAFYAAEIAIGLFFLHNQGIIYRDLKLDNVMLDAEGHIKITDFGMCKENVFPGTTTRTFCGTPDYIAPEIIAYQPYGKSVDWWSFGVLLYEMLAGQPPFDGEDEEELFQAIMEQTVTYPKSLSREAVAICKGFLTKHPGKRLGSGPDGEPTIRAHGFFRWIDWERLERLEIPPPFRPRPCGRSGENFDKFFTRAAPALTPPDRLVLASIDQADFQGFTYVNPDFVHPDARSPTSPVPVPVM","YAIK","YRD","DFG",317,"AGC Ser/Thr","SerineThreonine",1,1,1,2004,">ENSP00000263431.3","ENST00000263431.3","ENSG00000126583.9","OTTHUMG00000064846.7","OTTHUMT00000139233.3","PKCg","PRKCG",NA,"PKCg","SK307","",1,1,1,TRUE,1,1,1,377,380,478,NA,NA,498,NA,NA,498,499,500,478,479,480,485,"N",464,465,466,467,468,469,470,471,472,473,474,475,476,477,478,479,480,"I","A","I","G","L","F","F","L","H","N","Q","G","I","I","Y","R","D",472,"H",510,570,"TTTRTFCGTPDYIAPEIIAYQPYGKSVDWWSFGVLLYEMLAGQPPFDGEDEEELFQAIMEQ",1,14,523,1,15,523,1,8,523,0,NA,NA,0,NA,NA,1,14,523,0,NA,NA,0,NA,NA,1,8,523,0,NA,NA,1,8,523,1,12,523,0,NA,NA,523,523,523,523,523,523,523,523,523,523,523,523,523,523,523,523,523,523,523,523,523,523,523,509,510,511,512,513,514,515,516,517,518,519,520,521,522,523,524,525,"G","T","T","T","R","T","F","C","G","T","P","D","Y","I","A","P","E","A P E","P E",517,"G",525,335,376,"KRCFFGASPGRLHISDFSFLMVLGKGSFGKVMLAERRGSDEL",1,24,358,1,24,358,0,NA,NA,1,26,358,0,NA,NA,0,NA,NA,0,NA,NA,1,26,358,1,24,358,1,24,358,0,NA,NA,0,NA,NA,358,358,358,358,358,358,358,358,358,358,358,358,358,358,358,358,358,358,358,358,358,"GKGSFG","G","K","G","S","F","G",358,359,360,361,362,363,"G G G","GKGSFGKVMLAERRGSDELYAIKILKKDVIVQDDDVDCTLVEKRVLALGGRGPGGRPHFLTQLHSTFQTPDRLYFVMEYVTGGDLMYHIQQLGKFKEPHAAFYAAEIAIGLFFLHNQGIIYRDLKLDNVMLDAEGHIKITDFGMCKENVFPGTTTRTFCGTPDYIAPE",385,410,"DVIVQDDDVDCTLVEKRVLALGGRGP",1,15,399,0,NA,NA,0,NA,NA,0,NA,NA,0,NA,NA,399,399,399,399,399,399,399,"E","PRKCG_378_HCT116_LARGE_INTESTINE_A"
"50","RIPK3","48","A","14","24808682","24808682","+","Missense_Mutation","SNP","KYSE150_OESOPHAGUS","c.142G>A","c.(142-144)GCG>ACG","p.A48T","","","","T","RIPK3-002",231,"MSCVKLWPSGAPAPLVSIEELENQELVGKGGFGTVFRAQHRKWGYDVAVKIVNSKAISREVKAMASLDNEFVLRLEGVIEKVNWDQDPKPALVTKFMENGSLSGLLQSQCPRPWPLLCRLLKEVVLGMFYLHDQNPVLLHRDLKPSNVLLDPELHVKLADFGLSTFQGGSQSGTGSGEPGGTLGYLAPELFVNVNRKASTASDVYSFGILMWAVLAGREVECKTLGGFWDP","VAVK","HRD","DFG",338,"TKL Ser/Thr","SerineThreonine",1,1,1,2155,">ENSP00000452328.1","ENST00000554756.1","ENSG00000129465.14","OTTHUMG00000029349.4","OTTHUMT00000414199.1","RIPK3","RIPK3",NA,"RIPK3","SK330","",1,1,1,TRUE,1,1,1,47,50,140,NA,NA,160,NA,NA,160,161,162,140,141,142,147,"N",126,127,128,129,130,131,132,133,134,135,136,137,138,139,140,141,142,"L","G","M","F","Y","L","H","D","Q","N","P","V","L","L","H","R","D",132,"H",172,232,"SGTGSGEPGGTLGYLAPELFVNVNRKASTASDVYSFGILMWAVLAGREVECKTLGGFWDP",1,16,187,1,17,187,1,10,187,0,NA,NA,0,NA,NA,1,16,187,0,NA,NA,0,NA,NA,1,10,187,0,NA,NA,1,10,187,1,14,187,0,NA,NA,187,187,187,187,187,187,187,187,187,187,187,187,187,187,187,187,187,187,187,187,187,187,187,173,174,175,176,177,178,179,180,181,182,183,184,185,186,187,188,189,"G","T","G","S","G","E","P","G","G","T","L","G","Y","L","A","P","E","A P E","P E",181,"G",189,5,46,"KLWPSGAPAPLVSIEELENQELVGKGGFGTVFRAQHRKWGYD",1,24,28,1,24,28,0,NA,NA,1,26,28,0,NA,NA,0,NA,NA,0,NA,NA,1,24,26,1,24,28,2,24,28,0,NA,NA,1,26,28,28,28,28,28,28,28,28,28,28,28,28,28,28,28,28,28,28,28,28,28,28,"GKGGFG","G","K","G","G","F","G",28,29,30,31,32,33,"G G G","GKGGFGTVFRAQHRKWGYDVAVKIVNSKAISREVKAMASLDNEFVLRLEGVIEKVNWDQDPKPALVTKFMENGSLSGLLQSQCPRPWPLLCRLLKEVVLGMFYLHDQNPVLLHRDLKPSNVLLDPELHVKLADFGLSTFQGGSQSGTGSGEPGGTLGYLAPE",55,80,"KAISREVKAMASLDNEFVLRLEGVIE",0,NA,NA,1,22,76,1,6,60,1,16,70,0,NA,NA,76,76,76,76,76,76,76,"E","RIPK3_48_KYSE150_OESOPHAGUS_A"
"52","STK33","143","A","11","8486281","8486281","+","Missense_Mutation","SNP","MFE319_ENDOMETRIUM","c.428C>T","c.(427-429)GCA>GTA","p.A143V","","","","V","STK33-004",514,"MADSGLDKKSTKCPDCSSASQKDVLCVCSSKTRVPPVLVVEMSQTSSIGSAESLISLERKKEKNINRDITSRKDLPSRTSNVERKASQQQWGRGNFTEGKVPHIRIENGAAIEEIYTFGRILGKGSFGIVIEATDKETETKWAIKKVNKEKAGSSAVKLLEREVNILKSVKHEHIIHLEQVFETPKKMYLVMELCEDGELKEILDRKGHFSENETRWIIQSLASAIAYLHNNDIVHRDLKLENIMVKSSLIDDNNEINLNIKVTDFGLAVKKQSRSEAMLQATCGTPIYMAPEVISAHDYSQQCDIWSIGVVMYMLLRGEPPFLASSEEKLFELIRKGELHFENAVWNSISDCAKSVLKQLMKVDPAHRITAKELLDNQWLTGNKLSSVRPTNVLEMMKEWKNNPESVEENTTEEKNKPSTEEKLKSYQPWGNVPDANYTSDEEEEKQSTAYEKQFPATSKDNFDMCSSSFTSSKLLPAEIKGEMEKTPVTPSQGTATKYPAKSGALSRTKKKL","WAIK","HRD","DFG",386,"CAMK Ser/Thr","SerineThreonine",1,1,1,2409,">ENSP00000416750.1","ENST00000447869.4","ENSG00000130413.14","OTTHUMG00000140275.7","OTTHUMT00000276819.2","STK33","STK33",NA,"STK33","SK463","",1,1,1,TRUE,1,1,1,142,145,236,NA,NA,265,NA,NA,265,266,267,236,237,238,243,"N",222,223,224,225,226,227,228,229,230,231,232,233,234,235,236,237,238,"L","A","S","A","I","A","Y","L","H","N","N","D","I","V","H","R","D",230,"H",277,337,"EAMLQATCGTPIYMAPEVISAHDYSQQCDIWSIGVVMYMLLRGEPPFLASSEEKLFELIRK",1,15,291,1,16,291,1,9,291,0,NA,NA,0,NA,NA,1,15,291,0,NA,NA,0,NA,NA,1,9,291,0,NA,NA,1,9,291,1,13,291,0,NA,NA,291,291,291,291,291,291,291,291,291,291,291,291,291,291,291,291,291,291,291,291,291,291,291,277,278,279,280,281,282,283,284,285,286,287,288,289,290,291,292,293,"E","A","M","L","Q","A","T","C","G","T","P","I","Y","M","A","P","E","A P E","P E",285,"G",293,100,141,"KVPHIRIENGAAIEEIYTFGRILGKGSFGIVIEATDKETETK",1,24,123,1,24,123,0,NA,NA,1,26,123,0,NA,NA,0,NA,NA,0,NA,NA,1,26,123,1,24,123,1,24,123,0,NA,NA,0,NA,NA,123,123,123,123,123,123,123,123,123,123,123,123,123,123,123,123,123,123,123,123,123,"GKGSFG","G","K","G","S","F","G",123,124,125,126,127,128,"G G G","GKGSFGIVIEATDKETETKWAIKKVNKEKAGSSAVKLLEREVNILKSVKHEHIIHLEQVFETPKKMYLVMELCEDGELKEILDRKGHFSENETRWIIQSLASAIAYLHNNDIVHRDLKLENIMVKSSLIDDNNEINLNIKVTDFGLAVKKQSRSEAMLQATCGTPIYMAPE",150,175,"EKAGSSAVKLLEREVNILKSVKHEHI",1,14,163,1,14,163,0,NA,NA,0,NA,NA,0,NA,NA,163,163,163,163,163,163,163,"E","STK33_143_MFE319_ENDOMETRIUM_A"
"55","STK39","90","A","2","169038541","169038541","+","Missense_Mutation","SNP","ASPC1_PANCREAS","c.268G>T","c.(268-270)GCA>TCA","p.A90S","","","","S","STK39-001",545,"MAEPSGSPVHVQLPQQAAPVTAAAAAAPAAATAAPAPAAPAAPAPAPAPAAQAVGWPICRDAYELQEVIGSGATAVVQAALCKPRQERVAIKRINLEKCQTSMDELLKEIQAMSQCSHPNVVTYYTSFVVKDELWLVMKLLSGGSMLDIIKYIVNRGEHKNGVLEEAIIATILKEVLEGLDYLHRNGQIHRDLKAGNILLGEDGSVQIADFGVSAFLATGGDVTRNKVRKTFVGTPCWMAPEVMEQVRGYDFKADMWSFGITAIELATGAAPYHKYPPMKVLMLTLQNDPPTLETGVEDKEMMKKYGKSFRKLLSLCLQKDPSKRPTAAELLKCKFFQKAKNREYLIEKLLTRTPDIAQRAKKVRRVPGSSGHLHKTEDGDWEWSDDEMDEKSEEGKAAFSQEKSRRVKEENPEIAVSASTIPEQIQSLSVHDSQGPPNANEDYREASSCAVNLVLRLRNSRKELNDIRFEFTPGRDTADGVSQELFSAGLVDGHDVVIVAANLQKIVDDPKALKTLTFKLASGCDGSEIPDEVKLIGFAQLSVS","VAIK","HRD","DFG",391,"STE Ser/Thr","SerineThreonine",1,1,1,2441,">ENSP00000348278.4","ENST00000355999.4","ENSG00000198648.9","OTTHUMG00000133745.7","OTTHUMT00000258112.2","STLK3","STK39",NA,"STLK3","SK432","",1,1,1,TRUE,1,1,1,89,92,190,NA,NA,210,NA,NA,210,211,212,190,191,192,197,"N",176,177,178,179,180,181,182,183,184,185,186,187,188,189,190,191,192,"V","L","E","G","L","D","Y","L","H","R","N","G","Q","I","H","R","D",184,"H",222,282,"DVTRNKVRKTFVGTPCWMAPEVMEQVRGYDFKADMWSFGITAIELATGAAPYHKYPPMKVL",1,19,240,1,20,240,1,13,240,0,NA,NA,0,NA,NA,2,19,240,0,NA,NA,0,NA,NA,0,NA,NA,0,NA,NA,1,13,240,0,NA,NA,0,NA,NA,240,240,240,240,240,240,240,240,240,240,240,240,240,240,240,240,240,240,240,240,240,240,240,226,227,228,229,230,231,232,233,234,235,236,237,238,239,240,241,242,"N","K","V","R","K","T","F","V","G","T","P","C","W","M","A","P","E","A P E","P E",234,"G",242,47,88,"PAPAAQAVGWPICRDAYELQEVIGSGATAVVQAALCKPRQER",0,NA,NA,0,NA,NA,0,NA,NA,0,NA,NA,1,24,70,0,NA,NA,0,NA,NA,0,NA,NA,0,NA,NA,1,24,70,0,NA,NA,0,NA,NA,NA,NA,NA,NA,NA,NA,70,70,70,70,70,70,70,70,70,70,70,70,70,70,70,"GSGATA","G","S","G","A","T","A",70,71,72,73,74,75,"G G A","GSGATAVVQAALCKPRQERVAIKRINLEKCQTSMDELLKEIQAMSQCSHPNVVTYYTSFVVKDELWLVMKLLSGGSMLDIIKYIVNRGEHKNGVLEEAIIATILKEVLEGLDYLHRNGQIHRDLKAGNILLGEDGSVQIADFGVSAFLATGGDVTRNKVRKTFVGTPCWMAPE",97,122,"EKCQTSMDELLKEIQAMSQCSHPNVV",0,NA,NA,0,NA,NA,1,13,109,0,NA,NA,0,NA,NA,NA,NA,109,109,109,109,109,"E","STK39_90_ASPC1_PANCREAS_A"
"56","TSSK1B","39","A","5","112770421","112770421","+","Missense_Mutation","SNP","SNU1040_LARGE_INTESTINE","c.116C>T","c.(115-117)GCG>GTG","p.A39V","","","","V","TSSK1B-001",367,"MDDAAVLKRRGYLLGINLGEGSYAKVKSAYSERLKFNVAIKIIDRKKAPADFLEKFLPREIEILAMLNHCSIIKTYEIFETSHGKVYIVMELAVQGDLLELIKTRGALHEDEARKKFHQLSLAIKYCHDLDVVHRDLKCDNLLLDKDFNIKLSDFSFSKRCLRDDSGRMALSKTFCGSPAYAAPEVLQGIPYQPKVYDIWSLGVILYIMVCGSMPYDDSNIKKMLRIQKEHRVNFPRSKHLTGECKDLIYHMLQPDVNRRLHIDEILSHCWMQPKARGSPSVAINKEGESSRGTEPLWTPEPGSDKKSATKLEPEGEAQPQAQPETKPEGTAMQMSRQSEILGFPSKPSTMETEEGPPQQPPETRAQ","VAIK","HRD","DFS",412,"CAMK Ser/Thr","SerineThreonine",1,1,1,2559,">ENSP00000375081.3","ENST00000390666.3","ENSG00000212122.3","OTTHUMG00000128835.2","OTTHUMT00000250774.2","TSSK1","TSSK1B",NA,"TSSK1","SK705","TSSK1A is pseudogene",1,1,1,TRUE,1,1,1,38,41,134,NA,NA,154,NA,NA,154,155,156,134,135,136,141,"N",120,121,122,123,124,125,126,127,128,129,130,131,132,133,134,135,136,"L","S","L","A","I","K","Y","C","H","D","L","D","V","V","H","R","D",128,"H",166,226,"SGRMALSKTFCGSPAYAAPEVLQGIPYQPKVYDIWSLGVILYIMVCGSMPYDDSNIKKMLR",1,18,183,1,19,183,0,NA,NA,0,NA,NA,0,NA,NA,1,18,183,0,NA,NA,0,NA,NA,0,NA,NA,0,NA,NA,1,12,183,1,16,183,0,NA,NA,183,183,183,183,183,183,183,183,183,183,183,183,183,183,183,183,183,183,183,183,183,183,183,169,170,171,172,173,174,175,176,177,178,179,180,181,182,183,184,185,"M","A","L","S","K","T","F","C","G","S","P","A","Y","A","A","P","E","A P E","P E",177,"G",185,1,37,"MDDAAVLKRRGYLLGINLGEGSYAKVKSAYSERLKFN",0,NA,NA,0,NA,NA,1,19,19,0,NA,NA,1,19,19,0,NA,NA,0,NA,NA,0,NA,NA,0,NA,NA,1,19,19,0,NA,NA,0,NA,NA,NA,NA,NA,NA,19,19,19,19,19,19,19,19,19,19,19,19,19,19,19,19,19,"GEGSYA","G","E","G","S","Y","A",19,20,21,22,23,24,"G G A","GEGSYAKVKSAYSERLKFNVAIKIIDRKKAPADFLEKFLPREIEILAMLNHCSIIKTYEIFETSHGKVYIVMELAVQGDLLELIKTRGALHEDEARKKFHQLSLAIKYCHDLDVVHRDLKCDNLLLDKDFNIKLSDFSFSKRCLRDDSGRMALSKTFCGSPAYAAPE",46,71,"KKAPADFLEKFLPREIEILAMLNHCS",1,15,60,1,15,60,1,17,62,1,9,54,0,NA,NA,60,60,60,60,60,60,60,"E","TSSK1B_39_SNU1040_LARGE_INTESTINE_A"
"57","ULK3","53","A","15","75134739","75134739","+","Missense_Mutation","SNP","OVK18_OVARY","c.158C>T","c.(157-159)GCC>GTC","p.A53V","","","","V","ULK3-014",483,"MQRNGSASRGLEKTRLRLCREARIPESAFLTGLTRESWEARCWCAKDTREVVAIKCVAKKSLNKASVENLLTEIEILKGIRHPHIVQLKDFQWDSDNIYLIMEFCAGGDLSRFIHTRRILPEKVARVFMQQLASALQFLHERNISHLDLKPQNILLSSLEKPHLKLADFGFAQHMSPWDEKHVLRGSPLYMAPEMVCQRQYDARVDLWSMGVILYEALFGQPPFASRSFSELEEKIRSNRVIELPLRPLLSRDCRDLLQRLLERDPSRRISFQDFFAHPWVDLEHMPSGESLGRATALVVQAVKKDQEGDSAAALSLYCKALDFFVPALHYEVDAQRKEAIKAKVGQYVSRAEELKAIVSSSNQALLRQGTSARDLLREMARDKPRLLAALEVASAAMAKEEAAGGEQDALDLYQHSLGELLLLLAAEPPGRRRELLHTEVQNLMARAEYLKEQVKMRESRWEADTLDKEGLSESVRSSCTLQ","VAIK","HLD","DFG",426,"Other","Other",1,1,1,2625,">ENSP00000457853.1","ENST00000568667.4","ENSG00000140474.11","OTTHUMG00000173020.11","OTTHUMT00000421906.1","ULK3","ULK3",NA,"ULK3","SK450","",1,1,1,TRUE,1,1,1,52,55,146,NA,NA,168,NA,NA,168,169,170,146,147,148,153,"N",132,133,134,135,136,137,138,139,140,141,142,143,144,145,146,147,148,"L","A","S","A","L","Q","F","L","H","E","R","N","I","S","H","L","D",140,"H",180,240,"EKHVLRGSPLYMAPEMVCQRQYDARVDLWSMGVILYEALFGQPPFASRSFSELEEKIRSNR",1,13,192,1,14,192,0,NA,NA,0,NA,NA,0,NA,NA,1,13,192,0,NA,NA,0,NA,NA,0,NA,NA,0,NA,NA,1,7,192,1,11,192,0,NA,NA,192,192,192,192,192,192,192,192,192,192,192,192,192,192,192,192,192,192,192,192,192,192,192,178,179,180,181,182,183,184,185,186,187,188,189,190,191,192,193,194,"W","D","E","K","H","V","L","R","G","S","P","L","Y","M","A","P","E","A P E","P E",186,"G",194,10,51,"GLEKTRLRLCREARIPESAFLTGLTRESWEARCWCAKDTREV",0,NA,NA,0,NA,NA,0,NA,NA,0,NA,NA,0,NA,NA,0,NA,NA,0,NA,NA,0,NA,NA,0,NA,NA,0,NA,NA,0,NA,NA,0,NA,NA,NA,NA,NA,NA,NA,NA,NA,NA,NA,NA,NA,NA,NA,NA,NA,NA,NA,NA,NA,NA,NA,NA,NA,NA,NA,NA,NA,NA,NA,NA,NA,NA,NA,NA,"NA NA NA",NA,60,85,"KSLNKASVENLLTEIEILKGIRHPHI",1,14,73,1,14,73,0,NA,NA,1,9,68,0,NA,NA,73,73,73,73,73,73,73,"E","ULK3_53_OVK18_OVARY_A"
