"","Align_Loc","STK11","MAP2K4","BMPR2","ACVR2A","TSSK1B","STK32A","STK24","CSNK1A1","MAP3K19","NEK5","CSNK1G3","CHEK2","MAP3K1","MAP3K12","RIPK3","DYRK3","NIM1K","LATS1","FER","EPHA5","CSNK2A1","TGFBR2","NEK11","BRSK1","EPHA7","PRKG2","PAK7","AMHR2","GSK3B","CDKL3","merge","dash","A","C","D","E","F","G","H","I","K","L","M","N","P","Q","R","S","T","V","W","Y","total","score"
"1",1,"G","G","G","A","G","G","G","G","G","G","G","G","G","G","G","G","G","G","G","G","G","G","G","G","G","G","G","R","G","G","G,G,G,A,G,G,G,G,G,G,G,G,G,G,G,G,G,G,G,G,G,G,G,G,G,G,G,R,G,G",0,1,0,0,0,0,1,0,0,0,0,0,0,0,0,1,0,0,0,0,0,3,17
"2",2,"E","R","R","R","E","K","K","S","K","Q","C","S","L","S","K","K","S","I","K","A","R","K","S","K","A","V","E","E","N","E","E,R,R,R,E,K,K,S,K,Q,C,S,L,S,K,K,S,I,K,A,R,K,S,K,A,V,E,E,N,E",0,1,1,0,1,0,0,0,1,1,1,0,1,0,1,1,1,0,1,0,0,11,9
"3",3,"G","G","G","G","G","G","G","G","G","G","G","G","G","G","G","G","G","G","G","G","G","G","G","G","G","G","G","G","G","G","G,G,G,G,G,G,G,G,G,G,G,G,G,G,G,G,G,G,G,G,G,G,G,G,G,G,G,G,G,G",0,0,0,0,0,0,1,0,0,0,0,0,0,0,0,0,0,0,0,0,0,1,19
"4",4,"S","A","R","R","S","S","S","S","A","A","N","A","A","A","G","S","N","A","N","E","K","R","S","Q","E","G","S","G","S","S","S,A,R,R,S,S,S,S,A,A,N,A,A,A,G,S,N,A,N,E,K,R,S,Q,E,G,S,G,S,S",0,1,0,0,1,0,1,0,0,1,0,0,1,0,1,1,1,0,0,0,0,8,12
"5",5,"Y","Y","Y","F","Y","F","F","F","Y","F","F","C","F","Q","F","F","F","F","F","F","Y","F","F","T","F","F","T","H","F","Y","Y,Y,Y,F,Y,F,F,F,Y,F,F,C,F,Q,F,F,F,F,F,F,Y,F,F,T,F,F,T,H,F,Y",0,0,1,0,0,1,0,1,0,0,0,0,0,0,1,0,0,1,0,0,1,6,14
"6",6,"G","G","G","G","A","G","G","G","G","G","G","G","S","G","G","G","S","G","G","G","S","A","G","G","G","G","G","A","G","G","G,G,G,G,A,G,G,G,G,G,G,G,S,G,G,G,S,G,G,G,S,A,G,G,G,G,G,A,G,G",0,1,0,0,0,0,1,0,0,0,0,0,0,0,0,0,1,0,0,0,0,3,17
"7",7,"K","S","A","C","K","K","E","D","T","K","E","E","S","A","T","Q","Q","E","E","E","E","E","T","L","E","R","I","V","V","T","K,S,A,C,K,K,E,D,T,K,E,E,S,A,T,Q,Q,E,E,E,E,E,T,L,E,R,I,V,V,T",0,1,1,1,1,0,0,0,1,1,1,0,0,0,1,1,1,1,1,0,0,12,8
"8",8,"V","V","V","V","V","V","V","I","V","A","L","V","C","V","V","V","V","V","V","V","V","V","V","V","V","V","V","V","V","V","V,V,V,V,V,V,V,I,V,A,L,V,C,V,V,V,V,V,V,V,V,V,V,V,V,V,V,V,V,V",0,1,1,0,0,0,0,0,1,0,1,0,0,0,0,0,0,0,1,0,0,5,15
"9",9,"K","N","Y","W","K","C","F","Y","Y","Y","R","K","Y","F","F","A","K","C","Y","C","F","Y","Y","K","C","E","C","W","Y","M","K,N,Y,W,K,C,F,Y,Y,Y,R,K,Y,F,F,A,K,C,Y,C,F,Y,Y,K,C,E,C,W,Y,M",0,1,1,0,1,1,0,0,0,1,0,1,1,0,0,1,0,0,0,1,1,10,10
"10",10,"E","K","K","K","S","I","K","L","C","L","L","L","Q","L","R","R","L","L","K","S","E","K","L","L","S","L","I","A","Q","K","E,K,K,K,S,I,K,L,C,L,L,L,Q,L,R,R,L,L,K,S,E,K,L,L,S,L,I,A,Q,K",0,1,1,0,1,0,0,0,1,1,1,0,0,0,1,1,1,0,0,0,0,9,11
"11",11,"V","M","G","A","A","V","G","A","G","A","G","A","A","G","A","V","G","A","G","G","A","A","V","G","G","V","A","G","A","C","V,M,G,A,A,V,G,A,G,A,G,A,A,G,A,V,G,A,G,G,A,A,V,G,G,V,A,G,A,C",0,1,1,0,0,0,1,0,0,0,0,1,0,0,0,0,0,0,1,0,0,5,15
"12",12,"L","V","S","Q","Y","Q","I","I","L","K","K","F","Q","R","Q","Y","I","R","T","R","I","K","S","V","R","K","T","Q","K","K","L,V,S,Q,Y,Q,I,I,L,K,K,F,Q,R,Q,Y,I,R,T,R,I,K,S,V,R,K,T,Q,K,K",0,0,0,0,0,1,0,0,1,1,1,0,0,0,1,1,1,1,1,0,1,10,10
"13",13,"D","H","L","L","S","K","D","N","T","G","N","E","D","F","H","D","H","K","L","L","N","L","D","H","L","V","E","L","L","H","D,H,L,L,S,K,D,N,T,G,N,E,D,F,H,D,H,K,L,L,N,L,D,H,L,V,E,L,L,H",0,0,0,1,1,1,1,1,0,1,1,0,1,0,0,0,1,1,1,0,0,11,9
"14",14,"S","K","D","L","E","N","N","I","S","K","L","R","V","H","R","H","S","V","K","K","I","K","K","C","K","K","K","Q","C","K","S,K,D,L,E,N,N,I,S,K,L,R,V,H,R,H,S,V,K,K,I,K,K,C,K,K,K,Q,C,K",0,0,1,1,1,0,0,1,1,1,1,0,1,0,1,1,1,0,1,0,0,12,8
"15",15,"E","P","E","N","R","D","R","T",".","S","Y","K","G","G","K","K","L","D","D","L","T","Q",".","I","L","N","H","G","D","N","E,P,E,N,R,D,R,T,.,S,Y,K,G,G,K,K,L,D,D,L,T,Q,.,I,L,N,H,G,D,N",0,0,0,1,1,0,1,1,1,1,1,0,1,1,1,1,1,1,0,0,1,14,6
"16",16,"T","S",".",".","L","T","T","N","Q","D","T","T","T",".","W","L","T","T","K","P","N","N","K","T","P","E","T",".","S","T","T,S,.,.,L,T,T,N,Q,D,T,T,T,.,W,L,T,T,K,P,N,N,K,T,P,E,T,.,S,T",0,0,0,1,1,0,0,0,0,1,1,0,1,1,1,0,1,1,0,1,0,10,10
"17",17,"L","G",".",".","K","K","Q","G","G","S","N","C","G",".","G","R","K","K",".","G","N","T","A","G","G","N","G",".","G","G","L,G,.,.,K,K,Q,G,G,S,N,C,G,.,G,R,K,K,.,G,N,T,A,G,G,N,G,.,G,G",0,1,1,0,0,0,1,0,0,1,1,0,1,0,1,1,1,1,0,0,0,10,10
"18",18,".",".",".",".",".",".",".",".",".",".",".",".",".",".",".",".",".",".",".","K",".","S","K",".","K",".",".",".",".",".",".,.,.,.,.,.,.,.,.,.,.,.,.,.,.,.,.,.,.,K,.,S,K,.,K,.,.,.,.,.",0,0,0,0,0,0,0,0,0,1,0,0,0,0,0,0,1,0,0,0,0,2,18
"19",19,".",".",".",".",".",".",".",".",".",".",".",".",".",".",".",".",".",".",".","R",".","E","R",".","R",".",".",".",".",".",".,.,.,.,.,.,.,.,.,.,.,.,.,.,.,.,.,.,.,R,.,E,R,.,R,.,.,.,.,.",0,0,0,0,1,0,0,0,0,0,0,0,0,0,0,1,0,0,0,0,0,2,18
"20",20,".",".",".",".",".",".",".",".",".",".",".",".",".",".",".",".",".",".",".","E",".","Q","G",".","D",".",".",".",".",".",".,.,.,.,.,.,.,.,.,.,.,.,.,.,.,.,.,.,.,E,.,Q,G,.,D,.,.,.,.,.",0,0,0,1,1,0,1,0,0,0,0,0,0,0,1,0,0,0,0,0,0,4,16
"21",21,".",".",".",".",".",".",".",".",".",".",".",".",".",".",".",".",".",".",".",".",".","F","E",".",".",".",".",".",".",".",".,.,.,.,.,.,.,.,.,.,.,.,.,.,.,.,.,.,.,.,.,F,E,.,.,.,.,.,.,.",0,0,0,0,1,1,0,0,0,0,0,0,0,0,0,0,0,0,0,0,0,2,18
"22",22,"C","Q","R","E","F","K","K","E","Q","K","E","K","T","E","Y","Q","E","A","T","L","E","E","E","Q","V","V","K","K","E","Q","C,Q,R,E,F,K,K,E,Q,K,E,K,T,E,Y,Q,E,A,T,L,E,E,E,Q,V,V,K,K,E,Q",0,1,1,0,1,1,0,0,0,1,1,0,0,0,1,1,0,1,1,0,1,11,9
"23",23,"R","I","P","Y","N","M","V","E","L","H","Y","K","L","E","D","Y","K","L","S","P","K","T","L","K","A","A","Q","L","L","I","R,I,P,Y,N,M,V,E,L,H,Y,K,L,E,D,Y,K,L,S,P,K,T,L,K,A,A,Q,L,L,I",0,1,0,1,1,0,0,1,1,1,1,1,1,1,1,1,1,1,1,0,1,16,4
"24",24,"R","M","V","V","V","Y","V","V","I","C","V","V","M","V","V","V","V","Y","V","V","V","V","K","V","V","F","V","V","V","V","R,M,V,V,V,Y,V,V,I,C,V,V,M,V,V,V,V,Y,V,V,V,V,K,V,V,F,V,V,V,V",0,0,1,0,0,1,0,0,1,1,0,1,0,0,0,1,0,0,1,0,1,8,12
"25",25,"A","A","A","A","A","A","A","A","A","V","A","A","A","A","A","A","A","A","A","A","V","A","V","A","A","A","A","A","A","A","A,A,A,A,A,A,A,A,A,V,A,A,A,A,A,A,A,A,A,A,V,A,V,A,A,A,A,A,A,A",0,1,0,0,0,0,0,0,0,0,0,0,0,0,0,0,0,0,1,0,0,2,18
"26",26,"V","V","V","V","I","M","I","V","V","I","I","I","V","V","V","L","I","T","V","I","V","V","L","I","I","M","V","I","I","I","V,V,V,V,I,M,I,V,V,I,I,I,V,V,V,L,I,T,V,I,V,V,L,I,I,M,V,I,I,I",0,0,0,0,0,0,0,0,1,0,1,1,0,0,0,0,0,1,1,0,0,5,15
"27",27,"K","K","K","K","K","K","K","K","K","K","K","K","K","K","K","K","K","K","K","K","K","K","K","K","K","K","K","K","K","K","K,K,K,K,K,K,K,K,K,K,K,K,K,K,K,K,K,K,K,K,K,K,K,K,K,K,K,K,K,K",0,0,0,0,0,0,0,0,0,1,0,0,0,0,0,0,0,0,0,0,0,1,19
"28",28,"I","R","V","I","I","Y","I","L","Q","E","L","I","Q","K","I","M","I","T","T","T","I","I","E","I","T","C","K","A","K","I","I,R,V,I,I,Y,I,L,Q,E,L,I,Q,K,I,M,I,T,T,T,I,I,E,I,T,C,K,A,K,I",0,1,1,0,1,0,0,0,1,1,1,1,0,0,1,1,0,1,1,0,1,12,8
"29",29,"L","I","F","F","I","M","I","E","V","I","E","I","V","V","V","V","L","L","C","L","L","F","I","V","L","I","M","F","V","F","L,I,F,F,I,M,I,E,V,I,E,I,V,V,V,V,L,L,C,L,L,F,I,V,L,I,M,F,V,F",0,0,1,0,1,1,0,0,1,0,1,1,0,0,0,0,0,0,1,0,0,7,13
"30",30,"K","R","S","P","D","N","D","S","A","N","P","S","T",".","N","R","D","R","K","K","K","P","S","N","K",".","D","P","L","Y","K,R,S,P,D,N,D,S,A,N,P,S,T,.,N,R,D,R,K,K,K,P,S,N,K,.,D,P,L,Y",0,1,0,1,0,0,0,0,0,1,1,0,1,1,0,1,1,1,0,0,1,10,10
"31",31,"K","S","F","I","R","K","L","Q","L","F","M","K","Y",".","S","N","K",".","E","V","P","Y","V","R","V","R","L","P","Q","E","K,S,F,I,R,K,L,Q,L,F,M,K,Y,.,S,N,K,.,E,V,P,Y,V,R,V,R,L,P,Q,E",0,0,0,0,1,1,0,0,1,1,1,1,1,1,1,1,1,0,1,0,1,13,7
"32",32,"K","T","A","Q","K","Q","E",".","D","E",".","R","V",".",".","E","T",".","D","G","V","E","G","E","G","K","R","R","D","R","K,T,A,Q,K,Q,E,.,D,E,.,R,V,.,.,E,T,.,D,G,V,E,G,E,G,K,R,R,D,R",0,1,0,1,1,0,1,0,0,1,0,0,0,0,1,1,0,1,1,0,0,9,11
"33",33,"K",".","N","D","K","K","E","K","T","K","K","K","R",".","K","K","K","K","L","Y","K","E","E","K","Y","K","K","S","K","P","K,.,N,D,K,K,E,K,T,K,K,K,R,.,K,K,K,K,L,Y,K,E,E,K,Y,K,K,S,K,P",0,0,0,1,1,0,0,0,0,1,1,0,1,1,0,1,1,1,0,0,1,10,10
"34",34,"L",".","R","K","A","C","A","A","S","M","S","F","N",".",".","R","L","K","P","T","K","Y","L","L","T","H","Q","V","R","E","L,.,R,K,A,C,A,A,S,M,S,F,N,.,.,R,L,K,P,T,K,Y,L,L,T,H,Q,V,R,E",0,1,1,0,1,1,0,1,0,1,1,1,1,1,1,1,1,1,1,0,1,16,4
"35",35,"R",".","Q","Q","P","V","E","R","N","P","R","A","T",".",".","F","D","D","Q","E","K","A","N","S","E","I","Q","A",".","Q","R,.,Q,Q,P,V,E,R,N,P,R,A,T,.,.,F,D,D,Q,E,K,A,N,S,E,I,Q,A,.,Q",0,1,0,1,1,1,0,0,1,1,0,0,1,1,1,1,1,1,1,0,0,13,7
"36",36,"R",".",".","S","A","E","D","H","K","I","A","I","S",".",".","H","Q","V","E","K",".",".","P","E","K","V","R",".",".","S","R,.,.,S,A,E,D,H,K,I,A,I,S,.,.,H,Q,V,E,K,.,.,P,E,K,V,R,.,.,S",0,1,0,1,1,0,0,1,1,1,0,0,0,1,1,1,1,0,1,0,0,11,9
"37",37,"I",".",".","W","D","R","E","P","L","Q","P","G","S",".",".","R","K","L","L","Q",".",".","N","S","Q","D","R",".",".","V","I,.,.,W,D,R,E,P,L,Q,P,G,S,.,.,R,K,L,L,Q,.,.,N,S,Q,D,R,.,.,V",0,0,0,1,1,0,1,0,1,1,1,0,1,1,1,1,1,0,1,1,0,13,7
"38",38,"P",".",".",".","F","N","I",".","A","E",".","S","E",".",".",".","T","L","K","R",".",".","E","V","R","T","E",".",".","N","P,.,.,.,F,N,I,.,A,E,.,S,E,.,.,.,T,L,K,R,.,.,E,V,R,T,E,.,.,N",0,1,0,0,1,1,0,0,1,1,1,0,1,1,0,1,1,1,1,0,0,12,8
"39",39,"N",".",".",".","L","E","E",".","A","K",".","A","Q",".",".",".","Q","R","I","R",".",".","T","L","R","K",".",".",".","K","N,.,.,.,L,E,E,.,A,K,.,A,Q,.,.,.,Q,R,I,R,.,.,T,L,R,K,.,.,.,K",0,1,0,0,1,0,0,0,1,1,1,0,1,0,1,1,0,1,0,0,0,9,11
"40",40,"G",".",".",".","E","V",".",".","E","E",".","R",".",".",".",".","R","N",".",".",".",".","V","M",".","Q",".",".",".",".","G,.,.,.,E,V,.,.,E,E,.,R,.,.,.,.,R,N,.,.,.,.,V,M,.,Q,.,.,.,.",0,0,0,0,1,0,1,0,0,0,0,1,1,0,1,1,0,0,1,0,0,7,13
"41",41,"E",".",".",".","K","R",".",".","K",".",".","E",".",".",".",".",".","Q",".",".",".",".",".",".",".","Q",".",".",".",".","E,.,.,.,K,R,.,.,K,.,.,E,.,.,.,.,.,Q,.,.,.,.,.,.,.,Q,.,.,.,.",0,0,0,0,1,0,0,0,0,1,0,0,0,0,1,1,0,0,0,0,0,4,16
"42",42,"A",".",".",".",".",".",".",".","E",".",".","A",".",".",".",".",".","V",".",".",".",".",".",".",".","E",".",".",".",".","A,.,.,.,.,.,.,.,E,.,.,A,.,.,.,.,.,V,.,.,.,.,.,.,.,E,.,.,.,.",0,1,0,0,1,0,0,0,0,0,0,0,0,0,0,0,0,0,1,0,0,3,17
"43",43,".",".",".",".",".",".",".",".","Y",".",".","D",".",".",".",".",".","A",".",".",".",".",".",".",".",".",".",".",".",".",".,.,.,.,.,.,.,.,Y,.,.,D,.,.,.,.,.,A,.,.,.,.,.,.,.,.,.,.,.,.",0,1,0,1,0,0,0,0,0,0,0,0,0,0,0,0,0,0,0,0,1,3,17
"44",44,".",".",".",".",".",".",".",".","R",".",".","P",".",".",".",".",".",".",".",".",".",".",".",".",".",".",".",".",".",".",".,.,.,.,.,.,.,.,R,.,.,P,.,.,.,.,.,.,.,.,.,.,.,.,.,.,.,.,.,.",0,0,0,0,0,0,0,0,0,0,0,0,0,1,0,1,0,0,0,0,0,2,18
"45",45,".",".",".",".",".",".",".",".",".",".",".","A",".",".",".",".",".",".",".",".",".",".",".",".",".",".",".",".",".",".",".,.,.,.,.,.,.,.,.,.,.,A,.,.,.,.,.,.,.,.,.,.,.,.,.,.,.,.,.,.",0,1,0,0,0,0,0,0,0,0,0,0,0,0,0,0,0,0,0,0,0,1,19
"46",46,".",".",".",".",".",".",".",".",".",".",".","L",".",".",".",".",".",".",".",".",".",".",".",".",".",".",".",".",".",".",".,.,.,.,.,.,.,.,.,.,.,L,.,.,.,.,.,.,.,.,.,.,.,.,.,.,.,.,.,.",0,0,0,0,0,0,0,0,0,0,1,0,0,0,0,0,0,0,0,0,0,1,19
"47",47,"N","V","N","Q","F","N","D","Q","K","A","Q","N","E","R","A","Q","L","H","K","D","K","S","Q","K","D","H","L","Q","F","I","N,V,N,Q,F,N,D,Q,K,A,Q,N,E,R,A,Q,L,H,K,D,K,S,Q,K,D,H,L,Q,F,I",0,1,0,1,1,1,0,1,1,1,1,0,1,0,1,1,1,0,1,0,0,13,7
"48",48,"V","D","F","N","L","V","I","L","L","S","L","V","E","D","I","A","L","V","F","F","I","W","A","V","F","V","L","F","K","A","V,D,F,N,L,V,I,L,L,S,L,V,E,D,I,A,L,V,F,F,I,W,A,V,F,V,L,F,K,A",0,1,0,1,1,1,0,0,1,1,1,0,1,0,0,0,1,0,1,1,0,11,9
"49",49,"K","E","I","E","P","F","Q","L","Q","K","H","E","V","L","S","A","S","K","L","L","K","K","N","E","L","Y","F","Q","N","M","K,E,I,E,P,F,Q,L,Q,K,H,E,V,L,S,A,S,K,L,L,K,K,N,E,L,Y,F,Q,N,M",0,1,0,0,1,1,0,1,1,1,1,1,1,1,1,0,1,0,1,0,1,14,6
"50",50,"K","K","N","Y","R","K","Q","Y","E","K","L","T","V","K","R","E","R","A","Q","G","R","T","L","R","C","S","N","A","R","R","K,K,N,Y,R,K,Q,Y,E,K,L,T,V,K,R,E,R,A,Q,G,R,T,L,R,C,S,N,A,R,R",0,1,1,0,1,0,1,0,0,1,1,0,1,0,1,1,1,1,1,0,1,13,7
"51",51,"E","E","E","E","E","E","E","E","E","E","E","E","E","E","E","E","E","E","E","E","E","E","E","E","E","E","E","E","E","E","E,E,E,E,E,E,E,E,E,E,E,E,E,E,E,E,E,E,E,E,E,E,E,E,E,E,E,E,E,E",0,0,0,0,1,0,0,0,0,0,0,0,0,0,0,0,0,0,0,0,0,1,19
"52",52,"I","Q","K","V","I","L","I","S","V","V","Y","I","A","T","V","I","I","R","A","A","I","K","A","I","A","K","V","R","L","I","I,Q,K,V,I,L,I,S,V,V,Y,I,A,T,V,I,I,R,A,A,I,K,A,I,A,K,V,R,L,I",0,1,0,0,0,0,0,0,1,1,1,0,0,0,1,1,1,1,1,0,1,10,10
"53",53,"Q","K","N","Y","E","Q","T","K","D","I","R","E","L","D","K","R","S","D","K","S","K","D","Q","A","S","R","V","A","Q","K","Q,K,N,Y,E,Q,T,K,D,I,R,E,L,D,K,R,S,D,K,S,K,D,Q,A,S,R,V,A,Q,K",0,1,0,1,1,0,0,0,1,1,1,0,1,0,1,1,1,1,1,0,1,13,7
"54",54,".","Q",".",".",".",".",".","L",".",".","F",".","R",".",".",".",".",".",".",".",".",".",".",".",".",".",".","L",".",".",".,Q,.,.,.,.,.,L,.,.,F,.,R,.,.,.,.,.,.,.,.,.,.,.,.,.,.,L,.,.",0,0,0,0,0,1,0,0,0,0,1,0,0,0,1,1,0,0,0,0,0,4,16
"55",55,".",".",".",".",".",".",".","Y",".",".","Y",".","E",".",".",".",".",".",".",".",".",".",".",".",".",".",".","Y",".",".",".,.,.,.,.,.,.,Y,.,.,Y,.,E,.,.,.,.,.,.,.,.,.,.,.,.,.,.,Y,.,.",0,0,0,0,1,0,0,0,0,0,0,0,0,0,0,0,0,0,0,0,1,2,18
"56",56,".",".",".",".",".",".",".","K",".",".","K",".","E",".",".",".",".",".",".",".",".",".",".",".",".",".",".",".",".",".",".,.,.,.,.,.,.,K,.,.,K,.,E,.,.,.,.,.,.,.,.,.,.,.,.,.,.,.,.,.",0,0,0,0,1,0,0,0,0,1,0,0,0,0,0,0,0,0,0,0,0,2,18
"57",57,"L","L","I","S","I","I","V","I","L","L","Q","I","I","I","A","I","S","I","I","I","I","I","L","I","I","I","I","E","I","F","L,L,I,S,I,I,V,I,L,L,Q,I,I,I,A,I,S,I,I,I,I,I,L,I,I,I,I,E,I,F",0,1,0,0,1,1,0,0,1,0,1,0,0,0,1,0,1,0,1,0,0,8,12
"58",58,"L","L","Y","L","L","M","L","L","L","L","L","L","R","K","M","L","M","L","L","M","L","F","L","L","M","L","M","L","M","L","L,L,Y,L,L,M,L,L,L,L,L,L,R,K,M,L,M,L,L,M,L,F,L,L,M,L,M,L,M,L",0,0,0,0,0,1,0,0,0,1,1,1,0,0,0,1,0,0,0,0,1,6,14
"59",59,"R","M","R","P","A","Q","S","Q","K","E","G","K","M","H","A","E","E","A","K","G","E","S","S","K","G","E","R","P","R","K","R,M,R,P,A,Q,S,Q,K,E,G,K,M,H,A,E,E,A,K,G,E,S,S,K,G,E,R,P,R,K",0,1,0,0,1,0,1,1,0,1,0,1,0,1,1,1,1,0,0,0,0,10,10
"60",60,"R","D","V","G","M","G","Q","G","A","K","S","K","M","L","S","H","K","E","Q","Q","N","D","K","L","Q","E","D","G","K","Q","R,D,V,G,M,G,Q,G,A,K,S,K,M,L,S,H,K,E,Q,Q,N,D,K,L,Q,E,D,G,K,Q",0,1,0,1,1,0,1,1,0,1,1,1,1,0,1,1,1,0,1,0,0,13,7
"61",61,".",".","P",".",".",".",".","G",".",".","G",".","S","R",".",".",".",".",".",".","L","I",".",".",".",".",".",".",".",".",".,.,P,.,.,.,.,G,.,.,G,.,S,R,.,.,.,.,.,.,L,I,.,.,.,.,.,.,.,.",0,0,0,0,0,0,1,0,1,0,1,0,0,1,0,1,1,0,0,0,0,6,14
"62",62,".",".","L",".",".",".",".",".",".",".",".",".","H","K",".",".",".",".",".",".",".","N",".",".",".",".",".",".",".",".",".,.,L,.,.,.,.,.,.,.,.,.,H,K,.,.,.,.,.,.,.,N,.,.,.,.,.,.,.,.",0,0,0,0,0,0,0,1,0,1,1,0,1,0,0,0,0,0,0,0,0,4,16
"63",63,"L","L","M","M","L","L","C","V","L","M","D","L","L","L","L","L","L","A","Y","F","R","L","L","I","F","L","Y","L","L","F","L,L,M,M,L,L,C,V,L,M,D,L,L,L,L,L,L,A,Y,F,R,L,L,I,F,L,Y,L,L,F",0,1,1,1,0,1,0,0,1,0,1,1,0,0,0,1,0,0,1,0,1,10,10
"64",64,"R","D","E","K","N","E","D","G","K","K","G","N","N","K","D","K","H","D","D","D","G","K","D","E","D","C","H","Q","D","H","R,D,E,K,N,E,D,G,K,K,G,N,N,K,D,K,H,D,D,D,G,K,D,E,D,C,H,Q,D,H",0,0,1,1,1,0,1,1,0,1,0,0,1,0,1,1,0,0,0,0,0,9,11
"65",65,"H","V","H","H","H","H","S","I","H","H","I","H","H","H","N","K","H","N","H","H","G","H","H","H","H","S","H","H","H","H","H,V,H,H,H,H,S,I,H,H,I,H,H,H,N,K,H,N,H,H,G,H,H,H,H,S,H,H,H,H",0,0,0,0,0,0,1,1,1,1,0,0,1,0,0,0,1,0,1,0,0,7,13
"66",66,"K","V","D","E","C","P","P","P","V","P","P","P","P","P","E","Q","P","E","P","P","P","E","P","P","P","P","D","D","C","E","K,V,D,E,C,P,P,P,V,P,P,P,P,P,E,Q,P,E,P,P,P,E,P,P,P,P,D,D,C,E",0,0,1,1,1,0,0,0,0,1,0,0,0,1,1,0,0,0,1,0,0,7,13
"67",67,"N","M","N","N","S","F","Y","H","N","N","Q","C","N","N","F","D","N","W","N","N","N","N","A","H","N","F","N","H","N","N","N,M,N,N,S,F,Y,H,N,N,Q,C,N,N,F,D,N,W,N,N,N,N,A,H,N,F,N,H,N,N",0,1,1,1,0,1,0,1,0,0,0,1,1,0,1,0,1,0,0,1,1,11,9
"68",68,"V","R","I","I","I","L","V","I","I","I","V","I","I","I","V","K","I","V","I","I","I","I","I","V","V","I","V","I","I","L","V,R,I,I,I,L,V,I,I,I,V,I,I,I,V,K,I,V,I,I,I,I,I,V,V,I,V,I,I,L",0,0,0,0,0,0,0,0,1,1,1,0,0,0,0,1,0,0,1,0,0,5,15
"69",69,"I","S","A","L","I","V","T","R","V","V","Y","I","I","I","L","T","I","V","V","I","I","L","V","L","V","V","V","V","V","V","I,S,A,L,I,V,T,R,V,V,Y,I,I,I,L,T,I,V,V,I,I,L,V,L,V,V,V,V,V,V",0,1,0,0,0,0,0,0,1,0,1,0,0,0,0,1,1,1,1,0,1,8,12
"70",70,"Q","S","R","Q","K","N","K","W","A","A","Y","K","R","T","R","G","R","R","K","H","T","Q","K","K","H","K","D","R","R","N","Q,S,R,Q,K,N,K,W,A,A,Y,K,R,T,R,G,R,R,K,H,T,Q,K,K,H,K,D,R,R,N",0,1,0,1,0,0,1,1,0,1,0,0,1,0,1,1,1,1,0,1,1,12,8
"71",71,"L","D","F","F","T","L","Y","Y","Y","F","F","I","M","F","L","S","L","L","L","L","L","F","F","L","L","L","M","F","L","L","L,D,F,F,T,L,Y,Y,Y,F,F,I,M,F,L,S,L,L,L,L,L,F,F,L,L,L,M,F,L,L",0,0,0,1,0,1,0,0,1,0,1,1,0,0,0,0,1,1,0,0,1,8,12
"72",72,"V","C","I","I","Y","W","Y","G","L","F","G","K","L","K","E","M","Y","Y","I","E","A","L","H","H","E","Y","Y","I","R","I","V,C,I,I,Y,W,Y,G,L,F,G,K,L,K,E,M,Y,Y,I,E,A,L,H,H,E,Y,Y,I,R,I",0,1,1,0,1,1,1,1,1,1,1,1,0,0,0,1,0,0,1,1,1,14,6
"73",73,"D","P","V","G","E","Y","G","Q","G","N","P","N","G","G","G","N","E","Y","G","G","D","T","A","D","G","R","S","T","Y","E","D,P,V,G,E,Y,G,Q,G,N,P,N,G,G,G,N,E,Y,G,G,D,T,A,D,G,R,S,T,Y,E",0,1,0,1,1,0,1,0,0,0,0,0,1,1,1,1,1,1,1,0,1,12,8
"74",74,"V","Y","G","A","I","S","S","E","T","S","C","F","A","V","V","V","V","S","V","V","I","A","S","V","V","T","S","A","F","V","V,Y,G,A,I,S,S,E,T,S,C,F,A,V,V,V,V,S,V,V,I,A,S,V,V,T,S,A,F,V",0,1,1,0,1,1,1,0,1,0,0,0,0,0,0,0,1,1,1,0,1,10,10
"75",75,"L","I","D","E","F","F","Y","K","C","F","G","F","T","C","I","I","V","F","C","V","V","E","F","Y","V","F","Y","S","F","F","L,I,D,E,F,F,Y,K,C,F,G,F,T,C,I,I,V,F,C,V,V,E,F,Y,V,F,Y,S,F,F",0,0,1,1,1,1,1,0,1,1,1,0,0,0,0,0,1,1,1,0,1,12,8
"76",76,"Y","V","E","K","E","Q","L","D","L","Q","K","D","C","T","E","H","E","Q","T","T","K","E","V","E","T","K","L","R","Y","R","Y,V,E,K,E,Q,L,D,L,Q,K,D,C,T,E,H,E,Q,T,T,K,E,V,E,T,K,L,R,Y,R",0,0,1,1,1,0,0,1,0,1,1,0,0,0,1,1,0,1,1,0,1,11,9
"77",77,"N","Q","R","R","T","D","K",".","Q","E",".","A","E","Q","K","M","T","D","Q","K","D","R","E","N","R","D","V","G","S","Q","N,Q,R,R,T,D,K,.,Q,E,.,A,E,Q,K,M,T,D,Q,K,D,R,E,N,R,D,V,G,S,Q",0,1,0,1,1,0,1,0,0,1,0,1,1,0,1,1,1,1,1,0,0,12,8
"78",78,"E","F","V","G","S","E","D",".","E","N",".","E","K","A","V","L","L","K","R","S","P","K","Q","K","G","N","G","G","S","K","E,F,V,G,S,E,D,.,E,N,.,E,K,A,V,L,L,K,R,S,P,K,Q,K,G,N,G,G,S,K",0,1,0,1,1,1,1,0,0,1,1,0,1,1,1,1,1,0,1,0,0,13,7
"79",79,"E","Y","T","T","H","E","T",".","N","G",".","D","S","P","N","E","S","D","Q","K","V","T","D","K","K","K","D","P","G","K","E,Y,T,T,H,E,T,.,N,G,.,D,S,P,N,E,S,D,Q,K,V,T,D,K,K,K,D,P,G,K",0,0,0,1,1,0,1,1,0,1,0,0,1,1,1,0,1,1,1,0,1,12,8
"80",80,"K","G","A","S","G","D","K",".",".","R",".","Y","N","C","W","S","K","N","P",".","S","E","N","Y",".",".","E","G","E","K","K,G,A,S,G,D,K,.,.,R,.,Y,N,C,W,S,K,N,P,.,S,E,N,Y,.,.,E,G,E,K",0,1,1,1,1,0,1,0,0,1,0,0,1,1,0,1,1,0,0,1,1,12,8
"81",81,"Q","A","D","V","K","M","L",".",".","L",".",".",".",".","D","F","L","L","V",".","R","L",".","L",".",".","L","R","K","I","Q,A,D,V,K,M,L,.,.,L,.,.,.,.,D,F,L,L,V,.,R,L,.,L,.,.,L,R,K,I",0,1,0,1,0,1,0,0,1,1,1,1,0,0,1,1,0,0,1,0,0,10,10
"82",82,"K","L","G","D","V",".",".",".",".",".",".",".",".",".","Q","T",".",".",".",".",".","G",".",".",".",".",".","L","K",".","K,L,G,D,V,.,.,.,.,.,.,.,.,.,Q,T,.,.,.,.,.,G,.,.,.,.,.,L,K,.",0,0,0,1,0,0,1,0,0,1,1,0,0,0,1,0,0,1,1,0,0,7,13
"83",83,"M","F","R","V",".",".",".",".",".",".",".",".",".",".","D",".",".",".",".",".",".","K",".",".",".",".",".","L","D",".","M,F,R,V,.,.,.,.,.,.,.,.,.,.,D,.,.,.,.,.,.,K,.,.,.,.,.,L,D,.",0,0,0,1,0,1,0,0,0,1,1,1,0,0,0,1,0,0,1,0,0,7,13
"84",84,".","R","M",".",".",".",".",".",".",".",".",".",".",".","P",".",".",".",".",".",".","Q",".",".",".",".",".","S","E",".",".,R,M,.,.,.,.,.,.,.,.,.,.,.,P,.,.,.,.,.,.,Q,.,.,.,.,.,S,E,.",0,0,0,0,1,0,0,0,0,0,0,1,0,1,1,1,1,0,0,0,0,6,14
"85",85,".","E","E",".",".",".",".",".",".",".",".",".",".",".",".",".",".",".",".",".",".",".",".",".",".",".",".",".","V",".",".,E,E,.,.,.,.,.,.,.,.,.,.,.,.,.,.,.,.,.,.,.,.,.,.,.,.,.,V,.",0,0,0,0,1,0,0,0,0,0,0,0,0,0,0,0,0,0,1,0,0,2,18
"86",86,".","G",".",".",".",".",".",".",".",".",".",".",".",".",".",".",".",".",".",".",".",".",".",".",".",".",".",".",".",".",".,G,.,.,.,.,.,.,.,.,.,.,.,.,.,.,.,.,.,.,.,.,.,.,.,.,.,.,.,.",0,0,0,0,0,0,1,0,0,0,0,0,0,0,0,0,0,0,0,0,0,1,19
"87",87,".","D",".",".",".",".",".",".",".",".",".",".",".",".",".",".",".",".",".",".",".",".",".",".",".",".",".",".",".",".",".,D,.,.,.,.,.,.,.,.,.,.,.,.,.,.,.,.,.,.,.,.,.,.,.,.,.,.,.,.",0,0,0,1,0,0,0,0,0,0,0,0,0,0,0,0,0,0,0,0,0,1,19
"88",88,".","C",".",".",".",".",".",".",".",".",".",".",".",".",".",".",".",".",".",".",".",".",".",".",".",".",".",".",".",".",".,C,.,.,.,.,.,.,.,.,.,.,.,.,.,.,.,.,.,.,.,.,.,.,.,.,.,.,.,.",0,0,1,0,0,0,0,0,0,0,0,0,0,0,0,0,0,0,0,0,0,1,19
"89",89,"Y","W","Y","D","Y","F","W","Y","T","F","Y","Y","Y","Y","K","F","H","Y","Y","P","T","Y","F","Y","P","Y","W","G","Y","H","Y,W,Y,D,Y,F,W,Y,T,F,Y,Y,Y,Y,K,F,H,Y,Y,P,T,Y,F,Y,P,Y,W,G,Y,H",0,0,0,1,0,1,1,1,0,1,0,0,0,1,0,0,0,1,0,1,1,9,11
"90",90,".",".",".","L",".",".",".","N","V",".","N",".",".",".","P","R",".",".",".","V","P",".",".",".","V",".",".","P","L",".",".,.,.,L,.,.,.,N,V,.,N,.,.,.,P,R,.,.,.,V,P,.,.,.,V,.,.,P,L,.",0,0,0,0,0,0,0,0,0,0,1,0,1,1,0,1,0,0,1,0,0,5,15
"91",91,".",".","L","W",".",".",".","V","S",".","A",".","N","C","A","N",".",".",".","M","A","W","C",".","M",".",".","L","N",".",".,.,L,W,.,.,.,V,S,.,A,.,N,C,A,N,.,.,.,M,A,W,C,.,M,.,.,L,N,.",0,1,1,0,0,0,0,0,0,0,1,1,1,0,0,0,1,0,1,1,0,8,12
"92",92,"M","I","L","L","I","M","I","L","I","I","M","I","L","I","L","H","L","F","I","I","L","L","I","L","I","V","V","L","L","L","M,I,L,L,I,M,I,L,I,I,M,I,L,I,L,H,L,F,I,I,L,L,I,L,I,V,V,L,L,L",0,0,0,0,0,1,0,1,1,0,1,1,0,0,0,0,0,0,1,0,0,6,14
"93",93,"V","C","V","I","V","V","I","V","F","V","V","V","F","L","V","V","V","V","I","V","V","I","I","V","V","Y","V","V","V","V","V,C,V,I,V,V,I,V,F,V,V,V,F,L,V,V,V,V,I,V,V,I,I,V,V,Y,V,V,V,V",0,0,1,0,0,1,0,0,1,0,1,0,0,0,0,0,0,0,1,0,1,6,14
"94",94,"M","M","M","T","M","V","M","M","M","M","L","L","I","M","T","C","M","M","M","T","F","T","T","L","I","M","M","L","L","F","M,M,M,T,M,V,M,M,M,M,L,L,I,M,T,C,M,M,M,T,F,T,T,L,I,M,M,L,L,F",0,0,1,0,0,1,0,0,1,0,1,1,0,0,0,0,0,1,1,0,0,7,13
"95",95,"E","E","E","A","E","D","E","D","E","E","E","E","E","E","K","M","E","D","E","E","E","A","E","E","E","L","E","E","D","E","E,E,E,A,E,D,E,D,E,E,E,E,E,E,K,M,E,D,E,E,E,A,E,E,E,L,E,E,D,E",0,1,0,1,1,0,0,0,0,1,1,1,0,0,0,0,0,0,0,0,0,6,14
"96",96,"Y","L","Y","F","L","L","Y","L","F","Y","L","L","W","F","F","A","Y","Y","L","Y","H","F","Y","H","F","L","F","L","Y","F","Y,L,Y,F,L,L,Y,L,F,Y,L,L,W,F,F,A,Y,Y,L,Y,H,F,Y,H,F,L,F,L,Y,F",0,1,0,0,0,1,0,1,0,0,1,0,0,0,0,0,0,0,0,1,1,6,14
"97",97,"C","M","Y","H","A","L","L","L","V","C","L","M","M","C","M","F","A","I","V","M","V","H","C","V","M","E","L","H","V","I","C,M,Y,H,A,L,L,L,V,C,L,M,M,C,M,F,A,I,V,M,V,H,C,V,M,E,L,H,V,I",0,1,1,0,1,1,0,1,1,0,1,1,0,0,0,0,0,0,1,0,1,10,10
"98",98,"V","S","P","E","V","L","G",".","P","D",".","E","A","A","E","E","G","P","S","E",".","A",".","S","E","A","E","P","P","D","V,S,P,E,V,L,G,.,P,D,.,E,A,A,E,E,G,P,S,E,.,A,.,S,E,A,E,P,P,D",0,1,0,1,1,0,1,0,0,0,1,0,0,1,0,0,1,0,1,0,0,8,12
"99",99,".",".",".",".",".",".",".",".",".",".",".",".",".",".",".",".",".",".",".",".",".","K",".",".",".","C",".",".",".",".",".,.,.,.,.,.,.,.,.,.,.,.,.,.,.,.,.,.,.,.,.,K,.,.,.,C,.,.,.,.",0,0,1,0,0,0,0,0,0,1,0,0,0,0,0,0,0,0,0,0,0,2,18
"100",100,".",".",".",".",".",".",".",".",".",".",".",".",".",".",".",".",".",".",".",".",".",".",".",".",".","L",".",".",".",".",".,.,.,.,.,.,.,.,.,.,.,.,.,.,.,.,.,.,.,.,.,.,.,.,.,L,.,.,.,.",0,0,0,0,0,0,0,0,0,0,1,0,0,0,0,0,0,0,0,0,0,1,19
"101",101,"C","T","N","K","Q","G","G","G","G","G","G","G","G","Q","N","L","G","G","G","N","N","G","E","G","N","G","G","K","E","H","C,T,N,K,Q,G,G,G,G,G,G,G,G,Q,N,L,G,G,G,N,N,G,E,G,N,G,G,K,E,H",0,0,1,0,1,0,1,1,0,1,1,0,1,0,1,0,0,1,0,0,0,9,11
"102",102,"G","S","G","G","G","G","G","P","G","G","P","G","G","G","G","L","G","G","G","G","N","N","G","G","G","G","G","G","T","T","G,S,G,G,G,G,G,P,G,G,P,G,G,G,G,L,G,G,G,G,N,N,G,G,G,G,G,G,T,T",0,0,0,0,0,0,1,0,0,0,1,0,1,1,0,0,1,1,0,0,0,6,14
"103",103,"M","F","S","S","D","D","S","S","S","D","S","E","S","Q","S","S","E","D","D","S","T","L","R","E","A","E","A","S","V","V","M,F,S,S,D,D,S,S,S,D,S,E,S,Q,S,S,E,D,D,S,T,L,R,E,A,E,A,S,V,V",0,1,0,1,1,1,0,0,0,0,1,1,0,0,1,1,1,1,1,0,0,11,9
"104",104,"Q","D","L","L","L","L","A","L","I","L","L","L","V","L","L","I","L","M","F","L","D","Q","D","L","L","L","L","L","Y","L","Q,D,L,L,L,L,A,L,I,L,L,L,V,L,L,I,L,M,F,L,D,Q,D,L,L,L,L,L,Y,L",0,1,0,1,0,1,0,0,1,0,1,1,0,0,1,0,0,0,1,0,1,9,11
"105",105,"E","K","C","S","L","R","L","E","S","M","E","F","A","Y","S","D","F","M","L","D","F","E","L","F","D","W","T","C","R","D","E,K,C,S,L,R,L,E,S,M,E,F,A,Y,S,D,F,M,L,D,F,E,L,F,D,W,T,C,R,D",0,1,1,1,1,1,0,0,0,1,1,1,0,0,0,1,1,1,0,1,1,13,7
"106",106,"M","F","K","D","E","Y","D","D","S","K","D","D","H","E","G","L","G","S","T","T","K","Y","D","D","A","S","D","H","V","E","M,F,K,D,E,Y,D,D,S,K,D,D,H,E,G,L,G,S,T,T,K,Y,D,D,A,S,D,H,V,E",0,1,0,1,1,1,1,1,0,1,1,1,0,0,0,0,1,1,1,0,1,13,7
"107",107,"L","Y","Y","F","L","H","L","L","I","R","L","K","L","V","L","Y","K","L","F","F","Q","L","D","Y","F","I","I","Y","A","L","L,Y,Y,F,L,H,L,L,I,R,L,K,L,V,L,Y,K,L,F,F,Q,L,D,Y,F,I,I,Y,A,L",0,1,0,1,0,1,0,1,1,1,1,0,0,0,1,1,0,0,1,0,1,11,9
"108",108,"D","K","L","L","I","L","L","F","I","I","F","V","L","L","L","E","I","L","L","L","L","T","K","L","L","L","V","L","R","Q","D,K,L,L,I,L,L,F,I,I,F,V,L,L,L,E,I,L,L,L,L,T,K,L,L,L,V,L,R,Q",0,0,0,1,1,1,0,0,1,1,1,0,0,0,1,1,0,1,1,0,0,10,10
"109",109,"S","Y","S","K","K","Q","E","N","N","N","D","V","S","R","Q","L","S","I","R","K","Y","R","I","V","R","R","T","T","H","H","S,Y,S,K,K,Q,E,N,N,N,D,V,S,R,Q,L,S,I,R,K,Y,R,I,V,R,R,T,T,H,H",0,0,0,1,1,0,0,1,1,1,1,0,1,0,1,1,1,1,1,0,1,13,7
"110",110,"V","V","L","A","T","Q","P","F","R","R","L","G","K","A","S","I","T","R","R","K","Q","H","Q","K","K","D","H","Q","Y","Y","V,V,L,A,T,Q,P,F,R,R,L,G,K,A,S,I,T,R,R,K,Q,H,Q,K,K,D,H,Q,Y,Y",0,1,0,1,0,1,1,1,1,1,1,0,0,1,1,1,1,1,1,0,1,15,5
"111",111,"P","Y","H","N","R","N","G","C","F","Q","C","N","Y","G","Q","K","E","M","K","N","T","V","E","K","H","R","T","Y","S","C","P,Y,H,N,R,N,G,C,F,Q,C,N,Y,G,Q,K,E,M,K,N,T,V,E,K,H,R,T,Y,S,C",0,0,1,0,1,1,1,1,0,1,0,1,1,1,1,1,1,1,1,0,1,15,5
"112",112,"E","S","T","V","G","V","P","S","G","R","D","K","G","R","C","K","G","G","K","D","L","I","Y","G","D","G","R","T","R","H","E,S,T,V,G,V,P,S,G,R,D,K,G,R,C,K,G,G,K,D,L,I,Y,G,D,G,R,T,R,H",0,0,1,1,1,0,1,1,1,1,1,0,0,1,0,1,1,1,1,0,1,14,6
"113",113,"K","V","S","V","A","H","L","R","P","G","R","R","A","P","P","N","K","I","D","G","T","S","K","R","G","S","M","S","A","G","K,V,S,V,A,H,L,R,P,G,R,R,A,P,P,N,K,I,D,G,T,S,K,R,G,S,M,S,A,G",0,1,0,1,0,0,1,1,1,1,1,1,1,1,0,1,1,1,1,0,0,14,6
"114",114,"R","L","D","S","L","F","D","R","L","V","T","L","F","V","R","K","L","F","E","Q","D","W","Q","L","Q","F","N","D","K","L","R,L,D,S,L,F,D,R,L,V,T,L,F,V,R,K,L,F,E,Q,D,W,Q,L,Q,F,N,D,K,L",0,0,0,1,1,1,0,0,0,1,1,0,1,0,1,1,1,1,1,1,0,12,8
"115",115,"F","D","W","W","H","K","E","F","P","L","F","K","K","T","P","F","S","P","L","F","Y","E","A","T","F","D","E","W","Q","E","F,D,W,W,H,K,E,F,P,L,F,K,K,T,P,F,S,P,L,F,Y,E,A,T,F,D,E,W,Q,E",0,1,0,1,1,1,0,1,0,1,1,0,0,1,1,0,1,1,0,1,1,13,7
"116",116,"P","D","V","N","E","E","T","T","E","F","S","E","E","P","W","Q","E","E","K","T","D","D","G","P","T","E","E","G","T","S","P,D,V,N,E,E,T,T,E,F,S,E,E,P,W,Q,E,E,K,T,D,D,G,P,T,E,E,G,T,S",0,0,0,1,1,1,1,0,0,1,0,0,1,1,1,0,1,1,1,1,0,12,8
"117",117,"V","V","S","E","D","E","Q","M","M","S","L","A","S","S","P","G","P","S","L","V","I","L","K","K","V","P","Q","S","L","K","V,V,S,E,D,E,Q,M,M,S,L,A,S,S,P,G,P,S,L,V,I,L,K,K,V,P,Q,S,L,K",0,1,0,1,1,0,1,0,1,1,1,1,0,1,1,0,1,0,1,0,0,12,8
"118",118,"C","I","S","L","E","T","I","K","V","E","K","T","V","L","L","F","E","L","K","I","R","R","I","E","I","T","I","S","P","R","C,I,S,L,E,T,I,K,V,E,K,T,V,L,L,F,E,L,K,I,R,R,I,E,I,T,I,S,P,R",0,0,1,0,1,1,0,0,1,1,1,0,0,1,0,1,1,1,1,0,0,11,9
"119",119,"Q","P","C","C","A","V","A","T","F","D","T","C","V","L","L","S","S","A",".",".","F","K","F","A",".","S","A","L","V","L","Q,P,C,C,A,V,A,T,F,D,T,C,V,L,L,S,S,A,.,.,F,K,F,A,.,S,A,L,V,L",0,1,1,1,0,1,0,0,0,1,1,0,0,1,1,0,1,1,1,0,0,11,9
"120",120,"A","E","R",".","R","K","T","V","C",".","V","K","I","V","C","V","K","R",".",".","Y",".","P","R",".","K","T","R","I","R","A,E,R,.,R,K,T,V,C,.,V,K,I,V,C,V,K,R,.,.,Y,.,P,R,.,K,T,R,I,R",0,1,1,0,1,0,0,0,1,1,0,0,0,1,0,1,0,1,1,0,1,10,10
"121",121,"H","E","L",".","K","L","I","L","K",".","L","L","N","D","R",".","L","F",".",".","M",".","E","K",".","F","V","M","Y","K","H,E,L,.,K,L,I,L,K,.,L,L,N,D,R,.,L,F,.,.,M,.,E,K,.,F,V,M,Y,K",0,0,0,1,1,1,0,1,1,1,1,1,1,0,0,1,0,0,1,0,1,12,8
"122",122,"G","I","A","H","K","F","L","M","Y",".","M","Y","Y","W","L",".","I","Y",".",".","Y","L","N","F",".","C","C","A","V","Y","G,I,A,H,K,F,L,M,Y,.,M,Y,Y,W,L,.,I,Y,.,.,Y,L,N,F,.,C,C,A,V,Y",0,1,1,0,0,1,1,1,1,1,1,1,1,0,0,0,0,0,1,1,1,13,7
"123",123,"Y","L","H","I","F","I","R","L","T",".","I","F","T","S","L",".","F","I",".",".",".","G",".","F",".","V","L","L","K","L","Y,L,H,I,F,I,R,L,T,.,I,F,T,S,L,.,F,I,.,.,.,G,.,F,.,V,L,L,K,L",0,0,0,0,0,1,1,1,1,1,1,0,0,0,0,1,1,1,1,0,1,11,9
"124",124,"F","G",".","A","H","C",".","A","K",".","A","Y","E","M","K",".","S","A",".",".",".","S",".","R",".","A",".",".","L","F","F,G,.,A,H,C,.,A,K,.,A,Y,E,M,K,.,S,A,.,.,.,S,.,R,.,A,.,.,L,F",0,1,1,0,1,1,1,1,0,1,1,1,0,0,0,1,1,0,0,0,1,12,8
"125",125,"C","K",".","E",".",".",".","D",".",".","I",".",".",".",".",".",".",".",".",".",".",".",".",".",".",".",".",".","Y",".","C,K,.,E,.,.,.,D,.,.,I,.,.,.,.,.,.,.,.,.,.,.,.,.,.,.,.,.,Y,.",0,0,1,1,1,0,0,0,1,1,0,0,0,0,0,0,0,0,0,0,1,6,14
"126",126,".","I",".",".",".",".",".",".",".",".",".",".",".",".",".",".",".",".",".",".",".",".",".",".",".",".",".",".","M",".",".,I,.,.,.,.,.,.,.,.,.,.,.,.,.,.,.,.,.,.,.,.,.,.,.,.,.,.,M,.",0,0,0,0,0,0,0,0,1,0,0,1,0,0,0,0,0,0,0,0,0,2,18
"127",127,".","T",".",".",".",".",".",".",".",".",".",".",".",".",".",".",".",".",".",".",".",".",".",".",".",".",".",".","Y",".",".,T,.,.,.,.,.,.,.,.,.,.,.,.,.,.,.,.,.,.,.,.,.,.,.,.,.,.,Y,.",0,0,0,0,0,0,0,0,0,0,0,0,0,0,0,0,0,1,0,0,1,2,18
"128",128,".","L",".",".",".",".",".",".",".",".",".",".",".",".",".",".",".",".",".",".",".",".",".",".",".",".",".",".",".",".",".,L,.,.,.,.,.,.,.,.,.,.,.,.,.,.,.,.,.,.,.,.,.,.,.,.,.,.,.,.",0,0,0,0,0,0,0,0,0,0,1,0,0,0,0,0,0,0,0,0,0,1,19
"129",129,"Q","A","S","T","Q","E","E","Q","Q","Q","Q","Q","Q","G","E","Q","Q","E","Q","Q","E","S","Q","Q","Q","C","S","S","Q","Q","Q,A,S,T,Q,E,E,Q,Q,Q,Q,Q,Q,G,E,Q,Q,E,Q,Q,E,S,Q,Q,Q,C,S,S,Q,Q",0,1,1,0,1,0,1,0,0,0,0,0,0,0,1,0,1,1,0,0,0,7,13
"130",130,"L","T","V","M","L","L","I","M","I","I","L","M","L","I","V","L","I","L","L","L","I","L","I","I","L","V","V","L","L","I","L,T,V,M,L,L,I,M,I,I,L,M,L,I,V,L,I,L,L,L,I,L,I,I,L,V,V,L,L,I",0,0,0,0,0,0,0,0,1,0,1,1,0,0,0,0,0,1,1,0,0,5,15
"131",131,"I","V","T","A","S","V","L","I","L","L","I","L","L","A","V","V","V","T","V","V","L","A","I","V","V","T","L","A","F","L","I,V,T,A,S,V,L,I,L,L,I,L,L,A,V,V,V,T,V,V,L,A,I,V,V,T,L,A,F,L",0,1,0,0,0,1,0,0,1,0,1,0,0,0,0,0,1,1,1,0,0,7,13
"132",132,"D","K","R","R","L","M","K","S","Q","G","S","L","R","G","L","R","S","C","K","G","K","R","E","S","G","E","R","Q","R","R","D,K,R,R,L,M,K,S,Q,G,S,L,R,G,L,R,S,C,K,G,K,R,E,S,G,E,R,Q,R,R",0,0,1,1,1,0,1,0,0,1,1,1,0,0,1,1,1,0,0,0,0,10,10
"133",133,"G","A","G","G","A","A","G","R","G","W","R","A","G","G","G","K","A","A","F","M","A","G","W","A","M","A","A","G","S","A","G,A,G,G,A,A,G,R,G,W,R,A,G,G,G,K,A,A,F,M,A,G,W,A,M,A,A,G,S,A",0,1,0,0,0,1,1,0,0,1,0,1,0,0,0,1,1,0,0,1,0,8,12
"134",134,"L","L","L","L","I","L","L","I","V","F","M","V","L","M","M","F","V","V","S","L","L","I","F","L","L","F","L","L","L","I","L,L,L,L,I,L,L,I,V,F,M,V,L,M,M,F,V,V,S,L,L,I,F,L,L,F,L,L,L,I",0,0,0,0,0,1,0,0,1,0,1,1,0,0,0,0,1,0,1,0,0,6,14
"135",135,"E","N","A","A","K","D","D","E","A","V","E","Q","S","N","F","A","K","E","L","R","D","A","I","D","R","D","S","A","A","D","E,N,A,A,K,D,D,E,A,V,E,Q,S,N,F,A,K,E,L,R,D,A,I,D,R,D,S,A,A,D",0,1,0,1,1,1,0,0,1,1,1,0,1,0,1,1,1,0,1,0,0,12,8
"136",136,".",".",".",".",".",".",".",".",".","Q",".",".",".",".",".","Q",".",".","D","G",".",".","Q",".","G",".",".",".",".",".",".,.,.,.,.,.,.,.,.,Q,.,.,.,.,.,Q,.,.,D,G,.,.,Q,.,G,.,.,.,.,.",0,0,0,1,0,0,1,0,0,0,0,0,0,0,1,0,0,0,0,0,0,3,17
"137",137,".",".",".",".",".",".",".",".",".","I",".",".",".",".",".","S",".",".","A","I",".",".","L",".","I",".",".",".",".",".",".,.,.,.,.,.,.,.,.,I,.,.,.,.,.,S,.,.,A,I,.,.,L,.,I,.,.,.,.,.",0,1,0,0,0,0,0,0,1,0,1,0,0,0,0,0,1,0,0,0,0,4,16
"138",138,".",".",".",".",".",".",".",".",".","S",".",".",".",".",".","I",".",".","A","S",".",".","L",".","A",".",".",".",".",".",".,.,.,.,.,.,.,.,.,S,.,.,.,.,.,I,.,.,A,S,.,.,L,.,A,.,.,.,.,.",0,1,0,0,0,0,0,0,1,0,1,0,0,0,0,0,1,0,0,0,0,4,16
"139",139,".",".",".",".",".",".",".",".",".","L",".",".",".",".",".","L",".",".","A","A",".",".","L",".","A",".",".",".",".",".",".,.,.,.,.,.,.,.,.,L,.,.,.,.,.,L,.,.,A,A,.,.,L,.,A,.,.,.,.,.",0,1,0,0,0,0,0,0,0,0,1,0,0,0,0,0,0,0,0,0,0,2,18
"140",140,".",".",".",".",".",".",".",".",".","G",".",".",".",".",".","Q",".",".","G","G",".",".","G",".","G",".",".",".",".",".",".,.,.,.,.,.,.,.,.,G,.,.,.,.,.,Q,.,.,G,G,.,.,G,.,G,.,.,.,.,.",0,0,0,0,0,0,1,0,0,0,0,0,0,0,1,0,0,0,0,0,0,2,18
"141",141,".",".",".",".",".",".",".",".",".","L",".",".",".",".",".","S",".",".","M","M",".",".","V",".","M",".",".",".",".",".",".,.,.,.,.,.,.,.,.,L,.,.,.,.,.,S,.,.,M,M,.,.,V,.,M,.,.,.,.,.",0,0,0,0,0,0,0,0,0,0,1,1,0,0,0,0,1,0,1,0,0,4,16
"142",142,".",".",".",".",".",".",".",".",".","K",".",".",".",".",".","L",".",".","L","K",".",".","D",".","R",".",".",".",".",".",".,.,.,.,.,.,.,.,.,K,.,.,.,.,.,L,.,.,L,K,.,.,D,.,R,.,.,.,.,.",0,0,0,1,0,0,0,0,0,1,1,0,0,0,0,1,0,0,0,0,0,4,16
"143",143,".",".",".",".",".",".",".",".",".",".",".",".",".",".",".","D",".",".",".",".",".",".",".",".",".",".",".",".",".",".",".,.,.,.,.,.,.,.,.,.,.,.,.,.,.,D,.,.,.,.,.,.,.,.,.,.,.,.,.,.",0,0,0,1,0,0,0,0,0,0,0,0,0,0,0,0,0,0,0,0,0,1,19
"144",144,"Y","H","Y","Y","Y","Y","Y","Y","Y","H","Y","Y","Y","Y","Y","A","H","S","Y","Y","Y","H","Y","F","Y","Y","Y","F","Y","Y","Y,H,Y,Y,Y,Y,Y,Y,Y,H,Y,Y,Y,Y,Y,A,H,S,Y,Y,Y,H,Y,F,Y,Y,Y,F,Y,Y",0,1,0,0,0,1,0,1,0,0,0,0,0,0,0,0,1,0,0,0,1,5,15
"145",145,"L","L","L","L","C","L","L","V","L","I","V","L","L","L","L","L","M","V","L","L","C","L","M","C","L","L","L","L","I","L","L,L,L,L,C,L,L,V,L,I,V,L,L,L,L,L,M,V,L,L,C,L,M,C,L,L,L,L,I,L",0,0,1,0,0,0,0,0,1,0,1,1,0,0,0,0,0,0,1,0,0,5,15
"146",146,"H","K","H","H","H","Q","H","H","H","H","H","H","H","H","H","H","H","H","E","S","H","H","H","H","A","H","H","H","H","H","H,K,H,H,H,Q,H,H,H,H,H,H,H,H,H,H,H,H,E,S,H,H,H,H,A,H,H,H,H,H",0,1,0,0,1,0,0,1,0,1,0,0,0,0,1,0,1,0,0,0,0,6,14
"147",147,"S","E","T","E","D","N","S","T","E","D","S","E","E","L","D","K","E","K","S","D","S","S","E","S","D","R","N","E","S","S","S,E,T,E,D,N,S,T,E,D,S,E,E,L,D,K,E,K,S,D,S,S,E,S,D,R,N,E,S,S",0,0,0,1,1,0,0,0,0,1,1,0,1,0,0,1,1,1,0,0,0,8,12
"148",148,"Q","N","E","D","L","Q","E","K","N","R","K","N","N","H","Q","N","N","M","K","M","M","D","R","Y","M","L","Q","E","F","N","Q,N,E,D,L,Q,E,K,N,R,K,N,N,H,Q,N,N,M,K,M,M,D,R,Y,M,L,Q,E,F,N",0,0,0,1,1,1,0,1,0,1,1,1,1,0,1,1,0,0,0,0,1,11,9
"149",149,"G","L","L","I","D","R","K","N","C","K","N","G","Q","K","N","K","Q","G","N","G","G","H","R","S","G","G","G","R","G","N","G,L,L,I,D,R,K,N,C,K,N,G,Q,K,N,K,Q,G,N,G,G,H,R,S,G,G,G,R,G,N",0,0,1,1,0,0,1,1,1,1,1,0,1,0,1,1,1,0,0,0,0,11,9
"150",150,".","K","P","P",".",".",".",".",".",".",".",".",".",".","P",".",".",".",".",".",".","T",".",".",".",".",".","W",".",".",".,K,P,P,.,.,.,.,.,.,.,.,.,.,P,.,.,.,.,.,.,T,.,.,.,.,.,W,.,.",0,0,0,0,0,0,0,0,0,1,0,0,0,1,0,0,0,1,0,1,0,4,16
"151",151,".",".","R","G",".",".",".",".",".",".",".",".",".",".","V",".",".",".",".",".",".","P",".",".",".",".",".","Q",".",".",".,.,R,G,.,.,.,.,.,.,.,.,.,.,V,.,.,.,.,.,.,P,.,.,.,.,.,Q,.,.",0,0,0,0,0,0,1,0,0,0,0,0,0,1,1,1,0,0,1,0,0,5,15
"152",152,".",".","G","L",".",".",".",".",".",".",".",".",".",".",".",".",".",".",".",".",".","C",".",".",".",".",".","N",".",".",".,.,G,L,.,.,.,.,.,.,.,.,.,.,.,.,.,.,.,.,.,C,.,.,.,.,.,N,.,.",0,0,1,0,0,0,1,0,0,0,1,0,1,0,0,0,0,0,0,0,0,4,16
"153",153,".",".","D","K",".",".",".",".",".",".",".",".",".",".",".",".",".",".",".",".",".","G",".",".",".",".",".","G",".",".",".,.,D,K,.,.,.,.,.,.,.,.,.,.,.,.,.,.,.,.,.,G,.,.,.,.,.,G,.,.",0,0,0,1,0,0,1,0,0,1,0,0,0,0,0,0,0,0,0,0,0,3,17
"154",154,".",".","H","D",".",".",".",".",".",".",".",".",".",".",".",".",".",".",".",".",".","R",".",".",".",".",".","Q",".",".",".,.,H,D,.,.,.,.,.,.,.,.,.,.,.,.,.,.,.,.,.,R,.,.,.,.,.,Q,.,.",0,0,0,1,0,0,0,1,0,0,0,0,0,0,1,1,0,0,0,0,0,4,16
"155",155,".",".","Y","G",".",".",".",".",".",".",".",".",".",".",".",".",".",".",".",".",".","P",".",".",".",".",".","Y",".",".",".,.,Y,G,.,.,.,.,.,.,.,.,.,.,.,.,.,.,.,.,.,P,.,.,.,.,.,Y,.,.",0,0,0,0,0,0,1,0,0,0,0,0,0,1,0,0,0,0,0,0,1,3,17
"156",156,".",".","K","H",".",".",".",".",".",".",".",".",".",".",".",".",".",".",".",".",".","K",".",".",".",".",".","K",".",".",".,.,K,H,.,.,.,.,.,.,.,.,.,.,.,.,.,.,.,.,.,K,.,.,.,.,.,K,.,.",0,0,0,0,0,0,0,1,0,1,0,0,0,0,0,0,0,0,0,0,0,2,18
"157",157,".",".","P","K",".",".",".",".",".",".",".",".",".",".",".",".",".",".",".",".",".","M",".",".",".",".",".","P",".",".",".,.,P,K,.,.,.,.,.,.,.,.,.,.,.,.,.,.,.,.,.,M,.,.,.,.,.,P,.,.",0,0,0,0,0,0,0,0,0,1,0,1,0,1,0,0,0,0,0,0,0,3,17
"158",158,".",".","A","P",".",".",".",".",".",".",".",".",".",".",".",".",".",".",".",".",".","P",".",".",".",".",".","G",".",".",".,.,A,P,.,.,.,.,.,.,.,.,.,.,.,.,.,.,.,.,.,P,.,.,.,.,.,G,.,.",0,1,0,0,0,0,1,0,0,0,0,0,0,1,0,0,0,0,0,0,0,3,17
"159",159,".",".",".","A",".",".",".",".",".",".",".",".",".",".",".",".",".",".",".",".",".",".",".",".",".",".",".",".",".",".",".,.,.,A,.,.,.,.,.,.,.,.,.,.,.,.,.,.,.,.,.,.,.,.,.,.,.,.,.,.",0,1,0,0,0,0,0,0,0,0,0,0,0,0,0,0,0,0,0,0,0,1,19
"160",160,"I","I","I","I","V","I","K","F","V","I","L","I","I","I","L","I","I","F","C","Y","I","I","I","I","Y","I","V","I","I","I","I,I,I,I,V,I,K,F,V,I,L,I,I,I,L,I,I,F,C,Y,I,I,I,I,Y,I,V,I,I,I",0,0,1,0,0,1,0,0,1,1,1,0,0,0,0,0,0,0,1,0,1,7,13
"161",161,"V","I","S","S","V","I","I","I","V","L","I","I","I","I","L","I","I","I","I","V","M","V","L","C","V","I","I","A","C","I","V,I,S,S,V,I,I,I,V,L,I,I,I,I,L,I,I,I,I,V,M,V,L,C,V,I,I,A,C,I",0,1,1,0,0,0,0,0,1,0,1,1,0,0,0,0,1,0,1,0,0,7,13
"162",162,"H","H","H","H","H","H","H","H","H","H","Y","H","H","H","H","H","H","H","H","H","H","H","H","H","H","Y","H","H","H","H","H,H,H,H,H,H,H,H,H,H,Y,H,H,H,H,H,H,H,H,H,H,H,H,H,H,Y,H,H,H,H",0,0,0,0,0,0,0,1,0,0,0,0,0,0,0,0,0,0,0,0,1,2,18
"163",163,"K","R","R","R","R","R","R","R","R","R","R","R","R","R","R","C","R","R","R","R","R","R","R","R","R","R","R","R","R","R","K,R,R,R,R,R,R,R,R,R,R,R,R,R,R,C,R,R,R,R,R,R,R,R,R,R,R,R,R,R",0,0,1,0,0,0,0,0,0,1,0,0,0,0,0,1,0,0,0,0,0,3,17
"164",164,"D","D","D","D","D","D","D","D","D","D","D","D","D","D","D","D","D","D","D","D","D","D","D","D","D","D","D","D","D","D","D,D,D,D,D,D,D,D,D,D,D,D,D,D,D,D,D,D,D,D,D,D,D,D,D,D,D,D,D,D",0,0,0,1,0,0,0,0,0,0,0,0,0,0,0,0,0,0,0,0,0,1,19
"165",165,"I","I","L","I","L","M","I","I","I","I","V","L","V","L","L","L","L","I","L","L","V","L","L","L","L","L","I","L","I","I","I,I,L,I,L,M,I,I,I,I,V,L,V,L,L,L,L,I,L,L,V,L,L,L,L,L,I,L,I,I",0,0,0,0,0,0,0,0,1,0,1,1,0,0,0,0,0,0,1,0,0,4,16
"166",166,"K","K","N","K","K","K","K","K","K","K","K","K","K","K","K","K","K","K","A","A","K","K","K","K","A","K","K","S","K","K","K,K,N,K,K,K,K,K,K,K,K,K,K,K,K,K,K,K,A,A,K,K,K,K,A,K,K,S,K,K",0,1,0,0,0,0,0,0,0,1,0,0,1,0,0,0,1,0,0,0,0,4,16
"167",167,"P","P","S","S","C","P","A","P","G","A","P","P","G","S","P","P","A","P","A","A","P","S","S","P","A","P","S","S","P","P","P,P,S,S,C,P,A,P,G,A,P,P,G,S,P,P,A,P,A,A,P,S,S,P,A,P,S,S,P,P",0,1,1,0,0,0,1,0,0,0,0,0,0,1,0,0,1,0,0,0,0,5,15
"168",168,"G","S","R","K","D","D","A","D","N","Q","E","E","A","P","S","E","E","D","R","R","H","S","K","E","R","E","D","Q","Q","E","G,S,R,K,D,D,A,D,N,Q,E,E,A,P,S,E,E,D,R,R,H,S,K,E,R,E,D,Q,Q,E",0,1,0,1,1,0,1,1,0,1,0,0,1,1,1,1,1,0,0,0,0,11,9
"169",169,"N","N","N","N","N","N","N","N","N","N","N","N","N","N","N","N","N","N","N","N","N","N","N","N","N","N","S","N","N","N","N,N,N,N,N,N,N,N,N,N,N,N,N,N,N,N,N,N,N,N,N,N,N,N,N,N,S,N,N,N",0,0,0,0,0,0,0,0,0,0,0,0,1,0,0,0,1,0,0,0,0,2,18
"170",170,"L","I","V","V","L","I","V","F","V","I","F","V","L","M","V","I","V","I","C","I","V","I","V","L","I","L","I","V","L","I","L,I,V,V,L,I,V,F,V,I,F,V,L,M,V,I,V,I,C,I,V,I,V,L,I,L,I,V,L,I",0,0,1,0,0,1,0,0,1,0,1,1,0,0,0,0,0,0,1,0,0,6,14
"171",171,"L","L","L","L","L","L","L","L","M","F","L","L","L","L","L","L","F","L","L","L","M","L","F","L","L","I","L","L","L","L","L,L,L,L,L,L,L,L,M,F,L,L,L,L,L,L,F,L,L,L,M,L,F,L,L,I,L,L,L,L",0,0,0,0,0,1,0,0,1,0,1,1,0,0,0,0,0,0,0,0,0,4,16
"172",172,"L","L","V","L","L","L","L","M","L","L","I","L","I","I","L","L","Y","I","V","I","I","V","L","L","V","L","L","I","L","V","L,L,V,L,L,L,L,M,L,L,I,L,I,I,L,L,Y,I,V,I,I,V,L,L,V,L,L,I,L,V",0,0,0,0,0,0,0,0,1,0,1,1,0,0,0,0,0,0,1,0,1,5,15
"173",173,"T","D","K","K","D","D","S","G","M","S","G","S","D","T","D","K","T","D","G","N","D","K","K","D","N","D","T","R","D","S","T,D,K,K,D,D,S,G,M,S,G,S,D,T,D,K,T,D,G,N,D,K,K,D,N,D,T,R,D,S",0,0,0,1,0,0,1,0,0,1,0,1,1,0,0,1,1,1,0,0,0,8,12
"174",174,"T","R","N","N","K","E","E","I","P","K","R","S","S","Y","P","H","S","R","E","S","H","N","N","E","S","A","S","E","P","Q","T,R,N,N,K,E,E,I,P,K,R,S,S,Y,P,H,S,R,E,S,H,N,N,E,S,A,S,E,P,Q",0,1,0,0,1,0,0,1,1,1,0,0,1,1,1,1,1,1,0,0,1,12,8
"175",175,"G","S","D","N","D","H","H","G","T","N","P","Q","T","D","E","H","N","D","N","N","E","D","N","K","N","E","D","D","D","S","G,S,D,N,D,H,H,G,T,N,P,Q,T,D,E,H,N,D,N,N,E,D,N,K,N,E,D,D,D,S",0,0,0,1,1,0,1,1,0,1,0,0,1,1,1,0,1,1,0,0,0,10,10
"176",176,"G","G","G","L","F","G","G","R","G","G","G","E","G","D","L","G","T","G","N","L","H","L","L","N","L","G","G","G","T","G","G,G,G,L,F,G,G,R,G,G,G,E,G,D,L,G,T,G,N,L,H,L,L,N,L,G,G,G,T,G",0,0,0,1,1,1,1,1,0,0,1,0,1,0,0,1,0,1,0,0,0,9,11
"177",177,"T","N","T","T","N","H","E","H","I","M","N","E","Q","V","H","R","C","H","V","V","R","T",".","N","V","Y","R","S","A","I","T,N,T,T,N,H,E,H,I,M,N,E,Q,V,H,R,C,H,V,V,R,T,.,N,V,Y,R,S,A,I",0,1,1,0,1,0,0,1,1,0,0,1,1,0,1,1,1,1,1,0,1,13,7
"178",178,".",".",".",".",".",".",".","C",".","V","K","D","R",".",".","S",".",".",".",".","K",".",".",".",".",".",".",".","V",".",".,.,.,.,.,.,.,C,.,V,K,D,R,.,.,S,.,.,.,.,K,.,.,.,.,.,.,.,V,.",0,0,1,1,0,0,0,0,0,1,0,0,0,0,0,1,1,0,1,0,0,6,14
"179",179,".",".",".",".",".",".",".","N",".",".","T","C",".",".",".","S",".",".",".",".",".",".",".",".",".",".",".",".",".",".",".,.,.,.,.,.,.,N,.,.,T,C,.,.,.,S,.,.,.,.,.,.,.,.,.,.,.,.,.,.",0,0,1,0,0,0,0,0,0,0,0,0,1,0,0,0,1,1,0,0,0,4,16
"180",180,".",".",".",".",".",".",".","K",".",".","Q","L",".",".",".",".",".",".",".",".",".",".",".",".",".",".",".",".",".",".",".,.,.,.,.,.,.,K,.,.,Q,L,.,.,.,.,.,.,.,.,.,.,.,.,.,.,.,.,.,.",0,0,0,0,0,0,0,0,0,1,1,0,0,0,1,0,0,0,0,0,0,3,17
"181",181,".",".",".",".",".",".",".","C",".",".","Q",".",".",".",".",".",".",".",".",".",".",".",".",".",".",".",".",".",".",".",".,.,.,.,.,.,.,C,.,.,Q,.,.,.,.,.,.,.,.,.,.,.,.,.,.,.,.,.,.,.",0,0,1,0,0,0,0,0,0,0,0,0,0,0,1,0,0,0,0,0,0,2,18
"182",182,".",".",".",".",".",".",".","L",".",".","V",".",".",".",".",".",".",".",".",".",".",".",".",".",".",".",".",".",".",".",".,.,.,.,.,.,.,L,.,.,V,.,.,.,.,.,.,.,.,.,.,.,.,.,.,.,.,.,.,.",0,0,0,0,0,0,0,0,0,0,1,0,0,0,0,0,0,0,1,0,0,2,18
"183",183,".",".",".",".",".",".",".","E",".",".",".",".",".",".",".",".",".",".",".",".",".",".",".",".",".",".",".",".",".",".",".,.,.,.,.,.,.,E,.,.,.,.,.,.,.,.,.,.,.,.,.,.,.,.,.,.,.,.,.,.",0,0,0,0,1,0,0,0,0,0,0,0,0,0,0,0,0,0,0,0,0,1,19
"184",184,".",".",".",".",".",".",".","S",".",".",".",".",".",".",".",".",".",".",".",".",".",".",".",".",".",".",".",".",".",".",".,.,.,.,.,.,.,S,.,.,.,.,.,.,.,.,.,.,.,.,.,.,.,.,.,.,.,.,.,.",0,0,0,0,0,0,0,0,0,0,0,0,0,0,0,0,1,0,0,0,0,1,19
"185",185,".",".",".",".",".",".",".","P",".",".",".",".",".",".",".",".",".",".",".",".",".",".",".",".",".",".",".",".",".",".",".,.,.,.,.,.,.,P,.,.,.,.,.,.,.,.,.,.,.,.,.,.,.,.,.,.,.,.,.,.",0,0,0,0,0,0,0,0,0,0,0,0,0,1,0,0,0,0,0,0,0,1,19
"186",186,".",".",".",".",".",".",".","V",".",".",".",".",".",".",".",".",".",".",".",".",".",".",".",".",".",".",".",".",".",".",".,.,.,.,.,.,.,V,.,.,.,.,.,.,.,.,.,.,.,.,.,.,.,.,.,.,.,.,.,.",0,0,0,0,0,0,0,0,0,0,0,0,0,0,0,0,0,0,1,0,0,1,19
"187",187,".",".",".",".",".",".",".","G",".",".",".",".",".",".",".",".",".",".",".",".",".",".",".",".",".",".",".",".",".",".",".,.,.,.,.,.,.,G,.,.,.,.,.,.,.,.,.,.,.,.,.,.,.,.,.,.,.,.,.,.",0,0,0,0,0,0,1,0,0,0,0,0,0,0,0,0,0,0,0,0,0,1,19
"188",188,".",".",".",".",".",".",".","K",".",".",".",".",".",".",".",".",".",".",".",".",".",".",".",".",".",".",".",".",".",".",".,.,.,.,.,.,.,K,.,.,.,.,.,.,.,.,.,.,.,.,.,.,.,.,.,.,.,.,.,.",0,0,0,0,0,0,0,0,0,1,0,0,0,0,0,0,0,0,0,0,0,1,19
"189",189,".",".",".",".",".",".",".","R",".",".",".",".",".",".",".",".",".",".",".",".",".",".",".",".",".",".",".",".",".",".",".,.,.,.,.,.,.,R,.,.,.,.,.,.,.,.,.,.,.,.,.,.,.,.,.,.,.,.,.,.",0,0,0,0,0,0,0,0,0,0,0,0,0,0,0,1,0,0,0,0,0,1,19
"190",190,".",".",".",".",".",".",".","K",".",".",".",".",".",".",".",".",".",".",".",".",".",".",".",".",".",".",".",".",".",".",".,.,.,.,.,.,.,K,.,.,.,.,.,.,.,.,.,.,.,.,.,.,.,.,.,.,.,.,.,.",0,0,0,0,0,0,0,0,0,1,0,0,0,0,0,0,0,0,0,0,0,1,19
"191",191,".",".",".",".",".",".",".","R",".",".",".",".",".",".",".",".",".",".",".",".",".",".",".",".",".",".",".",".",".",".",".,.,.,.,.,.,.,R,.,.,.,.,.,.,.,.,.,.,.,.,.,.,.,.,.,.,.,.,.,.",0,0,0,0,0,0,0,0,0,0,0,0,0,0,0,1,0,0,0,0,0,1,19
"192",192,".",".",".",".",".",".",".","S",".",".",".",".",".",".",".",".",".",".",".",".",".",".",".",".",".",".",".",".",".",".",".,.,.,.,.,.,.,S,.,.,.,.,.,.,.,.,.,.,.,.,.,.,.,.,.,.,.,.,.,.",0,0,0,0,0,0,0,0,0,0,0,0,0,0,0,0,1,0,0,0,0,1,19
"193",193,".",".",".",".",".",".",".","M",".",".",".",".",".",".",".",".",".",".",".",".",".",".",".",".",".",".",".",".",".",".",".,.,.,.,.,.,.,M,.,.,.,.,.,.,.,.,.,.,.,.,.,.,.,.,.,.,.,.,.,.",0,0,0,0,0,0,0,0,0,0,0,1,0,0,0,0,0,0,0,0,0,1,19
"194",194,".",".",".",".",".",".",".","T",".",".",".",".",".",".",".",".",".",".",".",".",".",".",".",".",".",".",".",".",".",".",".,.,.,.,.,.,.,T,.,.,.,.,.,.,.,.,.,.,.,.,.,.,.,.,.,.,.,.,.,.",0,0,0,0,0,0,0,0,0,0,0,0,0,0,0,0,0,1,0,0,0,1,19
"195",195,".",".",".",".",".",".",".","V",".",".",".",".",".",".",".",".",".",".",".",".",".",".",".",".",".",".",".",".",".",".",".,.,.,.,.,.,.,V,.,.,.,.,.,.,.,.,.,.,.,.,.,.,.,.,.,.,.,.,.,.",0,0,0,0,0,0,0,0,0,0,0,0,0,0,0,0,0,0,1,0,0,1,19
"196",196,".",".",".",".",".",".",".","S",".",".",".",".",".",".",".",".",".",".",".",".",".",".",".",".",".",".",".",".",".",".",".,.,.,.,.,.,.,S,.,.,.,.,.,.,.,.,.,.,.,.,.,.,.,.,.,.,.,.,.,.",0,0,0,0,0,0,0,0,0,0,0,0,0,0,0,0,1,0,0,0,0,1,19
"197",197,".",".",".",".",".",".",".","T",".",".",".",".",".",".",".",".",".",".",".",".",".",".",".",".",".",".",".",".",".",".",".,.,.,.,.,.,.,T,.,.,.,.,.,.,.,.,.,.,.,.,.,.,.,.,.,.,.,.,.,.",0,0,0,0,0,0,0,0,0,0,0,0,0,0,0,0,0,1,0,0,0,1,19
"198",198,".",".",".",".",".",".",".","S",".",".",".",".",".",".",".",".",".",".",".",".",".",".",".",".",".",".",".",".",".",".",".,.,.,.,.,.,.,S,.,.,.,.,.,.,.,.,.,.,.,.,.,.,.,.,.,.,.,.,.,.",0,0,0,0,0,0,0,0,0,0,0,0,0,0,0,0,1,0,0,0,0,1,19
"199",199,".",".",".",".",".",".",".","Q",".",".",".",".",".",".",".",".",".",".",".",".",".",".",".",".",".",".",".",".",".",".",".,.,.,.,.,.,.,Q,.,.,.,.,.,.,.,.,.,.,.,.,.,.,.,.,.,.,.,.,.,.",0,0,0,0,0,0,0,0,0,0,0,0,0,0,1,0,0,0,0,0,0,1,19
"200",200,".",".",".",".",".",".",".","D",".",".",".",".",".",".",".",".",".",".",".",".",".",".",".",".",".",".",".",".",".",".",".,.,.,.,.,.,.,D,.,.,.,.,.,.,.,.,.,.,.,.,.,.,.,.,.,.,.,.,.,.",0,0,0,1,0,0,0,0,0,0,0,0,0,0,0,0,0,0,0,0,0,1,19
"201",201,".",".",".",".",".",".",".","P",".",".",".",".",".",".",".",".",".",".",".",".",".",".",".",".",".",".",".",".",".",".",".,.,.,.,.,.,.,P,.,.,.,.,.,.,.,.,.,.,.,.,.,.,.,.,.,.,.,.,.,.",0,0,0,0,0,0,0,0,0,0,0,0,0,1,0,0,0,0,0,0,0,1,19
"202",202,".",".",".",".",".",".",".","S",".",".",".",".",".",".",".",".",".",".",".",".",".",".",".",".",".",".",".",".",".",".",".,.,.,.,.,.,.,S,.,.,.,.,.,.,.,.,.,.,.,.,.,.,.,.,.,.,.,.,.,.",0,0,0,0,0,0,0,0,0,0,0,0,0,0,0,0,1,0,0,0,0,1,19
"203",203,".",".",".",".",".",".",".","F",".",".",".",".",".",".",".",".",".",".",".",".",".",".",".",".",".",".",".",".",".",".",".,.,.,.,.,.,.,F,.,.,.,.,.,.,.,.,.,.,.,.,.,.,.,.,.,.,.,.,.,.",0,0,0,0,0,1,0,0,0,0,0,0,0,0,0,0,0,0,0,0,0,1,19
"204",204,".",".",".",".",".",".",".","S",".",".",".",".",".",".",".",".",".",".",".",".",".",".",".",".",".",".",".",".",".",".",".,.,.,.,.,.,.,S,.,.,.,.,.,.,.,.,.,.,.,.,.,.,.,.,.,.,.,.,.,.",0,0,0,0,0,0,0,0,0,0,0,0,0,0,0,0,1,0,0,0,0,1,19
"205",205,".",".",".",".",".",".",".","G",".",".",".",".",".",".",".",".",".",".",".",".",".",".",".",".",".",".",".",".",".",".",".,.,.,.,.,.,.,G,.,.,.,.,.,.,.,.,.,.,.,.,.,.,.,.,.,.,.,.,.,.",0,0,0,0,0,0,1,0,0,0,0,0,0,0,0,0,0,0,0,0,0,1,19
"206",206,".",".",".",".",".",".",".","L",".",".",".",".",".",".",".",".",".",".",".",".",".",".",".",".",".",".",".",".",".",".",".,.,.,.,.,.,.,L,.,.,.,.,.,.,.,.,.,.,.,.,.,.,.,.,.,.,.,.,.,.",0,0,0,0,0,0,0,0,0,0,1,0,0,0,0,0,0,0,0,0,0,1,19
"207",207,".",".",".",".",".",".",".","N",".",".",".",".",".",".",".",".",".",".",".",".",".",".",".",".",".",".",".",".",".",".",".,.,.,.,.,.,.,N,.,.,.,.,.,.,.,.,.,.,.,.,.,.,.,.,.,.,.,.,.,.",0,0,0,0,0,0,0,0,0,0,0,0,1,0,0,0,0,0,0,0,0,1,19
"208",208,".",".",".",".",".",".",".","Q",".",".",".",".",".",".",".",".",".",".",".",".",".",".",".",".",".",".",".",".",".",".",".,.,.,.,.,.,.,Q,.,.,.,.,.,.,.,.,.,.,.,.,.,.,.,.,.,.,.,.,.,.",0,0,0,0,0,0,0,0,0,0,0,0,0,0,1,0,0,0,0,0,0,1,19
"209",209,"L","I","C","A","I","V","V","L","I","A","I","I","L","V","V","T","V","I","L","C","L","C","L","I","C","L","I","C","L","T","L,I,C,A,I,V,V,L,I,A,I,I,L,V,V,T,V,I,L,C,L,C,L,I,C,L,I,C,L,T",0,1,1,0,0,0,0,0,1,0,1,0,0,0,0,0,0,1,1,0,0,6,14
"210",210,"K","K","V","C","K","H","K","F","K","K","H","K","R","K","K","K","K","K","K","K","R","C","K","R","K","K","K","A","K","K","K,K,V,C,K,H,K,F,K,K,H,K,R,K,K,K,K,K,K,K,R,C,K,R,K,K,K,A,K,K",0,1,1,0,0,1,0,1,0,1,0,0,0,0,0,1,0,0,1,0,0,7,13
"211",211,"I","L","I","I","L","I","L","L","L","L","I","I","I","I","L","V","V","L","I","V","L","L","I","I","V","L","L","I","L","L","I,L,I,I,L,I,L,L,L,L,I,I,I,I,L,V,V,L,I,V,L,L,I,I,V,L,L,I,L,L",0,0,0,0,0,0,0,0,1,0,1,0,0,0,0,0,0,0,1,0,0,3,17
"212",212,"S","C","S","A","S","T","A","I","I","G","I","T","A","S","A","I","G","T","S","S","I","C","G","A","S","V","S","G","C","C","S,C,S,A,S,T,A,I,I,G,I,T,A,S,A,I,G,T,S,S,I,C,G,A,S,V,S,G,C,C",0,1,1,0,0,0,1,0,1,0,0,0,0,0,0,0,1,1,1,0,0,7,13
"213",213,"D","D","D","D","D","D","D","D","D","D","D","D","D","D","D","D","D","D","D","D","D","D","D","D","D","D","D","D","D","D","D,D,D,D,D,D,D,D,D,D,D,D,D,D,D,D,D,D,D,D,D,D,D,D,D,D,D,D,D,D",0,0,0,1,0,0,0,0,0,0,0,0,0,0,0,0,0,0,0,0,0,1,19
"214",214,"L","F","F","F","F","F","F","F","F","F","F","F","F","F","F","F","F","F","F","F","W","F","F","F","F","F","F","L","F","F","L,F,F,F,F,F,F,F,F,F,F,F,F,F,F,F,F,F,F,F,W,F,F,F,F,F,F,L,F,F",0,0,0,0,0,1,0,0,0,0,1,0,0,0,0,0,0,0,0,1,0,3,17
"215",215,"G","G","G","G","S","N","G","G","G","G","G","G","G","G","G","G","G","G","G","G","G","G","G","G","G","G","G","G","G","G","G,G,G,G,S,N,G,G,G,G,G,G,G,G,G,G,G,G,G,G,G,G,G,G,G,G,G,G,G,G",0,0,0,0,0,0,1,0,0,0,0,0,1,0,0,0,1,0,0,0,0,3,17
"216",216,"V","I","L","L","F","I","V","L","C","I","L","H","A","T","L","S","F","L","M","L","L","L","V","M","L","F","F","L","S","F","V,I,L,L,F,I,V,L,C,I,L,H,A,T,L,S,F,L,M,L,L,L,V,M,L,F,F,L,S,F",0,1,1,0,0,1,0,1,1,0,1,1,0,0,0,0,1,1,1,0,0,10,10
"217",217,"A","S","S","A","S","A","A","A","A","A","A","S","A","S","S","S","S","C","S","S","A","S","S","A","S","A","C","A","A","A","A,S,S,A,S,A,A,A,A,A,A,S,A,S,S,S,S,C,S,S,A,S,S,A,S,A,C,A,A,A",0,1,1,0,0,0,0,0,0,0,0,0,0,0,0,0,1,0,0,0,0,3,17
"218",218,"E","G","M","L","K","A","G","K","R","R","K","K","A","K","T","C","T","T","R","R","E","L","R","S","R","K","A","L","K","R","E,G,M,L,K,A,G,K,R,R,K,K,A,K,T,C,T,T,R,R,E,L,R,S,R,K,A,L,K,R",0,1,1,0,1,0,1,0,0,1,1,1,0,0,0,1,1,1,0,0,0,10,10
"219",219,"A","Q","R","K","R","M","Q","K","R","V","E","I","R","E","F","F","V","G","Q","V","F","R","L","L","V","K","Q","V","Q","T","A,Q,R,K,R,M,Q,K,R,V,E,I,R,E,F,F,V,G,Q,V,F,R,L,L,V,K,Q,V,Q,T",0,1,0,0,1,1,1,0,1,1,1,1,0,0,1,1,0,1,1,0,0,12,8
"220",220,"L","L","L","F","C","L","L","Y","L","L","Y","L","L","L","Q","E","S","F",".","L","Y","L","L","Q","I","I","V","L","L","L","L,L,L,F,C,L,L,Y,L,L,Y,L,L,L,Q,E,S,F,.,L,Y,L,L,Q,I,I,V,L,L,L",0,0,1,0,1,1,0,0,1,0,1,0,0,0,1,0,1,0,1,0,1,9,11
"221",221,"H","V","T","E","L","P","T","R","A","N","I",".","A","S",".","Y","K","R",".",".","H","D","M","V",".",".","S","P","V","A","H,V,T,E,L,P,T,R,A,N,I,.,A,S,.,Y,K,R,.,.,H,D,M,V,.,.,S,P,V,A",0,1,0,1,1,0,0,1,1,1,1,1,1,1,0,1,1,1,1,0,1,15,5
"222",222,"P","D",".","A",".","R",".","D","W","N","D",".","S","D",".","Q","K","W",".",".","P","P",".",".",".",".","K",".","R","A","P,D,.,A,.,R,.,D,W,N,D,.,S,D,.,Q,K,W,.,.,P,P,.,.,.,.,K,.,R,A",0,1,0,1,0,0,0,0,0,1,0,0,1,1,1,1,1,0,0,1,0,9,11
"223",223,"F","S",".",".",".",".",".","N","A","S","P",".","K","K",".","K",".","T",".",".",".","T",".",".",".",".",".",".",".","P","F,S,.,.,.,.,.,N,A,S,P,.,K,K,.,K,.,T,.,.,.,T,.,.,.,.,.,.,.,P",0,1,0,0,0,1,0,0,0,1,0,0,1,1,0,0,1,1,0,0,0,7,13
"224",224,"A","I","G","G",".",".",".","R","G","M","E","G","G","S","G","L","G","H",".",".","G","L","G","G",".","G",".","G","G","G","A,I,G,G,.,.,.,R,G,M,E,G,G,S,G,L,G,H,.,.,G,L,G,G,.,G,.,G,G,G",0,1,0,0,1,0,1,1,1,0,1,1,0,0,0,1,1,0,0,0,0,9,11
"225",225,".","A","N","K",".",".",".","T","L",".","T","E","T","T","G","Y",".","D",".",".","Q","S","S","D",".","S",".","L","E","D",".,A,N,K,.,.,.,T,L,.,T,E,T,T,G,Y,.,D,.,.,Q,S,S,D,.,S,.,L,E,D",0,1,0,1,1,0,1,0,0,1,1,0,1,0,1,0,1,1,0,0,1,11,9
"226",226,".","K","R","S",".",".",".","R","N",".","K","T","G","K","S",".",".","S",".",".","E",".","C","S",".","G",".","T","P","I",".,K,R,S,.,.,.,R,N,.,K,T,G,K,S,.,.,S,.,.,E,.,C,S,.,G,.,T,P,I",0,0,1,0,1,0,1,0,1,1,0,0,1,1,0,1,1,1,0,0,0,10,10
"227",227,".",".","L","A",".",".",".","Q","G",".","K","S","A","M","Q",".",".","K",".",".","Y",".","D","L",".","Q",".","Q","N","Y",".,.,L,A,.,.,.,Q,G,.,K,S,A,M,Q,.,.,K,.,.,Y,.,D,L,.,Q,.,Q,N,Y",0,1,0,1,0,0,1,0,0,1,1,1,1,0,1,0,1,0,0,0,1,10,10
"228",228,".",".","V","G",".",".",".","H","T",".","H","L","G",".","S",".",".","Y",".",".","N",".","L","L",".","K",".","P","V",".",".,.,V,G,.,.,.,H,T,.,H,L,G,.,S,.,.,Y,.,.,N,.,L,L,.,K,.,P,V,.",0,0,0,0,0,0,1,1,0,1,1,0,1,1,0,0,1,1,1,0,1,10,10
"229",229,".",".","R","D",".",".",".","I","H",".","I","M",".",".","G",".",".","Y",".",".",".",".","A","E",".","T",".","P",".",".",".,.,R,D,.,.,.,I,H,.,I,M,.,.,G,.,.,Y,.,.,.,.,A,E,.,T,.,P,.,.",0,1,0,1,1,0,1,1,1,0,0,1,0,1,0,1,0,1,0,0,1,11,9
"230",230,".",".","P",".",".",".",".","P",".",".","P","R",".",".","T",".",".","Q",".",".",".",".","T",".",".","W",".","A",".",".",".,.,P,.,.,.,.,P,.,.,P,R,.,.,T,.,.,Q,.,.,.,.,T,.,.,W,.,A,.,.",0,1,0,0,0,0,0,0,0,0,0,0,0,1,1,1,0,1,0,1,0,6,14
"231",231,".",".","G",".",".",".",".","Y",".",".","Y",".",".",".","G",".",".","S",".",".",".",".",".",".",".",".",".","W",".",".",".,.,G,.,.,.,.,Y,.,.,Y,.,.,.,G,.,.,S,.,.,.,.,.,.,.,.,.,W,.,.",0,0,0,0,0,0,1,0,0,0,0,0,0,0,0,0,1,0,0,1,1,4,16
"232",232,".",".",".",".",".",".",".","R",".",".","R",".",".",".",".",".",".","G",".",".",".",".",".",".",".",".",".","T",".",".",".,.,.,.,.,.,.,R,.,.,R,.,.,.,.,.,.,G,.,.,.,.,.,.,.,.,.,T,.,.",0,0,0,0,0,0,1,0,0,0,0,0,0,0,0,1,0,1,0,0,0,3,17
"233",233,"A",".","E",".","R","E","D","E","S","E","E",".","E",".",".",".","E","D","E","E",".","V",".",".","E",".","E","P",".",".","A,.,E,.,R,E,D,E,S,E,E,.,E,.,.,.,E,D,E,E,.,V,.,.,E,.,E,P,.,.",0,1,0,1,1,0,0,0,0,0,0,0,0,1,0,1,1,0,1,0,0,7,13
"234",234,"D",".","E",".","D","T","T","D","D","L","H",".","F",".",".",".","M","H","D","D",".","D",".",".","D",".","V","T",".",".","D,.,E,.,D,T,T,D,D,L,H,.,F,.,.,.,M,H,D,D,.,D,.,.,D,.,V,T,.,.",0,0,0,1,1,1,0,1,0,0,1,1,0,0,0,0,0,1,1,0,0,8,12
"235",235,"D",".","D",".","D","Q","Q","K","M","A","K",".","Q",".",".",".","L","P","G","D",".","D",".",".","D",".","P","Q",".",".","D,.,D,.,D,Q,Q,K,M,A,K,.,Q,.,.,.,L,P,G,D,.,D,.,.,D,.,P,Q,.,.",0,1,0,1,0,0,1,0,0,1,1,1,0,1,1,0,0,0,0,0,0,8,12
"236",236,"T",".","N",".","S","I","I",".","L","R",".",".","G",".",".",".","N","R",".","P",".","L",".",".","P",".","K","P",".",".","T,.,N,.,S,I,I,.,L,R,.,.,G,.,.,.,N,R,.,P,.,L,.,.,P,.,K,P,.,.",0,0,0,0,0,0,1,0,1,1,1,0,1,1,0,1,1,1,0,0,0,9,11
"237",237,"C",".",".",".","G","T","K",".","K",".",".",".",".",".",".",".",".","Q",".","E",".","A",".",".","E",".","R","Q",".",".","C,.,.,.,G,T,K,.,K,.,.,.,.,.,.,.,.,Q,.,E,.,A,.,.,E,.,R,Q,.,.",0,1,1,0,1,0,1,0,0,1,0,0,0,0,1,1,0,1,0,0,0,8,12
"238",238,"R",".",".",".","R",".","R",".",".",".",".",".",".",".",".",".",".","D",".",".",".","N",".",".",".",".","K","G",".",".","R,.,.,.,R,.,R,.,.,.,.,.,.,.,.,.,.,D,.,.,.,N,.,.,.,.,K,G,.,.",0,0,0,1,0,0,1,0,0,1,0,0,1,0,0,1,0,0,0,0,0,5,15
"239",239,".",".",".",".","M",".","N",".",".",".",".",".",".",".",".",".",".","S",".",".",".",".",".",".",".",".",".","P",".",".",".,.,.,.,M,.,N,.,.,.,.,.,.,.,.,.,.,S,.,.,.,.,.,.,.,.,.,P,.,.",0,0,0,0,0,0,0,0,0,0,0,1,1,1,0,0,1,0,0,0,0,4,16
"240",240,".",".","A",".","A",".",".",".",".",".",".",".",".",".",".",".",".","M","G","A",".",".",".",".","A",".",".","A",".",".",".,.,A,.,A,.,.,.,.,.,.,.,.,.,.,.,.,M,G,A,.,.,.,.,A,.,.,A,.,.",0,1,0,0,0,0,1,0,0,0,0,1,0,0,0,0,0,0,0,0,0,3,17
"241",241,".",".","A",".","L",".",".",".",".",".",".",".",".",".",".",".",".","D","V","A",".",".",".",".","V",".",".","A",".",".",".,.,A,.,L,.,.,.,.,.,.,.,.,.,.,.,.,D,V,A,.,.,.,.,V,.,.,A,.,.",0,1,0,1,0,0,0,0,0,0,1,0,0,0,0,0,0,0,1,0,0,4,16
"242",242,".",".","I",".","S",".",".",".",".",".",".",".",".",".",".",".",".","F","Y","Y",".",".",".",".","Y",".",".","I",".",".",".,.,I,.,S,.,.,.,.,.,.,.,.,.,.,.,.,F,Y,Y,.,.,.,.,Y,.,.,I,.,.",0,0,0,0,0,1,0,0,1,0,0,0,0,0,0,0,1,0,0,0,1,4,16
"243",243,".",".",".",".","K",".",".",".",".",".",".",".",".",".",".",".",".","S",".",".",".",".",".",".",".",".",".",".",".",".",".,.,.,.,K,.,.,.,.,.,.,.,.,.,.,.,.,S,.,.,.,.,.,.,.,.,.,.,.,.",0,0,0,0,0,0,0,0,0,1,0,0,0,0,0,0,1,0,0,0,0,2,18
"244",244,".",".",".",".",".",".",".",".",".",".",".",".",".",".",".",".",".","N",".",".",".",".",".",".",".",".",".",".",".",".",".,.,.,.,.,.,.,.,.,.,.,.,.,.,.,.,.,N,.,.,.,.,.,.,.,.,.,.,.,.",0,0,0,0,0,0,0,0,0,0,0,0,1,0,0,0,0,0,0,0,0,1,19
"245",245,".",".",".",".",".",".",".",".",".",".",".",".",".",".",".",".",".","E",".",".",".",".",".",".",".",".",".",".",".",".",".,.,.,.,.,.,.,.,.,.,.,.,.,.,.,.,.,E,.,.,.,.,.,.,.,.,.,.,.,.",0,0,0,0,1,0,0,0,0,0,0,0,0,0,0,0,0,0,0,0,0,1,19
"246",246,".",".",".",".",".",".",".",".",".",".",".",".",".",".",".",".",".","W",".",".",".",".",".",".",".",".",".",".",".",".",".,.,.,.,.,.,.,.,.,.,.,.,.,.,.,.,.,W,.,.,.,.,.,.,.,.,.,.,.,.",0,0,0,0,0,0,0,0,0,0,0,0,0,0,0,0,0,0,0,1,0,1,19
"247",247,".",".",".",".",".",".",".",".",".",".",".",".",".",".",".",".",".","G",".",".",".",".",".",".",".",".",".",".",".",".",".,.,.,.,.,.,.,.,.,.,.,.,.,.,.,.,.,G,.,.,.,.,.,.,.,.,.,.,.,.",0,0,0,0,0,0,1,0,0,0,0,0,0,0,0,0,0,0,0,0,0,1,19
"248",248,".",".",".",".",".",".",".",".",".",".",".",".",".",".",".",".",".","D",".",".",".",".",".",".",".",".",".",".",".",".",".,.,.,.,.,.,.,.,.,.,.,.,.,.,.,.,.,D,.,.,.,.,.,.,.,.,.,.,.,.",0,0,0,1,0,0,0,0,0,0,0,0,0,0,0,0,0,0,0,0,0,1,19
"249",249,".",".",".",".",".",".",".",".",".",".",".",".",".",".",".",".",".","P",".",".",".",".",".",".",".",".",".",".",".",".",".,.,.,.,.,.,.,.,.,.,.,.,.,.,.,.,.,P,.,.,.,.,.,.,.,.,.,.,.,.",0,0,0,0,0,0,0,0,0,0,0,0,0,1,0,0,0,0,0,0,0,1,19
"250",250,".",".",".",".",".",".",".",".",".",".",".",".",".",".",".",".",".","S",".",".",".",".",".",".",".",".",".",".",".",".",".,.,.,.,.,.,.,.,.,.,.,.,.,.,.,.,.,S,.,.,.,.,.,.,.,.,.,.,.,.",0,0,0,0,0,0,0,0,0,0,0,0,0,0,0,0,1,0,0,0,0,1,19
"251",251,".",".",".",".",".",".",".",".",".",".",".",".",".",".",".",".",".","S",".",".",".",".",".",".",".",".",".",".",".",".",".,.,.,.,.,.,.,.,.,.,.,.,.,.,.,.,.,S,.,.,.,.,.,.,.,.,.,.,.,.",0,0,0,0,0,0,0,0,0,0,0,0,0,0,0,0,1,0,0,0,0,1,19
"252",252,".",".",".",".",".",".",".",".",".",".",".",".",".",".",".",".",".","C",".",".",".",".",".",".",".",".",".",".",".",".",".,.,.,.,.,.,.,.,.,.,.,.,.,.,.,.,.,C,.,.,.,.,.,.,.,.,.,.,.,.",0,0,1,0,0,0,0,0,0,0,0,0,0,0,0,0,0,0,0,0,0,1,19
"253",253,".",".",".",".",".",".",".",".",".",".",".",".",".",".",".",".",".","R",".",".",".",".",".",".",".",".",".",".",".",".",".,.,.,.,.,.,.,.,.,.,.,.,.,.,.,.,.,R,.,.,.,.,.,.,.,.,.,.,.,.",0,0,0,0,0,0,0,0,0,0,0,0,0,0,0,1,0,0,0,0,0,1,19
"254",254,".",".",".",".",".",".",".",".",".",".",".",".",".",".",".",".",".","C",".",".",".",".",".",".",".",".",".",".",".",".",".,.,.,.,.,.,.,.,.,.,.,.,.,.,.,.,.,C,.,.,.,.,.,.,.,.,.,.,.,.",0,0,1,0,0,0,0,0,0,0,0,0,0,0,0,0,0,0,0,0,0,1,19
"255",255,".",".",".",".",".",".",".",".",".",".",".",".",".",".",".",".",".","G",".",".",".",".",".",".",".",".",".",".",".",".",".,.,.,.,.,.,.,.,.,.,.,.,.,.,.,.,.,G,.,.,.,.,.,.,.,.,.,.,.,.",0,0,0,0,0,0,1,0,0,0,0,0,0,0,0,0,0,0,0,0,0,1,19
"256",256,".",".",".",".",".",".",".",".",".",".",".",".",".",".",".",".",".","D",".",".",".",".",".",".",".",".",".",".",".",".",".,.,.,.,.,.,.,.,.,.,.,.,.,.,.,.,.,D,.,.,.,.,.,.,.,.,.,.,.,.",0,0,0,1,0,0,0,0,0,0,0,0,0,0,0,0,0,0,0,0,0,1,19
"257",257,".",".",".",".",".",".",".",".",".",".",".",".",".",".",".",".",".","R",".",".",".",".",".",".",".",".",".",".",".",".",".,.,.,.,.,.,.,.,.,.,.,.,.,.,.,.,.,R,.,.,.,.,.,.,.,.,.,.,.,.",0,0,0,0,0,0,0,0,0,0,0,0,0,0,0,1,0,0,0,0,0,1,19
"258",258,".",".",".",".",".",".",".",".",".",".",".",".",".",".",".",".",".","L",".",".",".",".",".",".",".",".",".",".",".",".",".,.,.,.,.,.,.,.,.,.,.,.,.,.,.,.,.,L,.,.,.,.,.,.,.,.,.,.,.,.",0,0,0,0,0,0,0,0,0,0,1,0,0,0,0,0,0,0,0,0,0,1,19
"259",259,".",".",".",".",".",".",".",".",".",".",".",".",".",".",".",".",".","K",".",".",".",".",".",".",".",".",".",".",".",".",".,.,.,.,.,.,.,.,.,.,.,.,.,.,.,.,.,K,.,.,.,.,.,.,.,.,.,.,.,.",0,0,0,0,0,0,0,0,0,1,0,0,0,0,0,0,0,0,0,0,0,1,19
"260",260,".",".",".",".",".",".",".",".",".",".",".",".",".",".",".",".",".","P",".",".",".",".",".",".",".",".",".",".",".",".",".,.,.,.,.,.,.,.,.,.,.,.,.,.,.,.,.,P,.,.,.,.,.,.,.,.,.,.,.,.",0,0,0,0,0,0,0,0,0,0,0,0,0,1,0,0,0,0,0,0,0,1,19
"261",261,".",".",".",".",".",".",".",".",".",".",".",".",".",".",".",".",".","L",".",".",".",".",".",".",".",".",".",".",".",".",".,.,.,.,.,.,.,.,.,.,.,.,.,.,.,.,.,L,.,.,.,.,.,.,.,.,.,.,.,.",0,0,0,0,0,0,0,0,0,0,1,0,0,0,0,0,0,0,0,0,0,1,19
"262",262,".",".",".",".",".",".",".",".",".",".",".",".",".",".",".",".",".","E",".",".",".",".",".",".",".",".",".",".",".",".",".,.,.,.,.,.,.,.,.,.,.,.,.,.,.,.,.,E,.,.,.,.,.,.,.,.,.,.,.,.",0,0,0,0,1,0,0,0,0,0,0,0,0,0,0,0,0,0,0,0,0,1,19
"263",263,".",".",".",".",".",".",".",".",".",".",".",".",".",".",".",".",".","R",".",".",".",".",".",".",".",".",".",".",".",".",".,.,.,.,.,.,.,.,.,.,.,.,.,.,.,.,.,R,.,.,.,.,.,.,.,.,.,.,.,.",0,0,0,0,0,0,0,0,0,0,0,0,0,0,0,1,0,0,0,0,0,1,19
"264",264,".",".",".",".",".",".",".",".",".",".",".",".",".",".",".",".",".","R",".",".",".",".",".",".",".",".",".",".",".",".",".,.,.,.,.,.,.,.,.,.,.,.,.,.,.,.,.,R,.,.,.,.,.,.,.,.,.,.,.,.",0,0,0,0,0,0,0,0,0,0,0,0,0,0,0,1,0,0,0,0,0,1,19
"265",265,".",".",".",".",".",".",".",".",".",".",".",".",".",".",".",".",".","A",".",".",".",".",".",".",".",".",".",".",".",".",".,.,.,.,.,.,.,.,.,.,.,.,.,.,.,.,.,A,.,.,.,.,.,.,.,.,.,.,.,.",0,1,0,0,0,0,0,0,0,0,0,0,0,0,0,0,0,0,0,0,0,1,19
"266",266,".",".",".",".",".",".",".",".",".",".",".",".",".",".",".",".",".","A",".",".",".",".",".",".",".",".",".",".",".",".",".,.,.,.,.,.,.,.,.,.,.,.,.,.,.,.,.,A,.,.,.,.,.,.,.,.,.,.,.,.",0,1,0,0,0,0,0,0,0,0,0,0,0,0,0,0,0,0,0,0,0,1,19
"267",267,".",".",".",".",".",".",".",".",".",".",".",".",".",".",".",".",".","R",".",".",".",".",".",".",".",".",".",".",".",".",".,.,.,.,.,.,.,.,.,.,.,.,.,.,.,.,.,R,.,.,.,.,.,.,.,.,.,.,.,.",0,0,0,0,0,0,0,0,0,0,0,0,0,0,0,1,0,0,0,0,0,1,19
"268",268,".",".",".",".",".",".",".",".",".",".",".",".",".",".",".",".",".","Q",".",".",".",".",".",".",".",".",".",".",".",".",".,.,.,.,.,.,.,.,.,.,.,.,.,.,.,.,.,Q,.,.,.,.,.,.,.,.,.,.,.,.",0,0,0,0,0,0,0,0,0,0,0,0,0,0,1,0,0,0,0,0,0,1,19
"269",269,".",".",".",".",".",".",".",".",".",".",".",".",".",".",".",".",".","H",".",".",".",".",".",".",".",".",".",".",".",".",".,.,.,.,.,.,.,.,.,.,.,.,.,.,.,.,.,H,.,.,.,.,.,.,.,.,.,.,.,.",0,0,0,0,0,0,0,1,0,0,0,0,0,0,0,0,0,0,0,0,0,1,19
"270",270,".",".",".",".",".",".",".",".",".",".",".",".",".",".",".",".",".","Q",".",".",".",".",".",".",".",".",".",".",".",".",".,.,.,.,.,.,.,.,.,.,.,.,.,.,.,.,.,Q,.,.,.,.,.,.,.,.,.,.,.,.",0,0,0,0,0,0,0,0,0,0,0,0,0,0,1,0,0,0,0,0,0,1,19
"271",271,".",".",".",".",".",".",".",".",".",".",".",".",".",".",".",".",".","R",".",".",".",".",".",".",".",".",".",".",".",".",".,.,.,.,.,.,.,.,.,.,.,.,.,.,.,.,.,R,.,.,.,.,.,.,.,.,.,.,.,.",0,0,0,0,0,0,0,0,0,0,0,0,0,0,0,1,0,0,0,0,0,1,19
"272",272,".",".",".",".",".",".",".",".",".",".",".",".",".",".",".",".",".","C",".",".",".",".",".",".",".",".",".",".",".",".",".,.,.,.,.,.,.,.,.,.,.,.,.,.,.,.,.,C,.,.,.,.,.,.,.,.,.,.,.,.",0,0,1,0,0,0,0,0,0,0,0,0,0,0,0,0,0,0,0,0,0,1,19
"273",273,".",".",".",".",".",".",".",".",".",".",".",".",".",".",".",".",".","L",".",".",".",".",".",".",".",".",".",".",".",".",".,.,.,.,.,.,.,.,.,.,.,.,.,.,.,.,.,L,.,.,.,.,.,.,.,.,.,.,.,.",0,0,0,0,0,0,0,0,0,0,1,0,0,0,0,0,0,0,0,0,0,1,19
"274",274,".",".",".",".",".",".",".",".",".",".",".",".",".",".",".",".",".","A",".",".",".",".",".",".",".",".",".",".",".",".",".,.,.,.,.,.,.,.,.,.,.,.,.,.,.,.,.,A,.,.,.,.,.,.,.,.,.,.,.,.",0,1,0,0,0,0,0,0,0,0,0,0,0,0,0,0,0,0,0,0,0,1,19
"275",275,".",".",".",".",".",".",".",".",".",".",".",".",".",".",".",".",".","H",".",".",".",".",".",".",".",".",".",".",".",".",".,.,.,.,.,.,.,.,.,.,.,.,.,.,.,.,.,H,.,.,.,.,.,.,.,.,.,.,.,.",0,0,0,0,0,0,0,1,0,0,0,0,0,0,0,0,0,0,0,0,0,1,19
"276",276,"T","T","S","T","T","T","T","N","S","T","S","T","Q","S","S","T","T","S","S","T","V","S","T","T","T","T","S","M","S","T","T,T,S,T,T,T,T,N,S,T,S,T,Q,S,S,T,T,S,S,T,V,S,T,T,T,T,S,M,S,T",0,0,0,0,0,0,0,0,0,0,0,1,1,0,1,0,1,1,1,0,0,6,14
"277",277,"S","R","E","H","F","M","F","L","M","C","L","L","L","F","G","Y","F","L","S","T","R","G","L","S","T","F","L","E","Y","D","S,R,E,H,F,M,F,L,M,C,L,L,L,F,G,Y,F,L,S,T,R,G,L,S,T,F,L,E,Y,D",0,0,1,1,1,1,1,1,0,0,1,1,0,0,0,1,1,1,0,0,1,12,8
"278",278,".","D",".","G",".",".",".",".",".",".",".",".",".",".","E",".",".",".",".",".",".","Q",".",".",".",".",".",".",".","Y",".,D,.,G,.,.,.,.,.,.,.,.,.,.,E,.,.,.,.,.,.,Q,.,.,.,.,.,.,.,Y",0,0,0,1,1,0,1,0,0,0,0,0,0,0,1,0,0,0,0,0,1,5,15
"279",279,".",".",".","Q",".",".",".",".",".",".",".",".",".",".","P",".",".",".",".",".",".",".",".",".",".",".",".",".",".",".",".,.,.,Q,.,.,.,.,.,.,.,.,.,.,P,.,.,.,.,.,.,.,.,.,.,.,.,.,.,.",0,0,0,0,0,0,0,0,0,0,0,0,0,1,1,0,0,0,0,0,0,2,18
"280",280,"Q","A","V","V","C","A","V","T","H","I","T","C","L","A","G","I","C","V","S","R","V","V","T","C","T","C","V","A","I","V","Q,A,V,V,C,A,V,T,H,I,T,C,L,A,G,I,C,V,S,R,V,V,T,C,T,C,V,A,I,V",0,1,1,0,0,0,1,1,1,0,1,0,0,0,1,1,1,1,1,0,0,11,9
"281",281,"G","G","G","G","G","G","G","G","G","G","G","G","G","G","G","Q","G","G","G","G","A","G","G","G","G","G","G","G","C","A","G,G,G,G,G,G,G,G,G,G,G,G,G,G,G,Q,G,G,G,G,A,G,G,G,G,G,G,G,C,A",0,1,1,0,0,0,1,0,0,0,0,0,0,0,1,0,0,0,0,0,0,4,16
"282",282,"S","C","T","T","S","T","T","T","T","T","T","T","T","T","T","S","S","T","L","G","S","T","T","S","G","T","T","T","S","T","S,C,T,T,S,T,T,T,T,T,T,T,T,T,T,S,S,T,L,G,S,T,T,S,G,T,T,T,S,T",0,0,1,0,0,0,1,0,0,0,1,0,0,0,0,0,1,1,0,0,0,5,15
"283",283,"P","R","I","R","P","K","P","A","P","P","A","P","I","V","L",".","P","P","K","K",".","A","P","P","K","P","P","Q","R","R","P,R,I,R,P,K,P,A,P,P,A,P,I,V,L,.,P,P,K,K,.,A,P,P,K,P,P,Q,R,R",0,1,0,0,0,0,0,0,1,1,1,0,0,1,1,1,0,0,1,0,0,8,12
"284",284,".",".",".",".",".",".",".",".",".",".",".",".",".",".",".",".",".",".","Q",".",".",".",".",".",".",".",".",".",".",".",".,.,.,.,.,.,.,.,.,.,.,.,.,.,.,.,.,.,Q,.,.,.,.,.,.,.,.,.,.,.",0,0,0,0,0,0,0,0,0,0,0,0,0,0,1,0,0,0,0,0,0,1,19
"285",285,".",".",".",".",".",".",".",".",".",".",".",".",".",".",".",".",".",".","I","I",".",".",".",".","I",".",".",".",".",".",".,.,.,.,.,.,.,.,.,.,.,.,.,.,.,.,.,.,I,I,.,.,.,.,I,.,.,.,.,.",0,0,0,0,0,0,0,0,1,0,0,0,0,0,0,0,0,0,0,0,0,1,19
"286",286,".",".",".",".",".",".",".",".",".",".",".",".",".",".",".",".",".",".","P","P",".",".",".",".","P",".",".",".",".",".",".,.,.,.,.,.,.,.,.,.,.,.,.,.,.,.,.,.,P,P,.,.,.,.,P,.,.,.,.,.",0,0,0,0,0,0,0,0,0,0,0,0,0,1,0,0,0,0,0,0,0,1,19
"287",287,".",".",".",".",".",".",".",".",".",".",".",".",".",".",".",".",".",".","I","I",".",".",".",".","V",".",".",".",".",".",".,.,.,.,.,.,.,.,.,.,.,.,.,.,.,.,.,.,I,I,.,.,.,.,V,.,.,.,.,.",0,0,0,0,0,0,0,0,1,0,0,0,0,0,0,0,0,0,1,0,0,2,18
"288",288,"A","P","R","R","A","P","F","R","Y","Y","R","T","A","A","G","R","P","N","K","R","R","R","H","H","R","E","Y","R","Y","W","A,P,R,R,A,P,F,R,Y,Y,R,T,A,A,G,R,P,N,K,R,R,R,H,H,R,E,Y,R,Y,W",0,1,0,0,1,1,1,1,0,1,0,0,1,1,0,1,0,1,0,1,1,12,8
"289",289,"F","Y","Y","Y","Y","Y","W","Y","W","Y","Y","Y","F","W","Y","F","Y","Y","W","W","Y","Y","Y","Y","W","Y","W","Y","Y","Y","F,Y,Y,Y,Y,Y,W,Y,W,Y,Y,Y,F,W,Y,F,Y,Y,W,W,Y,Y,Y,Y,W,Y,W,Y,Y,Y",0,0,0,0,0,1,0,0,0,0,0,0,0,0,0,0,0,0,0,1,1,3,17
"290",290,".",".",".",".",".",".",".",".",".",".",".",".",".",".",".","Y",".",".",".",".","F",".",".",".",".",".",".",".",".",".",".,.,.,.,.,.,.,.,.,.,.,.,.,.,.,Y,.,.,.,.,F,.,.,.,.,.,.,.,.,.",0,0,0,0,0,1,0,0,0,0,0,0,0,0,0,0,0,0,0,0,1,2,18
"291",291,"Q","M","M","M","A","M","M","A","M","L","M","L","M","M","L","R","A","I","T","T","K","M","M","A","T","V","M","M","R","R","Q,M,M,M,A,M,M,A,M,L,M,L,M,M,L,R,A,I,T,T,K,M,M,A,T,V,M,M,R,R",0,1,0,0,0,0,0,0,1,1,1,1,0,0,1,1,0,1,1,0,0,9,11
"292",292,"P","A","A","A","A","A","A","S","A","S","S","A","A","A","A","A","A","A","A","A","G","A","S","C","A","A","A","A","A","A","P,A,A,A,A,A,A,S,A,S,S,A,A,A,A,A,A,A,A,A,G,A,S,C,A,A,A,A,A,A",0,1,1,0,0,0,1,0,0,0,0,0,0,1,0,0,1,0,0,0,0,5,15
"293",293,"P","P","P","P","P","P","P","I","P","P","I","P","P","P","P","P","P","P","P","P","P","P","P","P","P","P","P","P","P","P","P,P,P,P,P,P,P,I,P,P,I,P,P,P,P,P,P,P,P,P,P,P,P,P,P,P,P,P,P,P",0,0,0,0,0,0,0,0,1,0,0,0,0,1,0,0,0,0,0,0,0,2,18
"294",294,"E","E","E","E","E","E","E","N","E","E","N","E","E","E","E","E","E","E","E","E","E","E","E","E","E","E","E","E","E","E","E,E,E,E,E,E,E,N,E,E,N,E,E,E,E,E,E,E,E,E,E,E,E,E,E,E,E,E,E,E",0,0,0,0,1,0,0,0,0,0,0,0,1,0,0,0,0,0,0,0,0,2,18
