"","Align_Loc","Freq","X","STK11","MAP2K4","BMPR2","ACVR2A","TSSK1B","STK32A","STK24","CSNK1A1","MAP3K19","NEK5","CSNK1G3","CHEK2","MAP3K1","MAP3K12","RIPK3","DYRK3","NIM1K","LATS1","FER","EPHA5","CSNK2A1","TGFBR2","NEK11","BRSK1","EPHA7","PRKG2","PAK7","AMHR2","GSK3B","CDKL3","merge","dash","A","C","D","E","F","G","H","I","K","L","M","N","P","Q","R","S","T","V","W","Y","score"
"1",1,2,1,"G","G","G","A","G","G","G","G","G","G","G","G","G","G","G","G","G","G","G","G","G","G","G","G","G","G","G","R","G","G","G,G,G,A,G,G,G,G,G,G,G,G,G,G,G,G,G,G,G,G,G,G,G,G,G,G,G,R,G,G",0,1,0,0,0,0,28,0,0,0,0,0,0,0,0,1,0,0,0,0,0,28
"2",2,3,2,"E","R","R","R","E","K","K","S","K","Q","C","S","L","S","K","K","S","I","K","A","R","K","S","K","A","V","E","E","N","E","E,R,R,R,E,K,K,S,K,Q,C,S,L,S,K,K,S,I,K,A,R,K,S,K,A,V,E,E,N,E",0,2,1,0,5,0,0,0,1,8,1,0,1,0,1,4,5,0,1,0,0,8
"3",3,7,3,"G","G","G","G","G","G","G","G","G","G","G","G","G","G","G","G","G","G","G","G","G","G","G","G","G","G","G","G","G","G","G,G,G,G,G,G,G,G,G,G,G,G,G,G,G,G,G,G,G,G,G,G,G,G,G,G,G,G,G,G",0,0,0,0,0,0,30,0,0,0,0,0,0,0,0,0,0,0,0,0,0,30
"4",4,8,4,"S","A","R","R","S","S","S","S","A","A","N","A","A","A","G","S","N","A","N","E","K","R","S","Q","E","G","S","G","S","S","S,A,R,R,S,S,S,S,A,A,N,A,A,A,G,S,N,A,N,E,K,R,S,Q,E,G,S,G,S,S",0,7,0,0,2,0,3,0,0,1,0,0,3,0,1,3,10,0,0,0,0,10
"5",5,1,5,"Y","Y","Y","F","Y","F","F","F","Y","F","F","C","F","Q","F","F","F","F","F","F","Y","F","F","T","F","F","T","H","F","Y","Y,Y,Y,F,Y,F,F,F,Y,F,F,C,F,Q,F,F,F,F,F,F,Y,F,F,T,F,F,T,H,F,Y",0,0,1,0,0,18,0,1,0,0,0,0,0,0,1,0,0,2,0,0,7,18
"6",6,4,6,"G","G","G","G","A","G","G","G","G","G","G","G","S","G","G","G","S","G","G","G","S","A","G","G","G","G","G","A","G","G","G,G,G,G,A,G,G,G,G,G,G,G,S,G,G,G,S,G,G,G,S,A,G,G,G,G,G,A,G,G",0,3,0,0,0,0,24,0,0,0,0,0,0,0,0,0,3,0,0,0,0,24
"7",7,3,7,"K","S","A","C","K","K","E","D","T","K","E","E","S","A","T","Q","Q","E","E","E","E","E","T","L","E","R","I","V","V","T","K,S,A,C,K,K,E,D,T,K,E,E,S,A,T,Q,Q,E,E,E,E,E,T,L,E,R,I,V,V,T",0,2,1,1,9,0,0,0,1,4,1,0,0,0,2,1,2,4,2,0,0,9
"8",8,2,8,"V","V","V","V","V","V","V","I","V","A","L","V","C","V","V","V","V","V","V","V","V","V","V","V","V","V","V","V","V","V","V,V,V,V,V,V,V,I,V,A,L,V,C,V,V,V,V,V,V,V,V,V,V,V,V,V,V,V,V,V",0,1,1,0,0,0,0,0,1,0,1,0,0,0,0,0,0,0,26,0,0,26
"9",9,1,9,"K","N","Y","W","K","C","F","Y","Y","Y","R","K","Y","F","F","A","K","C","Y","C","F","Y","Y","K","C","E","C","W","Y","M","K,N,Y,W,K,C,F,Y,Y,Y,R,K,Y,F,F,A,K,C,Y,C,F,Y,Y,K,C,E,C,W,Y,M",0,1,5,0,1,4,0,0,0,5,0,1,1,0,0,1,0,0,0,2,9,9
"10",10,1,10,"E","K","K","K","S","I","K","L","C","L","L","L","Q","L","R","R","L","L","K","S","E","K","L","L","S","L","I","A","Q","K","E,K,K,K,S,I,K,L,C,L,L,L,Q,L,R,R,L,L,K,S,E,K,L,L,S,L,I,A,Q,K",0,1,1,0,2,0,0,0,2,7,10,0,0,0,2,2,3,0,0,0,0,10
"11",11,6,11,"V","M","G","A","A","V","G","A","G","A","G","A","A","G","A","V","G","A","G","G","A","A","V","G","G","V","A","G","A","C","V,M,G,A,A,V,G,A,G,A,G,A,A,G,A,V,G,A,G,G,A,A,V,G,G,V,A,G,A,C",0,12,1,0,0,0,11,0,0,0,0,1,0,0,0,0,0,0,5,0,0,12
"12",12,4,12,"L","V","S","Q","Y","Q","I","I","L","K","K","F","Q","R","Q","Y","I","R","T","R","I","K","S","V","R","K","T","Q","K","K","L,V,S,Q,Y,Q,I,I,L,K,K,F,Q,R,Q,Y,I,R,T,R,I,K,S,V,R,K,T,Q,K,K",0,0,0,0,0,1,0,0,4,6,2,0,0,0,5,4,2,2,2,0,2,6
"13",13,2,13,"D","H","L","L","S","K","D","N","T","G","N","E","D","F","H","D","H","K","L","L","N","L","D","H","L","V","E","L","L","H","D,H,L,L,S,K,D,N,T,G,N,E,D,F,H,D,H,K,L,L,N,L,D,H,L,V,E,L,L,H",0,0,0,5,2,1,1,5,0,2,8,0,3,0,0,0,1,1,1,0,0,8
"14",14,2,14,"S","K","D","L","E","N","N","I","S","K","L","R","V","H","R","H","S","V","K","K","I","K","K","C","K","K","K","Q","C","K","S,K,D,L,E,N,N,I,S,K,L,R,V,H,R,H,S,V,K,K,I,K,K,C,K,K,K,Q,C,K",0,0,2,1,1,0,0,2,2,10,2,0,2,0,1,2,3,0,2,0,0,10
"15",15,4,15,"E","P","E","N","R","D","R","T",".","S","Y","K","G","G","K","K","L","D","D","L","T","Q",".","I","L","N","H","G","D","N","E,P,E,N,R,D,R,T,.,S,Y,K,G,G,K,K,L,D,D,L,T,Q,.,I,L,N,H,G,D,N",0,0,0,4,2,0,3,1,1,3,3,0,3,1,1,2,1,2,0,0,1,4
"16",16,2,16,"T","S",".",".","L","T","T","N","Q","D","T","T","T",".","W","L","T","T","K","P","N","N","K","T","P","E","T",".","S","T","T,S,.,.,L,T,T,N,Q,D,T,T,T,.,W,L,T,T,K,P,N,N,K,T,P,E,T,.,S,T",0,0,0,1,1,0,0,0,0,2,2,0,3,2,1,0,2,11,0,1,0,11
"17",17,2,17,"L","G",".",".","K","K","Q","G","G","S","N","C","G",".","G","R","K","K",".","G","N","T","A","G","G","N","G",".","G","G","L,G,.,.,K,K,Q,G,G,S,N,C,G,.,G,R,K,K,.,G,N,T,A,G,G,N,G,.,G,G",0,1,1,0,0,0,11,0,0,4,1,0,3,0,1,1,1,1,0,0,0,11
"18",19,1,19,".",".",".",".",".",".",".",".",".",".",".",".",".",".",".",".",".",".",".","R",".","E","R",".","R",".",".",".",".",".",".,.,.,.,.,.,.,.,.,.,.,.,.,.,.,.,.,.,.,R,.,E,R,.,R,.,.,.,.,.",0,0,0,0,1,0,0,0,0,0,0,0,0,0,0,3,0,0,0,0,0,3
"19",22,4,22,"C","Q","R","E","F","K","K","E","Q","K","E","K","T","E","Y","Q","E","A","T","L","E","E","E","Q","V","V","K","K","E","Q","C,Q,R,E,F,K,K,E,Q,K,E,K,T,E,Y,Q,E,A,T,L,E,E,E,Q,V,V,K,K,E,Q",0,1,1,0,9,1,0,0,0,6,1,0,0,0,5,1,0,2,2,0,1,9
"20",23,3,23,"R","I","P","Y","N","M","V","E","L","H","Y","K","L","E","D","Y","K","L","S","P","K","T","L","K","A","A","Q","L","L","I","R,I,P,Y,N,M,V,E,L,H,Y,K,L,E,D,Y,K,L,S,P,K,T,L,K,A,A,Q,L,L,I",0,2,0,1,2,0,0,1,2,4,6,1,1,2,1,1,1,1,1,0,3,6
"21",24,2,24,"R","M","V","V","V","Y","V","V","I","C","V","V","M","V","V","V","V","Y","V","V","V","V","K","V","V","F","V","V","V","V","R,M,V,V,V,Y,V,V,I,C,V,V,M,V,V,V,V,Y,V,V,V,V,K,V,V,F,V,V,V,V",0,0,1,0,0,1,0,0,1,1,0,2,0,0,0,1,0,0,21,0,2,21
"22",25,8,25,"A","A","A","A","A","A","A","A","A","V","A","A","A","A","A","A","A","A","A","A","V","A","V","A","A","A","A","A","A","A","A,A,A,A,A,A,A,A,A,V,A,A,A,A,A,A,A,A,A,A,V,A,V,A,A,A,A,A,A,A",0,27,0,0,0,0,0,0,0,0,0,0,0,0,0,0,0,0,3,0,0,27
"23",26,1,26,"V","V","V","V","I","M","I","V","V","I","I","I","V","V","V","L","I","T","V","I","V","V","L","I","I","M","V","I","I","I","V,V,V,V,I,M,I,V,V,I,I,I,V,V,V,L,I,T,V,I,V,V,L,I,I,M,V,I,I,I",0,0,0,0,0,0,0,0,12,0,2,2,0,0,0,0,0,1,13,0,0,13
"24",27,2,27,"K","K","K","K","K","K","K","K","K","K","K","K","K","K","K","K","K","K","K","K","K","K","K","K","K","K","K","K","K","K","K,K,K,K,K,K,K,K,K,K,K,K,K,K,K,K,K,K,K,K,K,K,K,K,K,K,K,K,K,K",0,0,0,0,0,0,0,0,0,30,0,0,0,0,0,0,0,0,0,0,0,30
"25",28,2,28,"I","R","V","I","I","Y","I","L","Q","E","L","I","Q","K","I","M","I","T","T","T","I","I","E","I","T","C","K","A","K","I","I,R,V,I,I,Y,I,L,Q,E,L,I,Q,K,I,M,I,T,T,T,I,I,E,I,T,C,K,A,K,I",0,1,1,0,2,0,0,0,11,3,2,1,0,0,2,1,0,4,1,0,1,11
"26",29,2,29,"L","I","F","F","I","M","I","E","V","I","E","I","V","V","V","V","L","L","C","L","L","F","I","V","L","I","M","F","V","F","L,I,F,F,I,M,I,E,V,I,E,I,V,V,V,V,L,L,C,L,L,F,I,V,L,I,M,F,V,F",0,0,1,0,2,5,0,0,7,0,6,2,0,0,0,0,0,0,7,0,0,7
"27",30,7,30,"K","R","S","P","D","N","D","S","A","N","P","S","T",".","N","R","D","R","K","K","K","P","S","N","K",".","D","P","L","Y","K,R,S,P,D,N,D,S,A,N,P,S,T,.,N,R,D,R,K,K,K,P,S,N,K,.,D,P,L,Y",0,1,0,4,0,0,0,0,0,5,1,0,4,4,0,3,4,1,0,0,1,5
"28",31,4,31,"K","S","F","I","R","K","L","Q","L","F","M","K","Y",".","S","N","K",".","E","V","P","Y","V","R","V","R","L","P","Q","E","K,S,F,I,R,K,L,Q,L,F,M,K,Y,.,S,N,K,.,E,V,P,Y,V,R,V,R,L,P,Q,E",0,0,0,0,2,2,0,0,1,4,3,1,1,2,2,3,2,0,3,0,2,4
"29",32,5,32,"K","T","A","Q","K","Q","E",".","D","E",".","R","V",".",".","E","T",".","D","G","V","E","G","E","G","K","R","R","D","R","K,T,A,Q,K,Q,E,.,D,E,.,R,V,.,.,E,T,.,D,G,V,E,G,E,G,K,R,R,D,R",0,1,0,3,5,0,3,0,0,3,0,0,0,0,2,4,0,2,2,0,0,5
"30",33,1,33,"K",".","N","D","K","K","E","K","T","K","K","K","R",".","K","K","K","K","L","Y","K","E","E","K","Y","K","K","S","K","P","K,.,N,D,K,K,E,K,T,K,K,K,R,.,K,K,K,K,L,Y,K,E,E,K,Y,K,K,S,K,P",0,0,0,1,3,0,0,0,0,16,1,0,1,1,0,1,1,1,0,0,2,16
"31",34,2,34,"L",".","R","K","A","C","A","A","S","M","S","F","N",".",".","R","L","K","P","T","K","Y","L","L","T","H","Q","V","R","E","L,.,R,K,A,C,A,A,S,M,S,F,N,.,.,R,L,K,P,T,K,Y,L,L,T,H,Q,V,R,E",0,3,1,0,1,1,0,1,0,3,4,1,1,1,1,3,2,2,1,0,1,4
"32",35,4,35,"R",".","Q","Q","P","V","E","R","N","P","R","A","T",".",".","F","D","D","Q","E","K","A","N","S","E","I","Q","A",".","Q","R,.,Q,Q,P,V,E,R,N,P,R,A,T,.,.,F,D,D,Q,E,K,A,N,S,E,I,Q,A,.,Q",0,3,0,2,3,1,0,0,1,1,0,0,2,2,5,3,1,1,1,0,0,5
"33",36,1,36,"R",".",".","S","A","E","D","H","K","I","A","I","S",".",".","H","Q","V","E","K",".",".","P","E","K","V","R",".",".","S","R,.,.,S,A,E,D,H,K,I,A,I,S,.,.,H,Q,V,E,K,.,.,P,E,K,V,R,.,.,S",0,2,0,1,3,0,0,2,2,3,0,0,0,1,1,2,3,0,2,0,0,3
"34",37,4,37,"I",".",".","W","D","R","E","P","L","Q","P","G","S",".",".","R","K","L","L","Q",".",".","N","S","Q","D","R",".",".","V","I,.,.,W,D,R,E,P,L,Q,P,G,S,.,.,R,K,L,L,Q,.,.,N,S,Q,D,R,.,.,V",0,0,0,2,1,0,1,0,1,1,3,0,1,2,3,3,2,0,1,1,0,3
"35",38,3,38,"P",".",".",".","F","N","I",".","A","E",".","S","E",".",".",".","T","L","K","R",".",".","E","V","R","T","E",".",".","N","P,.,.,.,F,N,I,.,A,E,.,S,E,.,.,.,T,L,K,R,.,.,E,V,R,T,E,.,.,N",0,1,0,0,4,1,0,0,1,1,1,0,2,1,0,2,1,2,1,0,0,4
"36",39,1,39,"N",".",".",".","L","E","E",".","A","K",".","A","Q",".",".",".","Q","R","I","R",".",".","T","L","R","K",".",".",".","K","N,.,.,.,L,E,E,.,A,K,.,A,Q,.,.,.,Q,R,I,R,.,.,T,L,R,K,.,.,.,K",0,2,0,0,2,0,0,0,1,3,2,0,1,0,2,3,0,1,0,0,0,3
"37",41,1,41,"E",".",".",".","K","R",".",".","K",".",".","E",".",".",".",".",".","Q",".",".",".",".",".",".",".","Q",".",".",".",".","E,.,.,.,K,R,.,.,K,.,.,E,.,.,.,.,.,Q,.,.,.,.,.,.,.,Q,.,.,.,.",0,0,0,0,2,0,0,0,0,2,0,0,0,0,2,1,0,0,0,0,0,2
"38",43,1,43,".",".",".",".",".",".",".",".","Y",".",".","D",".",".",".",".",".","A",".",".",".",".",".",".",".",".",".",".",".",".",".,.,.,.,.,.,.,.,Y,.,.,D,.,.,.,.,.,A,.,.,.,.,.,.,.,.,.,.,.,.",0,1,0,1,0,0,0,0,0,0,0,0,0,0,0,0,0,0,0,0,1,1
"39",47,7,47,"N","V","N","Q","F","N","D","Q","K","A","Q","N","E","R","A","Q","L","H","K","D","K","S","Q","K","D","H","L","Q","F","I","N,V,N,Q,F,N,D,Q,K,A,Q,N,E,R,A,Q,L,H,K,D,K,S,Q,K,D,H,L,Q,F,I",0,2,0,3,1,2,0,2,1,4,2,0,4,0,6,1,1,0,1,0,0,6
"40",48,3,48,"V","D","F","N","L","V","I","L","L","S","L","V","E","D","I","A","L","V","F","F","I","W","A","V","F","V","L","F","K","A","V,D,F,N,L,V,I,L,L,S,L,V,E,D,I,A,L,V,F,F,I,W,A,V,F,V,L,F,K,A",0,3,0,2,1,5,0,0,3,1,6,0,1,0,0,0,1,0,6,1,0,6
"41",49,1,49,"K","E","I","E","P","F","Q","L","Q","K","H","E","V","L","S","A","S","K","L","L","K","K","N","E","L","Y","F","Q","N","M","K,E,I,E,P,F,Q,L,Q,K,H,E,V,L,S,A,S,K,L,L,K,K,N,E,L,Y,F,Q,N,M",0,1,0,0,4,2,0,1,1,5,5,1,2,1,3,0,2,0,1,0,1,5
"42",50,4,50,"K","K","N","Y","R","K","Q","Y","E","K","L","T","V","K","R","E","R","A","Q","G","R","T","L","R","C","S","N","A","R","R","K,K,N,Y,R,K,Q,Y,E,K,L,T,V,K,R,E,R,A,Q,G,R,T,L,R,C,S,N,A,R,R",0,2,1,0,2,0,1,0,0,5,2,0,2,0,2,7,1,2,1,0,2,7
"43",51,8,51,"E","E","E","E","E","E","E","E","E","E","E","E","E","E","E","E","E","E","E","E","E","E","E","E","E","E","E","E","E","E","E,E,E,E,E,E,E,E,E,E,E,E,E,E,E,E,E,E,E,E,E,E,E,E,E,E,E,E,E,E",0,0,0,0,30,0,0,0,0,0,0,0,0,0,0,0,0,0,0,0,0,30
"44",52,4,52,"I","Q","K","V","I","L","I","S","V","V","Y","I","A","T","V","I","I","R","A","A","I","K","A","I","A","K","V","R","L","I","I,Q,K,V,I,L,I,S,V,V,Y,I,A,T,V,I,I,R,A,A,I,K,A,I,A,K,V,R,L,I",0,5,0,0,0,0,0,0,9,3,2,0,0,0,1,2,1,1,5,0,1,9
"45",53,4,53,"Q","K","N","Y","E","Q","T","K","D","I","R","E","L","D","K","R","S","D","K","S","K","D","Q","A","S","R","V","A","Q","K","Q,K,N,Y,E,Q,T,K,D,I,R,E,L,D,K,R,S,D,K,S,K,D,Q,A,S,R,V,A,Q,K",0,2,0,4,2,0,0,0,1,6,1,0,1,0,4,3,3,1,1,0,1,6
"46",57,5,57,"L","L","I","S","I","I","V","I","L","L","Q","I","I","I","A","I","S","I","I","I","I","I","L","I","I","I","I","E","I","F","L,L,I,S,I,I,V,I,L,L,Q,I,I,I,A,I,S,I,I,I,I,I,L,I,I,I,I,E,I,F",0,1,0,0,1,1,0,0,18,0,5,0,0,0,1,0,2,0,1,0,0,18
"47",58,4,58,"L","L","Y","L","L","M","L","L","L","L","L","L","R","K","M","L","M","L","L","M","L","F","L","L","M","L","M","L","M","L","L,L,Y,L,L,M,L,L,L,L,L,L,R,K,M,L,M,L,L,M,L,F,L,L,M,L,M,L,M,L",0,0,0,0,0,1,0,0,0,1,19,7,0,0,0,1,0,0,0,0,1,19
"48",59,5,59,"R","M","R","P","A","Q","S","Q","K","E","G","K","M","H","A","E","E","A","K","G","E","S","S","K","G","E","R","P","R","K","R,M,R,P,A,Q,S,Q,K,E,G,K,M,H,A,E,E,A,K,G,E,S,S,K,G,E,R,P,R,K",0,3,0,0,5,0,3,1,0,5,0,2,0,2,2,4,3,0,0,0,0,5
"49",60,5,60,"R","D","V","G","M","G","Q","G","A","K","S","K","M","L","S","H","K","E","Q","Q","N","D","K","L","Q","E","D","G","K","Q","R,D,V,G,M,G,Q,G,A,K,S,K,M,L,S,H,K,E,Q,Q,N,D,K,L,Q,E,D,G,K,Q",0,1,0,3,2,0,4,1,0,5,2,2,1,0,5,1,2,0,1,0,0,5
"50",61,1,61,".",".","P",".",".",".",".","G",".",".","G",".","S","R",".",".",".",".",".",".","L","I",".",".",".",".",".",".",".",".",".,.,P,.,.,.,.,G,.,.,G,.,S,R,.,.,.,.,.,.,L,I,.,.,.,.,.,.,.,.",0,0,0,0,0,0,2,0,1,0,1,0,0,1,0,1,1,0,0,0,0,2
"51",63,3,63,"L","L","M","M","L","L","C","V","L","M","D","L","L","L","L","L","L","A","Y","F","R","L","L","I","F","L","Y","L","L","F","L,L,M,M,L,L,C,V,L,M,D,L,L,L,L,L,L,A,Y,F,R,L,L,I,F,L,Y,L,L,F",0,1,1,1,0,3,0,0,1,0,16,3,0,0,0,1,0,0,1,0,2,16
"52",64,6,64,"R","D","E","K","N","E","D","G","K","K","G","N","N","K","D","K","H","D","D","D","G","K","D","E","D","C","H","Q","D","H","R,D,E,K,N,E,D,G,K,K,G,N,N,K,D,K,H,D,D,D,G,K,D,E,D,C,H,Q,D,H",0,0,1,9,3,0,3,3,0,6,0,0,3,0,1,1,0,0,0,0,0,9
"53",65,2,65,"H","V","H","H","H","H","S","I","H","H","I","H","H","H","N","K","H","N","H","H","G","H","H","H","H","S","H","H","H","H","H,V,H,H,H,H,S,I,H,H,I,H,H,H,N,K,H,N,H,H,G,H,H,H,H,S,H,H,H,H",0,0,0,0,0,0,1,21,2,1,0,0,2,0,0,0,2,0,1,0,0,21
"54",66,7,66,"K","V","D","E","C","P","P","P","V","P","P","P","P","P","E","Q","P","E","P","P","P","E","P","P","P","P","D","D","C","E","K,V,D,E,C,P,P,P,V,P,P,P,P,P,E,Q,P,E,P,P,P,E,P,P,P,P,D,D,C,E",0,0,2,3,5,0,0,0,0,1,0,0,0,16,1,0,0,0,2,0,0,16
"55",67,2,67,"N","M","N","N","S","F","Y","H","N","N","Q","C","N","N","F","D","N","W","N","N","N","N","A","H","N","F","N","H","N","N","N,M,N,N,S,F,Y,H,N,N,Q,C,N,N,F,D,N,W,N,N,N,N,A,H,N,F,N,H,N,N",0,1,1,1,0,3,0,3,0,0,0,1,16,0,1,0,1,0,0,1,1,16
"56",68,6,68,"V","R","I","I","I","L","V","I","I","I","V","I","I","I","V","K","I","V","I","I","I","I","I","V","V","I","V","I","I","L","V,R,I,I,I,L,V,I,I,I,V,I,I,I,V,K,I,V,I,I,I,I,I,V,V,I,V,I,I,L",0,0,0,0,0,0,0,0,18,1,2,0,0,0,0,1,0,0,8,0,0,18
"57",69,5,69,"I","S","A","L","I","V","T","R","V","V","Y","I","I","I","L","T","I","V","V","I","I","L","V","L","V","V","V","V","V","V","I,S,A,L,I,V,T,R,V,V,Y,I,I,I,L,T,I,V,V,I,I,L,V,L,V,V,V,V,V,V",0,1,0,0,0,0,0,0,8,0,4,0,0,0,0,1,1,2,12,0,1,12
"58",70,5,70,"Q","S","R","Q","K","N","K","W","A","A","Y","K","R","T","R","G","R","R","K","H","T","Q","K","K","H","K","D","R","R","N","Q,S,R,Q,K,N,K,W,A,A,Y,K,R,T,R,G,R,R,K,H,T,Q,K,K,H,K,D,R,R,N",0,2,0,1,0,0,1,2,0,7,0,0,2,0,3,7,1,2,0,1,1,7
"59",71,1,71,"L","D","F","F","T","L","Y","Y","Y","F","F","I","M","F","L","S","L","L","L","L","L","F","F","L","L","L","M","F","L","L","L,D,F,F,T,L,Y,Y,Y,F,F,I,M,F,L,S,L,L,L,L,L,F,F,L,L,L,M,F,L,L",0,0,0,1,0,8,0,0,1,0,13,2,0,0,0,0,1,1,0,0,3,13
"60",72,5,72,"V","C","I","I","Y","W","Y","G","L","F","G","K","L","K","E","M","Y","Y","I","E","A","L","H","H","E","Y","Y","I","R","I","V,C,I,I,Y,W,Y,G,L,F,G,K,L,K,E,M,Y,Y,I,E,A,L,H,H,E,Y,Y,I,R,I",0,1,1,0,3,1,2,2,5,2,3,1,0,0,0,1,0,0,1,1,6,6
"61",73,5,73,"D","P","V","G","E","Y","G","Q","G","N","P","N","G","G","G","N","E","Y","G","G","D","T","A","D","G","R","S","T","Y","E","D,P,V,G,E,Y,G,Q,G,N,P,N,G,G,G,N,E,Y,G,G,D,T,A,D,G,R,S,T,Y,E",0,1,0,3,3,0,9,0,0,0,0,0,3,2,1,1,1,2,1,0,3,9
"62",74,2,74,"V","Y","G","A","I","S","S","E","T","S","C","F","A","V","V","V","V","S","V","V","I","A","S","V","V","T","S","A","F","V","V,Y,G,A,I,S,S,E,T,S,C,F,A,V,V,V,V,S,V,V,I,A,S,V,V,T,S,A,F,V",0,4,1,0,1,2,1,0,2,0,0,0,0,0,0,0,6,2,10,0,1,10
"63",75,1,75,"L","I","D","E","F","F","Y","K","C","F","G","F","T","C","I","I","V","F","C","V","V","E","F","Y","V","F","Y","S","F","F","L,I,D,E,F,F,Y,K,C,F,G,F,T,C,I,I,V,F,C,V,V,E,F,Y,V,F,Y,S,F,F",0,0,3,1,2,9,1,0,3,1,1,0,0,0,0,0,1,1,4,0,3,9
"64",76,3,76,"Y","V","E","K","E","Q","L","D","L","Q","K","D","C","T","E","H","E","Q","T","T","K","E","V","E","T","K","L","R","Y","R","Y,V,E,K,E,Q,L,D,L,Q,K,D,C,T,E,H,E,Q,T,T,K,E,V,E,T,K,L,R,Y,R",0,0,1,2,6,0,0,1,0,4,3,0,0,0,3,2,0,4,2,0,2,6
"65",77,1,77,"N","Q","R","R","T","D","K",".","Q","E",".","A","E","Q","K","M","T","D","Q","K","D","R","E","N","R","D","V","G","S","Q","N,Q,R,R,T,D,K,.,Q,E,.,A,E,Q,K,M,T,D,Q,K,D,R,E,N,R,D,V,G,S,Q",0,1,0,4,3,0,1,0,0,3,0,1,2,0,5,4,1,2,1,0,0,5
"66",78,4,78,"E","F","V","G","S","E","D",".","E","N",".","E","K","A","V","L","L","K","R","S","P","K","Q","K","G","N","G","G","S","K","E,F,V,G,S,E,D,.,E,N,.,E,K,A,V,L,L,K,R,S,P,K,Q,K,G,N,G,G,S,K",0,1,0,1,4,1,4,0,0,5,2,0,2,1,1,1,3,0,2,0,0,5
"67",79,4,79,"E","Y","T","T","H","E","T",".","N","G",".","D","S","P","N","E","S","D","Q","K","V","T","D","K","K","K","D","P","G","K","E,Y,T,T,H,E,T,.,N,G,.,D,S,P,N,E,S,D,Q,K,V,T,D,K,K,K,D,P,G,K",0,0,0,4,3,0,2,1,0,5,0,0,2,2,1,0,2,4,1,0,1,5
"68",80,2,80,"K","G","A","S","G","D","K",".",".","R",".","Y","N","C","W","S","K","N","P",".","S","E","N","Y",".",".","E","G","E","K","K,G,A,S,G,D,K,.,.,R,.,Y,N,C,W,S,K,N,P,.,S,E,N,Y,.,.,E,G,E,K",0,1,1,1,3,0,3,0,0,4,0,0,3,1,0,1,3,0,0,1,2,4
"69",81,2,81,"Q","A","D","V","K","M","L",".",".","L",".",".",".",".","D","F","L","L","V",".","R","L",".","L",".",".","L","R","K","I","Q,A,D,V,K,M,L,.,.,L,.,.,.,.,D,F,L,L,V,.,R,L,.,L,.,.,L,R,K,I",0,1,0,2,0,1,0,0,1,2,7,1,0,0,1,2,0,0,2,0,0,7
"70",83,1,83,"M","F","R","V",".",".",".",".",".",".",".",".",".",".","D",".",".",".",".",".",".","K",".",".",".",".",".","L","D",".","M,F,R,V,.,.,.,.,.,.,.,.,.,.,D,.,.,.,.,.,.,K,.,.,.,.,.,L,D,.",0,0,0,2,0,1,0,0,0,1,1,1,0,0,0,1,0,0,1,0,0,2
"71",84,2,84,".","R","M",".",".",".",".",".",".",".",".",".",".",".","P",".",".",".",".",".",".","Q",".",".",".",".",".","S","E",".",".,R,M,.,.,.,.,.,.,.,.,.,.,.,P,.,.,.,.,.,.,Q,.,.,.,.,.,S,E,.",0,0,0,0,1,0,0,0,0,0,0,1,0,1,1,1,1,0,0,0,0,1
"72",85,1,85,".","E","E",".",".",".",".",".",".",".",".",".",".",".",".",".",".",".",".",".",".",".",".",".",".",".",".",".","V",".",".,E,E,.,.,.,.,.,.,.,.,.,.,.,.,.,.,.,.,.,.,.,.,.,.,.,.,.,V,.",0,0,0,0,2,0,0,0,0,0,0,0,0,0,0,0,0,0,1,0,0,2
"73",90,2,90,".",".",".","L",".",".",".","N","V",".","N",".",".",".","P","R",".",".",".","V","P",".",".",".","V",".",".","P","L",".",".,.,.,L,.,.,.,N,V,.,N,.,.,.,P,R,.,.,.,V,P,.,.,.,V,.,.,P,L,.",0,0,0,0,0,0,0,0,0,0,2,0,2,3,0,1,0,0,3,0,0,3
"74",91,2,91,".",".","L","W",".",".",".","V","S",".","A",".","N","C","A","N",".",".",".","M","A","W","C",".","M",".",".","L","N",".",".,.,L,W,.,.,.,V,S,.,A,.,N,C,A,N,.,.,.,M,A,W,C,.,M,.,.,L,N,.",0,3,2,0,0,0,0,0,0,0,2,2,3,0,0,0,1,0,1,2,0,3
"75",92,2,92,"M","I","L","L","I","M","I","L","I","I","M","I","L","I","L","H","L","F","I","I","L","L","I","L","I","V","V","L","L","L","M,I,L,L,I,M,I,L,I,I,M,I,L,I,L,H,L,F,I,I,L,L,I,L,I,V,V,L,L,L",0,0,0,0,0,1,0,1,11,0,12,3,0,0,0,0,0,0,2,0,0,12
"76",94,1,94,"M","M","M","T","M","V","M","M","M","M","L","L","I","M","T","C","M","M","M","T","F","T","T","L","I","M","M","L","L","F","M,M,M,T,M,V,M,M,M,M,L,L,I,M,T,C,M,M,M,T,F,T,T,L,I,M,M,L,L,F",0,0,1,0,0,2,0,0,2,0,5,14,0,0,0,0,0,5,1,0,0,14
"77",95,2,95,"E","E","E","A","E","D","E","D","E","E","E","E","E","E","K","M","E","D","E","E","E","A","E","E","E","L","E","E","D","E","E,E,E,A,E,D,E,D,E,E,E,E,E,E,K,M,E,D,E,E,E,A,E,E,E,L,E,E,D,E",0,2,0,4,21,0,0,0,0,1,1,1,0,0,0,0,0,0,0,0,0,21
"78",96,2,96,"Y","L","Y","F","L","L","Y","L","F","Y","L","L","W","F","F","A","Y","Y","L","Y","H","F","Y","H","F","L","F","L","Y","F","Y,L,Y,F,L,L,Y,L,F,Y,L,L,W,F,F,A,Y,Y,L,Y,H,F,Y,H,F,L,F,L,Y,F",0,1,0,0,0,8,0,2,0,0,9,0,0,0,0,0,0,0,0,1,9,9
"79",97,3,97,"C","M","Y","H","A","L","L","L","V","C","L","M","M","C","M","F","A","I","V","M","V","H","C","V","M","E","L","H","V","I","C,M,Y,H,A,L,L,L,V,C,L,M,M,C,M,F,A,I,V,M,V,H,C,V,M,E,L,H,V,I",0,2,4,0,1,1,0,3,2,0,5,6,0,0,0,0,0,0,5,0,1,6
"80",98,8,98,"V","S","P","E","V","L","G",".","P","D",".","E","A","A","E","E","G","P","S","E",".","A",".","S","E","A","E","P","P","D","V,S,P,E,V,L,G,.,P,D,.,E,A,A,E,E,G,P,S,E,.,A,.,S,E,A,E,P,P,D",0,4,0,2,7,0,2,0,0,0,1,0,0,5,0,0,3,0,2,0,0,7
"81",100,1,100,".",".",".",".",".",".",".",".",".",".",".",".",".",".",".",".",".",".",".",".",".",".",".",".",".","L",".",".",".",".",".,.,.,.,.,.,.,.,.,.,.,.,.,.,.,.,.,.,.,.,.,.,.,.,.,L,.,.,.,.",0,0,0,0,0,0,0,0,0,0,1,0,0,0,0,0,0,0,0,0,0,1
"82",101,4,101,"C","T","N","K","Q","G","G","G","G","G","G","G","G","Q","N","L","G","G","G","N","N","G","E","G","N","G","G","K","E","H","C,T,N,K,Q,G,G,G,G,G,G,G,G,Q,N,L,G,G,G,N,N,G,E,G,N,G,G,K,E,H",0,0,1,0,2,0,15,1,0,2,1,0,5,0,2,0,0,1,0,0,0,15
"83",102,2,102,"G","S","G","G","G","G","G","P","G","G","P","G","G","G","G","L","G","G","G","G","N","N","G","G","G","G","G","G","T","T","G,S,G,G,G,G,G,P,G,G,P,G,G,G,G,L,G,G,G,G,N,N,G,G,G,G,G,G,T,T",0,0,0,0,0,0,22,0,0,0,1,0,2,2,0,0,1,2,0,0,0,22
"84",103,5,103,"M","F","S","S","D","D","S","S","S","D","S","E","S","Q","S","S","E","D","D","S","T","L","R","E","A","E","A","S","V","V","M,F,S,S,D,D,S,S,S,D,S,E,S,Q,S,S,E,D,D,S,T,L,R,E,A,E,A,S,V,V",0,2,0,5,4,1,0,0,0,0,1,1,0,0,1,1,11,1,2,0,0,11
"85",104,5,104,"Q","D","L","L","L","L","A","L","I","L","L","L","V","L","L","I","L","M","F","L","D","Q","D","L","L","L","L","L","Y","L","Q,D,L,L,L,L,A,L,I,L,L,L,V,L,L,I,L,M,F,L,D,Q,D,L,L,L,L,L,Y,L",0,1,0,3,0,1,0,0,2,0,18,1,0,0,2,0,0,0,1,0,1,18
"86",105,3,105,"E","K","C","S","L","R","L","E","S","M","E","F","A","Y","S","D","F","M","L","D","F","E","L","F","D","W","T","C","R","D","E,K,C,S,L,R,L,E,S,M,E,F,A,Y,S,D,F,M,L,D,F,E,L,F,D,W,T,C,R,D",0,1,2,4,4,4,0,0,0,1,4,2,0,0,0,2,3,1,0,1,1,4
"87",106,5,106,"M","F","K","D","E","Y","D","D","S","K","D","D","H","E","G","L","G","S","T","T","K","Y","D","D","A","S","D","H","V","E","M,F,K,D,E,Y,D,D,S,K,D,D,H,E,G,L,G,S,T,T,K,Y,D,D,A,S,D,H,V,E",0,1,0,8,3,1,2,2,0,3,1,1,0,0,0,0,3,2,1,0,2,8
"88",107,1,107,"L","Y","Y","F","L","H","L","L","I","R","L","K","L","V","L","Y","K","L","F","F","Q","L","D","Y","F","I","I","Y","A","L","L,Y,Y,F,L,H,L,L,I,R,L,K,L,V,L,Y,K,L,F,F,Q,L,D,Y,F,I,I,Y,A,L",0,1,0,1,0,4,0,1,3,2,10,0,0,0,1,1,0,0,1,0,5,10
"89",108,3,108,"D","K","L","L","I","L","L","F","I","I","F","V","L","L","L","E","I","L","L","L","L","T","K","L","L","L","V","L","R","Q","D,K,L,L,I,L,L,F,I,I,F,V,L,L,L,E,I,L,L,L,L,T,K,L,L,L,V,L,R,Q",0,0,0,1,1,2,0,0,4,2,15,0,0,0,1,1,0,1,2,0,0,15
"90",109,4,109,"S","Y","S","K","K","Q","E","N","N","N","D","V","S","R","Q","L","S","I","R","K","Y","R","I","V","R","R","T","T","H","H","S,Y,S,K,K,Q,E,N,N,N,D,V,S,R,Q,L,S,I,R,K,Y,R,I,V,R,R,T,T,H,H",0,0,0,1,1,0,0,2,2,3,1,0,3,0,2,5,4,2,2,0,2,5
"91",110,1,110,"V","V","L","A","T","Q","P","F","R","R","L","G","K","A","S","I","T","R","R","K","Q","H","Q","K","K","D","H","Q","Y","Y","V,V,L,A,T,Q,P,F,R,R,L,G,K,A,S,I,T,R,R,K,Q,H,Q,K,K,D,H,Q,Y,Y",0,2,0,1,0,1,1,2,1,4,2,0,0,1,4,4,1,2,2,0,2,4
"92",111,5,111,"P","Y","H","N","R","N","G","C","F","Q","C","N","Y","G","Q","K","E","M","K","N","T","V","E","K","H","R","T","Y","S","C","P,Y,H,N,R,N,G,C,F,Q,C,N,Y,G,Q,K,E,M,K,N,T,V,E,K,H,R,T,Y,S,C",0,0,3,0,2,1,2,2,0,3,0,1,4,1,2,2,1,2,1,0,3,4
"93",112,4,112,"E","S","T","V","G","V","P","S","G","R","D","K","G","R","C","K","G","G","K","D","L","I","Y","G","D","G","R","T","R","H","E,S,T,V,G,V,P,S,G,R,D,K,G,R,C,K,G,G,K,D,L,I,Y,G,D,G,R,T,R,H",0,0,1,3,1,0,7,1,1,3,1,0,0,1,0,4,2,2,2,0,1,7
"94",113,4,113,"K","V","S","V","A","H","L","R","P","G","R","R","A","P","P","N","K","I","D","G","T","S","K","R","G","S","M","S","A","G","K,V,S,V,A,H,L,R,P,G,R,R,A,P,P,N,K,I,D,G,T,S,K,R,G,S,M,S,A,G",0,3,0,1,0,0,4,1,1,3,1,1,1,3,0,4,4,1,2,0,0,4
"95",114,3,114,"R","L","D","S","L","F","D","R","L","V","T","L","F","V","R","K","L","F","E","Q","D","W","Q","L","Q","F","N","D","K","L","R,L,D,S,L,F,D,R,L,V,T,L,F,V,R,K,L,F,E,Q,D,W,Q,L,Q,F,N,D,K,L",0,0,0,4,1,4,0,0,0,2,7,0,1,0,3,3,1,1,2,1,0,7
"96",115,3,115,"F","D","W","W","H","K","E","F","P","L","F","K","K","T","P","F","S","P","L","F","Y","E","A","T","F","D","E","W","Q","E","F,D,W,W,H,K,E,F,P,L,F,K,K,T,P,F,S,P,L,F,Y,E,A,T,F,D,E,W,Q,E",0,1,0,2,4,6,0,1,0,3,2,0,0,3,1,0,1,2,0,3,1,6
"97",116,10,116,"P","D","V","N","E","E","T","T","E","F","S","E","E","P","W","Q","E","E","K","T","D","D","G","P","T","E","E","G","T","S","P,D,V,N,E,E,T,T,E,F,S,E,E,P,W,Q,E,E,K,T,D,D,G,P,T,E,E,G,T,S",0,0,0,3,9,1,2,0,0,1,0,0,1,3,1,0,2,5,1,1,0,9
"98",117,2,117,"V","V","S","E","D","E","Q","M","M","S","L","A","S","S","P","G","P","S","L","V","I","L","K","K","V","P","Q","S","L","K","V,V,S,E,D,E,Q,M,M,S,L,A,S,S,P,G,P,S,L,V,I,L,K,K,V,P,Q,S,L,K",0,1,0,1,2,0,1,0,1,3,4,2,0,3,2,0,6,0,4,0,0,6
"99",118,4,118,"C","I","S","L","E","T","I","K","V","E","K","T","V","L","L","F","E","L","K","I","R","R","I","E","I","T","I","S","P","R","C,I,S,L,E,T,I,K,V,E,K,T,V,L,L,F,E,L,K,I,R,R,I,E,I,T,I,S,P,R",0,0,1,0,4,1,0,0,6,3,4,0,0,1,0,3,2,3,2,0,0,6
"100",119,4,119,"Q","P","C","C","A","V","A","T","F","D","T","C","V","L","L","S","S","A",".",".","F","K","F","A",".","S","A","L","V","L","Q,P,C,C,A,V,A,T,F,D,T,C,V,L,L,S,S,A,.,.,F,K,F,A,.,S,A,L,V,L",0,5,3,1,0,3,0,0,0,1,4,0,0,1,1,0,3,2,3,0,0,5
"101",120,3,120,"A","E","R",".","R","K","T","V","C",".","V","K","I","V","C","V","K","R",".",".","Y",".","P","R",".","K","T","R","I","R","A,E,R,.,R,K,T,V,C,.,V,K,I,V,C,V,K,R,.,.,Y,.,P,R,.,K,T,R,I,R",0,1,2,0,1,0,0,0,2,4,0,0,0,1,0,6,0,2,4,0,1,6
"102",121,2,121,"H","E","L",".","K","L","I","L","K",".","L","L","N","D","R",".","L","F",".",".","M",".","E","K",".","F","V","M","Y","K","H,E,L,.,K,L,I,L,K,.,L,L,N,D,R,.,L,F,.,.,M,.,E,K,.,F,V,M,Y,K",0,0,0,1,2,2,0,1,1,4,6,2,1,0,0,1,0,0,1,0,1,6
"103",122,2,122,"G","I","A","H","K","F","L","M","Y",".","M","Y","Y","W","L",".","I","Y",".",".","Y","L","N","F",".","C","C","A","V","Y","G,I,A,H,K,F,L,M,Y,.,M,Y,Y,W,L,.,I,Y,.,.,Y,L,N,F,.,C,C,A,V,Y",0,2,2,0,0,2,1,1,2,1,3,2,1,0,0,0,0,0,1,1,6,6
"104",123,2,123,"Y","L","H","I","F","I","R","L","T",".","I","F","T","S","L",".","F","I",".",".",".","G",".","F",".","V","L","L","K","L","Y,L,H,I,F,I,R,L,T,.,I,F,T,S,L,.,F,I,.,.,.,G,.,F,.,V,L,L,K,L",0,0,0,0,0,4,1,1,4,1,6,0,0,0,0,1,1,2,1,0,1,6
"105",124,2,124,"F","G",".","A","H","C",".","A","K",".","A","Y","E","M","K",".","S","A",".",".",".","S",".","R",".","A",".",".","L","F","F,G,.,A,H,C,.,A,K,.,A,Y,E,M,K,.,S,A,.,.,.,S,.,R,.,A,.,.,L,F",0,5,1,0,1,2,1,1,0,2,1,1,0,0,0,1,2,0,0,0,1,5
"106",129,1,129,"Q","A","S","T","Q","E","E","Q","Q","Q","Q","Q","Q","G","E","Q","Q","E","Q","Q","E","S","Q","Q","Q","C","S","S","Q","Q","Q,A,S,T,Q,E,E,Q,Q,Q,Q,Q,Q,G,E,Q,Q,E,Q,Q,E,S,Q,Q,Q,C,S,S,Q,Q",0,1,1,0,5,0,1,0,0,0,0,0,0,0,17,0,4,1,0,0,0,17
"107",130,3,130,"L","T","V","M","L","L","I","M","I","I","L","M","L","I","V","L","I","L","L","L","I","L","I","I","L","V","V","L","L","I","L,T,V,M,L,L,I,M,I,I,L,M,L,I,V,L,I,L,L,L,I,L,I,I,L,V,V,L,L,I",0,0,0,0,0,0,0,0,9,0,13,3,0,0,0,0,0,1,4,0,0,13
"108",131,4,131,"I","V","T","A","S","V","L","I","L","L","I","L","L","A","V","V","V","T","V","V","L","A","I","V","V","T","L","A","F","L","I,V,T,A,S,V,L,I,L,L,I,L,L,A,V,V,V,T,V,V,L,A,I,V,V,T,L,A,F,L",0,4,0,0,0,1,0,0,4,0,8,0,0,0,0,0,1,3,9,0,0,9
"109",132,7,132,"D","K","R","R","L","M","K","S","Q","G","S","L","R","G","L","R","S","C","K","G","K","R","E","S","G","E","R","Q","R","R","D,K,R,R,L,M,K,S,Q,G,S,L,R,G,L,R,S,C,K,G,K,R,E,S,G,E,R,Q,R,R",0,0,1,1,2,0,4,0,0,4,3,1,0,0,2,8,4,0,0,0,0,8
"110",133,2,133,"G","A","G","G","A","A","G","R","G","W","R","A","G","G","G","K","A","A","F","M","A","G","W","A","M","A","A","G","S","A","G,A,G,G,A,A,G,R,G,W,R,A,G,G,G,K,A,A,F,M,A,G,W,A,M,A,A,G,S,A",0,11,0,0,0,1,10,0,0,1,0,2,0,0,0,2,1,0,0,2,0,11
"111",134,3,134,"L","L","L","L","I","L","L","I","V","F","M","V","L","M","M","F","V","V","S","L","L","I","F","L","L","F","L","L","L","I","L,L,L,L,I,L,L,I,V,F,M,V,L,M,M,F,V,V,S,L,L,I,F,L,L,F,L,L,L,I",0,0,0,0,0,4,0,0,4,0,14,3,0,0,0,0,1,0,4,0,0,14
"112",135,3,135,"E","N","A","A","K","D","D","E","A","V","E","Q","S","N","F","A","K","E","L","R","D","A","I","D","R","D","S","A","A","D","E,N,A,A,K,D,D,E,A,V,E,Q,S,N,F,A,K,E,L,R,D,A,I,D,R,D,S,A,A,D",0,7,0,6,4,1,0,0,1,2,1,0,2,0,1,2,2,0,1,0,0,7
"113",137,1,137,".",".",".",".",".",".",".",".",".","I",".",".",".",".",".","S",".",".","A","I",".",".","L",".","I",".",".",".",".",".",".,.,.,.,.,.,.,.,.,I,.,.,.,.,.,S,.,.,A,I,.,.,L,.,I,.,.,.,.,.",0,1,0,0,0,0,0,0,3,0,1,0,0,0,0,0,1,0,0,0,0,3
"114",139,2,139,".",".",".",".",".",".",".",".",".","L",".",".",".",".",".","L",".",".","A","A",".",".","L",".","A",".",".",".",".",".",".,.,.,.,.,.,.,.,.,L,.,.,.,.,.,L,.,.,A,A,.,.,L,.,A,.,.,.,.,.",0,3,0,0,0,0,0,0,0,0,3,0,0,0,0,0,0,0,0,0,0,3
"115",142,1,142,".",".",".",".",".",".",".",".",".","K",".",".",".",".",".","L",".",".","L","K",".",".","D",".","R",".",".",".",".",".",".,.,.,.,.,.,.,.,.,K,.,.,.,.,.,L,.,.,L,K,.,.,D,.,R,.,.,.,.,.",0,0,0,1,0,0,0,0,0,2,2,0,0,0,0,1,0,0,0,0,0,2
"116",144,1,144,"Y","H","Y","Y","Y","Y","Y","Y","Y","H","Y","Y","Y","Y","Y","A","H","S","Y","Y","Y","H","Y","F","Y","Y","Y","F","Y","Y","Y,H,Y,Y,Y,Y,Y,Y,Y,H,Y,Y,Y,Y,Y,A,H,S,Y,Y,Y,H,Y,F,Y,Y,Y,F,Y,Y",0,1,0,0,0,2,0,4,0,0,0,0,0,0,0,0,1,0,0,0,22,22
"117",145,4,145,"L","L","L","L","C","L","L","V","L","I","V","L","L","L","L","L","M","V","L","L","C","L","M","C","L","L","L","L","I","L","L,L,L,L,C,L,L,V,L,I,V,L,L,L,L,L,M,V,L,L,C,L,M,C,L,L,L,L,I,L",0,0,3,0,0,0,0,0,2,0,20,2,0,0,0,0,0,0,3,0,0,20
"118",146,5,146,"H","K","H","H","H","Q","H","H","H","H","H","H","H","H","H","H","H","H","E","S","H","H","H","H","A","H","H","H","H","H","H,K,H,H,H,Q,H,H,H,H,H,H,H,H,H,H,H,H,E,S,H,H,H,H,A,H,H,H,H,H",0,1,0,0,1,0,0,25,0,1,0,0,0,0,1,0,1,0,0,0,0,25
"119",147,6,147,"S","E","T","E","D","N","S","T","E","D","S","E","E","L","D","K","E","K","S","D","S","S","E","S","D","R","N","E","S","S","S,E,T,E,D,N,S,T,E,D,S,E,E,L,D,K,E,K,S,D,S,S,E,S,D,R,N,E,S,S",0,0,0,5,8,0,0,0,0,2,1,0,2,0,0,1,9,2,0,0,0,9
"120",148,1,148,"Q","N","E","D","L","Q","E","K","N","R","K","N","N","H","Q","N","N","M","K","M","M","D","R","Y","M","L","Q","E","F","N","Q,N,E,D,L,Q,E,K,N,R,K,N,N,H,Q,N,N,M,K,M,M,D,R,Y,M,L,Q,E,F,N",0,0,0,2,3,1,0,1,0,3,2,4,7,0,4,2,0,0,0,0,1,7
"121",149,5,149,"G","L","L","I","D","R","K","N","C","K","N","G","Q","K","N","K","Q","G","N","G","G","H","R","S","G","G","G","R","G","N","G,L,L,I,D,R,K,N,C,K,N,G,Q,K,N,K,Q,G,N,G,G,H,R,S,G,G,G,R,G,N",0,0,1,1,0,0,9,1,1,4,2,0,5,0,2,3,1,0,0,0,0,9
"122",150,1,150,".","K","P","P",".",".",".",".",".",".",".",".",".",".","P",".",".",".",".",".",".","T",".",".",".",".",".","W",".",".",".,K,P,P,.,.,.,.,.,.,.,.,.,.,P,.,.,.,.,.,.,T,.,.,.,.,.,W,.,.",0,0,0,0,0,0,0,0,0,1,0,0,0,3,0,0,0,1,0,1,0,3
"123",152,1,152,".",".","G","L",".",".",".",".",".",".",".",".",".",".",".",".",".",".",".",".",".","C",".",".",".",".",".","N",".",".",".,.,G,L,.,.,.,.,.,.,.,.,.,.,.,.,.,.,.,.,.,C,.,.,.,.,.,N,.,.",0,0,1,0,0,0,1,0,0,0,1,0,1,0,0,0,0,0,0,0,0,1
"124",155,1,155,".",".","Y","G",".",".",".",".",".",".",".",".",".",".",".",".",".",".",".",".",".","P",".",".",".",".",".","Y",".",".",".,.,Y,G,.,.,.,.,.,.,.,.,.,.,.,.,.,.,.,.,.,P,.,.,.,.,.,Y,.,.",0,0,0,0,0,0,1,0,0,0,0,0,0,1,0,0,0,0,0,0,2,2
"125",156,1,156,".",".","K","H",".",".",".",".",".",".",".",".",".",".",".",".",".",".",".",".",".","K",".",".",".",".",".","K",".",".",".,.,K,H,.,.,.,.,.,.,.,.,.,.,.,.,.,.,.,.,.,K,.,.,.,.,.,K,.,.",0,0,0,0,0,0,0,1,0,3,0,0,0,0,0,0,0,0,0,0,0,3
"126",160,3,160,"I","I","I","I","V","I","K","F","V","I","L","I","I","I","L","I","I","F","C","Y","I","I","I","I","Y","I","V","I","I","I","I,I,I,I,V,I,K,F,V,I,L,I,I,I,L,I,I,F,C,Y,I,I,I,I,Y,I,V,I,I,I",0,0,1,0,0,2,0,0,19,1,2,0,0,0,0,0,0,0,3,0,2,19
"127",161,2,161,"V","I","S","S","V","I","I","I","V","L","I","I","I","I","L","I","I","I","I","V","M","V","L","C","V","I","I","A","C","I","V,I,S,S,V,I,I,I,V,L,I,I,I,I,L,I,I,I,I,V,M,V,L,C,V,I,I,A,C,I",0,1,2,0,0,0,0,0,15,0,3,1,0,0,0,0,2,0,6,0,0,15
"128",162,5,162,"H","H","H","H","H","H","H","H","H","H","Y","H","H","H","H","H","H","H","H","H","H","H","H","H","H","Y","H","H","H","H","H,H,H,H,H,H,H,H,H,H,Y,H,H,H,H,H,H,H,H,H,H,H,H,H,H,Y,H,H,H,H",0,0,0,0,0,0,0,28,0,0,0,0,0,0,0,0,0,0,0,0,2,28
"129",163,7,163,"K","R","R","R","R","R","R","R","R","R","R","R","R","R","R","C","R","R","R","R","R","R","R","R","R","R","R","R","R","R","K,R,R,R,R,R,R,R,R,R,R,R,R,R,R,C,R,R,R,R,R,R,R,R,R,R,R,R,R,R",0,0,1,0,0,0,0,0,0,1,0,0,0,0,0,28,0,0,0,0,0,28
"130",164,7,164,"D","D","D","D","D","D","D","D","D","D","D","D","D","D","D","D","D","D","D","D","D","D","D","D","D","D","D","D","D","D","D,D,D,D,D,D,D,D,D,D,D,D,D,D,D,D,D,D,D,D,D,D,D,D,D,D,D,D,D,D",0,0,0,30,0,0,0,0,0,0,0,0,0,0,0,0,0,0,0,0,0,30
"131",165,3,165,"I","I","L","I","L","M","I","I","I","I","V","L","V","L","L","L","L","I","L","L","V","L","L","L","L","L","I","L","I","I","I,I,L,I,L,M,I,I,I,I,V,L,V,L,L,L,L,I,L,L,V,L,L,L,L,L,I,L,I,I",0,0,0,0,0,0,0,0,11,0,15,1,0,0,0,0,0,0,3,0,0,15
"132",166,2,166,"K","K","N","K","K","K","K","K","K","K","K","K","K","K","K","K","K","K","A","A","K","K","K","K","A","K","K","S","K","K","K,K,N,K,K,K,K,K,K,K,K,K,K,K,K,K,K,K,A,A,K,K,K,K,A,K,K,S,K,K",0,3,0,0,0,0,0,0,0,25,0,0,1,0,0,0,1,0,0,0,0,25
"133",167,3,167,"P","P","S","S","C","P","A","P","G","A","P","P","G","S","P","P","A","P","A","A","P","S","S","P","A","P","S","S","P","P","P,P,S,S,C,P,A,P,G,A,P,P,G,S,P,P,A,P,A,A,P,S,S,P,A,P,S,S,P,P",0,6,1,0,0,0,2,0,0,0,0,0,0,14,0,0,7,0,0,0,0,14
"134",168,8,168,"G","S","R","K","D","D","A","D","N","Q","E","E","A","P","S","E","E","D","R","R","H","S","K","E","R","E","D","Q","Q","E","G,S,R,K,D,D,A,D,N,Q,E,E,A,P,S,E,E,D,R,R,H,S,K,E,R,E,D,Q,Q,E",0,2,0,5,7,0,1,1,0,2,0,0,1,1,3,4,3,0,0,0,0,7
"135",169,5,169,"N","N","N","N","N","N","N","N","N","N","N","N","N","N","N","N","N","N","N","N","N","N","N","N","N","N","S","N","N","N","N,N,N,N,N,N,N,N,N,N,N,N,N,N,N,N,N,N,N,N,N,N,N,N,N,N,S,N,N,N",0,0,0,0,0,0,0,0,0,0,0,0,29,0,0,0,1,0,0,0,0,29
"136",170,1,170,"L","I","V","V","L","I","V","F","V","I","F","V","L","M","V","I","V","I","C","I","V","I","V","L","I","L","I","V","L","I","L,I,V,V,L,I,V,F,V,I,F,V,L,M,V,I,V,I,C,I,V,I,V,L,I,L,I,V,L,I",0,0,1,0,0,2,0,0,10,0,6,1,0,0,0,0,0,0,10,0,0,10
"137",171,4,171,"L","L","L","L","L","L","L","L","M","F","L","L","L","L","L","L","F","L","L","L","M","L","F","L","L","I","L","L","L","L","L,L,L,L,L,L,L,L,M,F,L,L,L,L,L,L,F,L,L,L,M,L,F,L,L,I,L,L,L,L",0,0,0,0,0,3,0,0,1,0,24,2,0,0,0,0,0,0,0,0,0,24
"138",172,5,172,"L","L","V","L","L","L","L","M","L","L","I","L","I","I","L","L","Y","I","V","I","I","V","L","L","V","L","L","I","L","V","L,L,V,L,L,L,L,M,L,L,I,L,I,I,L,L,Y,I,V,I,I,V,L,L,V,L,L,I,L,V",0,0,0,0,0,0,0,0,7,0,16,1,0,0,0,0,0,0,5,0,1,16
"139",173,7,173,"T","D","K","K","D","D","S","G","M","S","G","S","D","T","D","K","T","D","G","N","D","K","K","D","N","D","T","R","D","S","T,D,K,K,D,D,S,G,M,S,G,S,D,T,D,K,T,D,G,N,D,K,K,D,N,D,T,R,D,S",0,0,0,10,0,0,3,0,0,5,0,1,2,0,0,1,4,4,0,0,0,10
"140",174,4,174,"T","R","N","N","K","E","E","I","P","K","R","S","S","Y","P","H","S","R","E","S","H","N","N","E","S","A","S","E","P","Q","T,R,N,N,K,E,E,I,P,K,R,S,S,Y,P,H,S,R,E,S,H,N,N,E,S,A,S,E,P,Q",0,1,0,0,5,0,0,2,1,2,0,0,4,3,1,3,6,1,0,0,1,6
"141",175,4,175,"G","S","D","N","D","H","H","G","T","N","P","Q","T","D","E","H","N","D","N","N","E","D","N","K","N","E","D","D","D","S","G,S,D,N,D,H,H,G,T,N,P,Q,T,D,E,H,N,D,N,N,E,D,N,K,N,E,D,D,D,S",0,0,0,8,3,0,2,3,0,1,0,0,7,1,1,0,2,2,0,0,0,8
"142",176,3,176,"G","G","G","L","F","G","G","R","G","G","G","E","G","D","L","G","T","G","N","L","H","L","L","N","L","G","G","G","T","G","G,G,G,L,F,G,G,R,G,G,G,E,G,D,L,G,T,G,N,L,H,L,L,N,L,G,G,G,T,G",0,0,0,1,1,1,15,1,0,0,6,0,2,0,0,1,0,2,0,0,0,15
"143",177,3,177,"T","N","T","T","N","H","E","H","I","M","N","E","Q","V","H","R","C","H","V","V","R","T",".","N","V","Y","R","S","A","I","T,N,T,T,N,H,E,H,I,M,N,E,Q,V,H,R,C,H,V,V,R,T,.,N,V,Y,R,S,A,I",0,1,1,0,2,0,0,4,2,0,0,1,4,0,1,3,1,4,4,0,1,4
"144",178,2,178,".",".",".",".",".",".",".","C",".","V","K","D","R",".",".","S",".",".",".",".","K",".",".",".",".",".",".",".","V",".",".,.,.,.,.,.,.,C,.,V,K,D,R,.,.,S,.,.,.,.,K,.,.,.,.,.,.,.,V,.",0,0,1,1,0,0,0,0,0,2,0,0,0,0,0,1,1,0,2,0,0,2
"145",181,1,181,".",".",".",".",".",".",".","C",".",".","Q",".",".",".",".",".",".",".",".",".",".",".",".",".",".",".",".",".",".",".",".,.,.,.,.,.,.,C,.,.,Q,.,.,.,.,.,.,.,.,.,.,.,.,.,.,.,.,.,.,.",0,0,1,0,0,0,0,0,0,0,0,0,0,0,1,0,0,0,0,0,0,1
"146",193,1,193,".",".",".",".",".",".",".","M",".",".",".",".",".",".",".",".",".",".",".",".",".",".",".",".",".",".",".",".",".",".",".,.,.,.,.,.,.,M,.,.,.,.,.,.,.,.,.,.,.,.,.,.,.,.,.,.,.,.,.,.",0,0,0,0,0,0,0,0,0,0,0,1,0,0,0,0,0,0,0,0,0,1
"147",197,1,197,".",".",".",".",".",".",".","T",".",".",".",".",".",".",".",".",".",".",".",".",".",".",".",".",".",".",".",".",".",".",".,.,.,.,.,.,.,T,.,.,.,.,.,.,.,.,.,.,.,.,.,.,.,.,.,.,.,.,.,.",0,0,0,0,0,0,0,0,0,0,0,0,0,0,0,0,0,1,0,0,0,1
"148",209,4,209,"L","I","C","A","I","V","V","L","I","A","I","I","L","V","V","T","V","I","L","C","L","C","L","I","C","L","I","C","L","T","L,I,C,A,I,V,V,L,I,A,I,I,L,V,V,T,V,I,L,C,L,C,L,I,C,L,I,C,L,T",0,2,5,0,0,0,0,0,8,0,8,0,0,0,0,0,0,2,5,0,0,8
"149",210,1,210,"K","K","V","C","K","H","K","F","K","K","H","K","R","K","K","K","K","K","K","K","R","C","K","R","K","K","K","A","K","K","K,K,V,C,K,H,K,F,K,K,H,K,R,K,K,K,K,K,K,K,R,C,K,R,K,K,K,A,K,K",0,1,2,0,0,1,0,2,0,20,0,0,0,0,0,3,0,0,1,0,0,20
"150",211,1,211,"I","L","I","I","L","I","L","L","L","L","I","I","I","I","L","V","V","L","I","V","L","L","I","I","V","L","L","I","L","L","I,L,I,I,L,I,L,L,L,L,I,I,I,I,L,V,V,L,I,V,L,L,I,I,V,L,L,I,L,L",0,0,0,0,0,0,0,0,12,0,14,0,0,0,0,0,0,0,4,0,0,14
"151",212,3,212,"S","C","S","A","S","T","A","I","I","G","I","T","A","S","A","I","G","T","S","S","I","C","G","A","S","V","S","G","C","C","S,C,S,A,S,T,A,I,I,G,I,T,A,S,A,I,G,T,S,S,I,C,G,A,S,V,S,G,C,C",0,5,4,0,0,0,4,0,5,0,0,0,0,0,0,0,8,3,1,0,0,8
"152",213,5,213,"D","D","D","D","D","D","D","D","D","D","D","D","D","D","D","D","D","D","D","D","D","D","D","D","D","D","D","D","D","D","D,D,D,D,D,D,D,D,D,D,D,D,D,D,D,D,D,D,D,D,D,D,D,D,D,D,D,D,D,D",0,0,0,30,0,0,0,0,0,0,0,0,0,0,0,0,0,0,0,0,0,30
"153",214,2,214,"L","F","F","F","F","F","F","F","F","F","F","F","F","F","F","F","F","F","F","F","W","F","F","F","F","F","F","L","F","F","L,F,F,F,F,F,F,F,F,F,F,F,F,F,F,F,F,F,F,F,W,F,F,F,F,F,F,L,F,F",0,0,0,0,0,27,0,0,0,0,2,0,0,0,0,0,0,0,0,1,0,27
"154",215,5,215,"G","G","G","G","S","N","G","G","G","G","G","G","G","G","G","G","G","G","G","G","G","G","G","G","G","G","G","G","G","G","G,G,G,G,S,N,G,G,G,G,G,G,G,G,G,G,G,G,G,G,G,G,G,G,G,G,G,G,G,G",0,0,0,0,0,0,28,0,0,0,0,0,1,0,0,0,1,0,0,0,0,28
"155",216,3,216,"V","I","L","L","F","I","V","L","C","I","L","H","A","T","L","S","F","L","M","L","L","L","V","M","L","F","F","L","S","F","V,I,L,L,F,I,V,L,C,I,L,H,A,T,L,S,F,L,M,L,L,L,V,M,L,F,F,L,S,F",0,1,1,0,0,5,0,1,3,0,11,2,0,0,0,0,2,1,3,0,0,11
"156",217,4,217,"A","S","S","A","S","A","A","A","A","A","A","S","A","S","S","S","S","C","S","S","A","S","S","A","S","A","C","A","A","A","A,S,S,A,S,A,A,A,A,A,A,S,A,S,S,S,S,C,S,S,A,S,S,A,S,A,C,A,A,A",0,15,2,0,0,0,0,0,0,0,0,0,0,0,0,0,13,0,0,0,0,15
"157",218,9,218,"E","G","M","L","K","A","G","K","R","R","K","K","A","K","T","C","T","T","R","R","E","L","R","S","R","K","A","L","K","R","E,G,M,L,K,A,G,K,R,R,K,K,A,K,T,C,T,T,R,R,E,L,R,S,R,K,A,L,K,R",0,3,1,0,2,0,2,0,0,7,3,1,0,0,0,7,1,3,0,0,0,7
"158",219,6,219,"A","Q","R","K","R","M","Q","K","R","V","E","I","R","E","F","F","V","G","Q","V","F","R","L","L","V","K","Q","V","Q","T","A,Q,R,K,R,M,Q,K,R,V,E,I,R,E,F,F,V,G,Q,V,F,R,L,L,V,K,Q,V,Q,T",0,1,0,0,2,3,1,0,1,3,2,1,0,0,5,5,0,1,5,0,0,5
"159",220,2,220,"L","L","L","F","C","L","L","Y","L","L","Y","L","L","L","Q","E","S","F",".","L","Y","L","L","Q","I","I","V","L","L","L","L,L,L,F,C,L,L,Y,L,L,Y,L,L,L,Q,E,S,F,.,L,Y,L,L,Q,I,I,V,L,L,L",0,0,1,0,1,2,0,0,2,0,16,0,0,0,2,0,1,0,1,0,3,16
"160",221,2,221,"H","V","T","E","L","P","T","R","A","N","I",".","A","S",".","Y","K","R",".",".","H","D","M","V",".",".","S","P","V","A","H,V,T,E,L,P,T,R,A,N,I,.,A,S,.,Y,K,R,.,.,H,D,M,V,.,.,S,P,V,A",0,3,0,1,1,0,0,2,1,1,1,1,1,2,0,2,2,2,3,0,1,3
"161",222,1,222,"P","D",".","A",".","R",".","D","W","N","D",".","S","D",".","Q","K","W",".",".","P","P",".",".",".",".","K",".","R","A","P,D,.,A,.,R,.,D,W,N,D,.,S,D,.,Q,K,W,.,.,P,P,.,.,.,.,K,.,R,A",0,2,0,4,0,0,0,0,0,2,0,0,1,3,1,2,1,0,0,2,0,4
"162",223,2,223,"F","S",".",".",".",".",".","N","A","S","P",".","K","K",".","K",".","T",".",".",".","T",".",".",".",".",".",".",".","P","F,S,.,.,.,.,.,N,A,S,P,.,K,K,.,K,.,T,.,.,.,T,.,.,.,.,.,.,.,P",0,1,0,0,0,1,0,0,0,3,0,0,1,2,0,0,2,2,0,0,0,3
"163",224,2,224,"A","I","G","G",".",".",".","R","G","M","E","G","G","S","G","L","G","H",".",".","G","L","G","G",".","G",".","G","G","G","A,I,G,G,.,.,.,R,G,M,E,G,G,S,G,L,G,H,.,.,G,L,G,G,.,G,.,G,G,G",0,1,0,0,1,0,14,1,1,0,2,1,0,0,0,1,1,0,0,0,0,14
"164",225,2,225,".","A","N","K",".",".",".","T","L",".","T","E","T","T","G","Y",".","D",".",".","Q","S","S","D",".","S",".","L","E","D",".,A,N,K,.,.,.,T,L,.,T,E,T,T,G,Y,.,D,.,.,Q,S,S,D,.,S,.,L,E,D",0,1,0,3,2,0,1,0,0,1,2,0,1,0,1,0,3,4,0,0,1,4
"165",226,2,226,".","K","R","S",".",".",".","R","N",".","K","T","G","K","S",".",".","S",".",".","E",".","C","S",".","G",".","T","P","I",".,K,R,S,.,.,.,R,N,.,K,T,G,K,S,.,.,S,.,.,E,.,C,S,.,G,.,T,P,I",0,0,1,0,1,0,2,0,1,3,0,0,1,1,0,2,4,2,0,0,0,4
"166",227,2,227,".",".","L","A",".",".",".","Q","G",".","K","S","A","M","Q",".",".","K",".",".","Y",".","D","L",".","Q",".","Q","N","Y",".,.,L,A,.,.,.,Q,G,.,K,S,A,M,Q,.,.,K,.,.,Y,.,D,L,.,Q,.,Q,N,Y",0,2,0,1,0,0,1,0,0,2,2,1,1,0,4,0,1,0,0,0,2,4
"167",229,2,229,".",".","R","D",".",".",".","I","H",".","I","M",".",".","G",".",".","Y",".",".",".",".","A","E",".","T",".","P",".",".",".,.,R,D,.,.,.,I,H,.,I,M,.,.,G,.,.,Y,.,.,.,.,A,E,.,T,.,P,.,.",0,1,0,1,1,0,1,1,2,0,0,1,0,1,0,1,0,1,0,0,1,2
"168",230,1,230,".",".","P",".",".",".",".","P",".",".","P","R",".",".","T",".",".","Q",".",".",".",".","T",".",".","W",".","A",".",".",".,.,P,.,.,.,.,P,.,.,P,R,.,.,T,.,.,Q,.,.,.,.,T,.,.,W,.,A,.,.",0,1,0,0,0,0,0,0,0,0,0,0,0,3,1,1,0,2,0,1,0,3
"169",231,1,231,".",".","G",".",".",".",".","Y",".",".","Y",".",".",".","G",".",".","S",".",".",".",".",".",".",".",".",".","W",".",".",".,.,G,.,.,.,.,Y,.,.,Y,.,.,.,G,.,.,S,.,.,.,.,.,.,.,.,.,W,.,.",0,0,0,0,0,0,2,0,0,0,0,0,0,0,0,0,1,0,0,1,2,2
"170",233,2,233,"A",".","E",".","R","E","D","E","S","E","E",".","E",".",".",".","E","D","E","E",".","V",".",".","E",".","E","P",".",".","A,.,E,.,R,E,D,E,S,E,E,.,E,.,.,.,E,D,E,E,.,V,.,.,E,.,E,P,.,.",0,1,0,2,11,0,0,0,0,0,0,0,0,1,0,1,1,0,1,0,0,11
"171",236,1,236,"T",".","N",".","S","I","I",".","L","R",".",".","G",".",".",".","N","R",".","P",".","L",".",".","P",".","K","P",".",".","T,.,N,.,S,I,I,.,L,R,.,.,G,.,.,.,N,R,.,P,.,L,.,.,P,.,K,P,.,.",0,0,0,0,0,0,1,0,2,1,2,0,2,3,0,2,1,1,0,0,0,3
"172",238,2,238,"R",".",".",".","R",".","R",".",".",".",".",".",".",".",".",".",".","D",".",".",".","N",".",".",".",".","K","G",".",".","R,.,.,.,R,.,R,.,.,.,.,.,.,.,.,.,.,D,.,.,.,N,.,.,.,.,K,G,.,.",0,0,0,1,0,0,1,0,0,1,0,0,1,0,0,3,0,0,0,0,0,3
"173",239,1,239,".",".",".",".","M",".","N",".",".",".",".",".",".",".",".",".",".","S",".",".",".",".",".",".",".",".",".","P",".",".",".,.,.,.,M,.,N,.,.,.,.,.,.,.,.,.,.,S,.,.,.,.,.,.,.,.,.,P,.,.",0,0,0,0,0,0,0,0,0,0,0,1,1,1,0,0,1,0,0,0,0,1
"174",240,1,240,".",".","A",".","A",".",".",".",".",".",".",".",".",".",".",".",".","M","G","A",".",".",".",".","A",".",".","A",".",".",".,.,A,.,A,.,.,.,.,.,.,.,.,.,.,.,.,M,G,A,.,.,.,.,A,.,.,A,.,.",0,5,0,0,0,0,1,0,0,0,0,1,0,0,0,0,0,0,0,0,0,5
"175",241,1,241,".",".","A",".","L",".",".",".",".",".",".",".",".",".",".",".",".","D","V","A",".",".",".",".","V",".",".","A",".",".",".,.,A,.,L,.,.,.,.,.,.,.,.,.,.,.,.,D,V,A,.,.,.,.,V,.,.,A,.,.",0,3,0,1,0,0,0,0,0,0,1,0,0,0,0,0,0,0,2,0,0,3
"176",276,3,276,"T","T","S","T","T","T","T","N","S","T","S","T","Q","S","S","T","T","S","S","T","V","S","T","T","T","T","S","M","S","T","T,T,S,T,T,T,T,N,S,T,S,T,Q,S,S,T,T,S,S,T,V,S,T,T,T,T,S,M,S,T",0,0,0,0,0,0,0,0,0,0,0,1,1,0,1,0,10,16,1,0,0,16
"177",277,2,277,"S","R","E","H","F","M","F","L","M","C","L","L","L","F","G","Y","F","L","S","T","R","G","L","S","T","F","L","E","Y","D","S,R,E,H,F,M,F,L,M,C,L,L,L,F,G,Y,F,L,S,T,R,G,L,S,T,F,L,E,Y,D",0,0,1,1,2,5,2,1,0,0,7,2,0,0,0,2,3,2,0,0,2,7
"178",280,3,280,"Q","A","V","V","C","A","V","T","H","I","T","C","L","A","G","I","C","V","S","R","V","V","T","C","T","C","V","A","I","V","Q,A,V,V,C,A,V,T,H,I,T,C,L,A,G,I,C,V,S,R,V,V,T,C,T,C,V,A,I,V",0,4,5,0,0,0,1,1,3,0,1,0,0,0,1,1,1,4,8,0,0,8
"179",281,5,281,"G","G","G","G","G","G","G","G","G","G","G","G","G","G","G","Q","G","G","G","G","A","G","G","G","G","G","G","G","C","A","G,G,G,G,G,G,G,G,G,G,G,G,G,G,G,Q,G,G,G,G,A,G,G,G,G,G,G,G,C,A",0,2,1,0,0,0,26,0,0,0,0,0,0,0,1,0,0,0,0,0,0,26
"180",282,5,282,"S","C","T","T","S","T","T","T","T","T","T","T","T","T","T","S","S","T","L","G","S","T","T","S","G","T","T","T","S","T","S,C,T,T,S,T,T,T,T,T,T,T,T,T,T,S,S,T,L,G,S,T,T,S,G,T,T,T,S,T",0,0,1,0,0,0,2,0,0,0,1,0,0,0,0,0,7,19,0,0,0,19
"181",283,7,283,"P","R","I","R","P","K","P","A","P","P","A","P","I","V","L",".","P","P","K","K",".","A","P","P","K","P","P","Q","R","R","P,R,I,R,P,K,P,A,P,P,A,P,I,V,L,.,P,P,K,K,.,A,P,P,K,P,P,Q,R,R",0,3,0,0,0,0,0,0,2,4,1,0,0,12,1,4,0,0,1,0,0,12
"182",285,1,285,".",".",".",".",".",".",".",".",".",".",".",".",".",".",".",".",".",".","I","I",".",".",".",".","I",".",".",".",".",".",".,.,.,.,.,.,.,.,.,.,.,.,.,.,.,.,.,.,I,I,.,.,.,.,I,.,.,.,.,.",0,0,0,0,0,0,0,0,3,0,0,0,0,0,0,0,0,0,0,0,0,3
"183",287,1,287,".",".",".",".",".",".",".",".",".",".",".",".",".",".",".",".",".",".","I","I",".",".",".",".","V",".",".",".",".",".",".,.,.,.,.,.,.,.,.,.,.,.,.,.,.,.,.,.,I,I,.,.,.,.,V,.,.,.,.,.",0,0,0,0,0,0,0,0,2,0,0,0,0,0,0,0,0,0,1,0,0,2
"184",288,3,288,"A","P","R","R","A","P","F","R","Y","Y","R","T","A","A","G","R","P","N","K","R","R","R","H","H","R","E","Y","R","Y","W","A,P,R,R,A,P,F,R,Y,Y,R,T,A,A,G,R,P,N,K,R,R,R,H,H,R,E,Y,R,Y,W",0,4,0,0,1,1,1,2,0,1,0,0,1,3,0,10,0,1,0,1,4,10
"185",289,3,289,"F","Y","Y","Y","Y","Y","W","Y","W","Y","Y","Y","F","W","Y","F","Y","Y","W","W","Y","Y","Y","Y","W","Y","W","Y","Y","Y","F,Y,Y,Y,Y,Y,W,Y,W,Y,Y,Y,F,W,Y,F,Y,Y,W,W,Y,Y,Y,Y,W,Y,W,Y,Y,Y",0,0,0,0,0,3,0,0,0,0,0,0,0,0,0,0,0,0,0,7,20,20
"186",290,1,290,".",".",".",".",".",".",".",".",".",".",".",".",".",".",".","Y",".",".",".",".","F",".",".",".",".",".",".",".",".",".",".,.,.,.,.,.,.,.,.,.,.,.,.,.,.,Y,.,.,.,.,F,.,.,.,.,.,.,.,.,.",0,0,0,0,0,1,0,0,0,0,0,0,0,0,0,0,0,0,0,0,1,1
"187",291,4,291,"Q","M","M","M","A","M","M","A","M","L","M","L","M","M","L","R","A","I","T","T","K","M","M","A","T","V","M","M","R","R","Q,M,M,M,A,M,M,A,M,L,M,L,M,M,L,R,A,I,T,T,K,M,M,A,T,V,M,M,R,R",0,4,0,0,0,0,0,0,1,1,3,13,0,0,1,3,0,3,1,0,0,13
"188",292,6,292,"P","A","A","A","A","A","A","S","A","S","S","A","A","A","A","A","A","A","A","A","G","A","S","C","A","A","A","A","A","A","P,A,A,A,A,A,A,S,A,S,S,A,A,A,A,A,A,A,A,A,G,A,S,C,A,A,A,A,A,A",0,23,1,0,0,0,1,0,0,0,0,0,0,1,0,0,4,0,0,0,0,23
"189",293,5,293,"P","P","P","P","P","P","P","I","P","P","I","P","P","P","P","P","P","P","P","P","P","P","P","P","P","P","P","P","P","P","P,P,P,P,P,P,P,I,P,P,I,P,P,P,P,P,P,P,P,P,P,P,P,P,P,P,P,P,P,P",0,0,0,0,0,0,0,0,2,0,0,0,0,28,0,0,0,0,0,0,0,28
"190",294,11,294,"E","E","E","E","E","E","E","N","E","E","N","E","E","E","E","E","E","E","E","E","E","E","E","E","E","E","E","E","E","E","E,E,E,E,E,E,E,N,E,E,N,E,E,E,E,E,E,E,E,E,E,E,E,E,E,E,E,E,E,E",0,0,0,0,28,0,0,0,0,0,0,0,2,0,0,0,0,0,0,0,0,28
