"","Align_Loc","Gene","Ref","case_id","amino_acid_change","merge","Var","Present"
"1",2,"ACVR2A","R","AM38_CENTRAL_NERVOUS_SYSTEM","p.R200K","E,R,R,R,E,K,K,S,K,Q,C,S,L,S,K,K,S,I,K,A,R,K,S,K,A,V,E,E,N,E","K",8
"2",3,"GSK3B","G","KM12_LARGE_INTESTINE","p.G65E","G,G,G,G,G,G,G,G,G,G,G,G,G,G,G,G,G,G,G,G,G,G,G,G,G,G,G,G,G,G","E",0
"3",4,"FER","N","FU97_STOMACH","p.N573Y","S,A,R,R,S,S,S,S,A,A,N,A,A,A,G,S,N,A,N,E,K,R,S,Q,E,G,S,G,S,S","Y",0
"4",7,"PAK7","I","AGS_STOMACH","p.I462T","K,S,A,C,K,K,E,D,T,K,E,E,S,A,T,Q,Q,E,E,E,E,E,T,L,E,R,I,V,V,T","T",4
"5",8,"PAK7","V","SNU1040_LARGE_INTESTINE","p.V463I","V,V,V,V,V,V,V,I,V,A,L,V,C,V,V,V,V,V,V,V,V,V,V,V,V,V,V,V,V,V","I",1
"6",10,"CSNK1G3","L","LNCAPCLONEFGC_PROSTATE","p.L59I","E,K,K,K,S,I,K,L,C,L,L,L,Q,L,R,R,L,L,K,S,E,K,L,L,S,L,I,A,Q,K","I",2
"7",11,"PAK7","A","RKO_LARGE_INTESTINE","p.A466T","V,M,G,A,A,V,G,A,G,A,G,A,A,G,A,V,G,A,G,G,A,A,V,G,G,V,A,G,A,C","T",0
"8",11,"PAK7","A","PF382_HAEMATOPOIETIC_AND_LYMPHOID_TISSUE","p.A466T","V,M,G,A,A,V,G,A,G,A,G,A,A,G,A,V,G,A,G,G,A,A,V,G,G,V,A,G,A,C","T",0
"9",13,"PAK7","E","MKN7_STOMACH","p.E468K","D,H,L,L,S,K,D,N,T,G,N,E,D,F,H,D,H,K,L,L,N,L,D,H,L,V,E,L,L,H","K",2
"10",14,"CSNK1G3","L","JHUEM7_ENDOMETRIUM","p.L63V","S,K,D,L,E,N,N,I,S,K,L,R,V,H,R,H,S,V,K,K,I,K,K,C,K,K,K,Q,C,K","V",2
"11",15,"CSNK1G3","Y","SW620_LARGE_INTESTINE","p.Y64F","E,P,E,N,R,D,R,T,.,S,Y,K,G,G,K,K,L,D,D,L,T,Q,.,I,L,N,H,G,D,N","F",0
"12",15,"RIPK3","K","SNU1040_LARGE_INTESTINE","p.K42E","E,P,E,N,R,D,R,T,.,S,Y,K,G,G,K,K,L,D,D,L,T,Q,.,I,L,N,H,G,D,N","E",2
"13",16,"NEK11","K","HS618T_LUNG","p.K50R","T,S,.,.,L,T,T,N,Q,D,T,T,T,.,W,L,T,T,K,P,N,N,K,T,P,E,T,.,S,T","R",0
"14",17,"EPHA7","G","P31FUJ_HAEMATOPOIETIC_AND_LYMPHOID_TISSUE","p.G656V","L,G,.,.,K,K,Q,G,G,S,N,C,G,.,G,R,K,K,.,G,N,T,A,G,G,N,G,.,G,G","V",0
"15",22,"STK32A","K","639V_URINARY_TRACT","p.K47N","C,Q,R,E,F,K,K,E,Q,K,E,K,T,E,Y,Q,E,A,T,L,E,E,E,Q,V,V,K,K,E,Q","N",0
"16",22,"NEK11","E","GI1_CENTRAL_NERVOUS_SYSTEM","p.E56G","C,Q,R,E,F,K,K,E,Q,K,E,K,T,E,Y,Q,E,A,T,L,E,E,E,Q,V,V,K,K,E,Q","G",0
"17",23,"CSNK1A1","E","SUDHL5_HAEMATOPOIETIC_AND_LYMPHOID_TISSUE","p.E42A","R,I,P,Y,N,M,V,E,L,H,Y,K,L,E,D,Y,K,L,S,P,K,T,L,K,A,A,Q,L,L,I","A",2
"18",25,"EPHA7","A","SNU5_STOMACH","p.A663V","A,A,A,A,A,A,A,A,A,V,A,A,A,A,A,A,A,A,A,A,V,A,V,A,A,A,A,A,A,A","V",3
"19",25,"RIPK3","A","KYSE150_OESOPHAGUS","p.A48T","A,A,A,A,A,A,A,A,A,V,A,A,A,A,A,A,A,A,A,A,V,A,V,A,A,A,A,A,A,A","T",0
"20",25,"FER","A","LS411N_LARGE_INTESTINE","p.A589V","A,A,A,A,A,A,A,A,A,V,A,A,A,A,A,A,A,A,A,A,V,A,V,A,A,A,A,A,A,A","V",3
"21",25,"TSSK1B","A","SNU1040_LARGE_INTESTINE","p.A39V","A,A,A,A,A,A,A,A,A,V,A,A,A,A,A,A,A,A,A,A,V,A,V,A,A,A,A,A,A,A","V",3
"22",28,"DYRK3","M","SKMEL2_SKIN","p.M239L","I,R,V,I,I,Y,I,L,Q,E,L,I,Q,K,I,M,I,T,T,T,I,I,E,I,T,C,K,A,K,I","L",2
"23",31,"MAP2K4","S","CW2_LARGE_INTESTINE","p.S135N","K,S,F,I,R,K,L,Q,L,F,M,K,Y,.,S,N,K,.,E,V,P,Y,V,R,V,R,L,P,Q,E","N",1
"24",31,"NEK5","F","HEC251_ENDOMETRIUM","p.F37V","K,S,F,I,R,K,L,Q,L,F,M,K,Y,.,S,N,K,.,E,V,P,Y,V,R,V,R,L,P,Q,E","V",3
"25",32,"TSSK1B","K","LS180_LARGE_INTESTINE","p.K46N","K,T,A,Q,K,Q,E,.,D,E,.,R,V,.,.,E,T,.,D,G,V,E,G,E,G,K,R,R,D,R","N",0
"26",34,"GSK3B","R","JHUEM7_ENDOMETRIUM","p.R92I","L,.,R,K,A,C,A,A,S,M,S,F,N,.,.,R,L,K,P,T,K,Y,L,L,T,H,Q,V,R,E","I",0
"27",35,"CDKL3","Q","BCP1_HAEMATOPOIETIC_AND_LYMPHOID_TISSUE","p.Q41H","R,.,Q,Q,P,V,E,R,N,P,R,A,T,.,.,F,D,D,Q,E,K,A,N,S,E,I,Q,A,.,Q","H",0
"28",35,"FER","Q","LNCAPCLONEFGC_PROSTATE","p.Q599R","R,.,Q,Q,P,V,E,R,N,P,R,A,T,.,.,F,D,D,Q,E,K,A,N,S,E,I,Q,A,.,Q","R",3
"29",37,"EPHA7","Q","CFPAC1_PANCREAS","p.Q675K","I,.,.,W,D,R,E,P,L,Q,P,G,S,.,.,R,K,L,L,Q,.,.,N,S,Q,D,R,.,.,V","K",1
"30",47,"CSNK1A1","Q","JHH7_LIVER","p.Q56K","N,V,N,Q,F,N,D,Q,K,A,Q,N,E,R,A,Q,L,H,K,D,K,S,Q,K,D,H,L,Q,F,I","K",4
"31",48,"PRKG2","V","LNCAPCLONEFGC_PROSTATE","p.V498A","V,D,F,N,L,V,I,L,L,S,L,V,E,D,I,A,L,V,F,F,I,W,A,V,F,V,L,F,K,A","A",3
"32",48,"EPHA7","F","MOLP2_HAEMATOPOIETIC_AND_LYMPHOID_TISSUE","p.F679V","V,D,F,N,L,V,I,L,L,S,L,V,E,D,I,A,L,V,F,F,I,W,A,V,F,V,L,F,K,A","V",6
"33",50,"CSNK1A1","Y","SUDHL5_HAEMATOPOIETIC_AND_LYMPHOID_TISSUE","p.Y59D","K,K,N,Y,R,K,Q,Y,E,K,L,T,V,K,R,E,R,A,Q,G,R,T,L,R,C,S,N,A,R,R","D",0
"34",51,"BMPR2","E","HEC108_ENDOMETRIUM","p.E243K","E,E,E,E,E,E,E,E,E,E,E,E,E,E,E,E,E,E,E,E,E,E,E,E,E,E,E,E,E,E","K",0
"35",51,"PAK7","E","RI1_HAEMATOPOIETIC_AND_LYMPHOID_TISSUE","p.E494G","E,E,E,E,E,E,E,E,E,E,E,E,E,E,E,E,E,E,E,E,E,E,E,E,E,E,E,E,E,E","G",0
"36",53,"CSNK2A1","K","HT115_LARGE_INTESTINE","p.K83N","Q,K,N,Y,E,Q,T,K,D,I,R,E,L,D,K,R,S,D,K,S,K,D,Q,A,S,R,V,A,Q,K","N",1
"37",58,"PAK7","M","HEC108_ENDOMETRIUM","p.M498I","L,L,Y,L,L,M,L,L,L,L,L,L,R,K,M,L,M,L,L,M,L,F,L,L,M,L,M,L,M,L","I",0
"38",58,"CSNK1G3","L","U266B1_HAEMATOPOIETIC_AND_LYMPHOID_TISSUE","p.L93F","L,L,Y,L,L,M,L,L,L,L,L,L,R,K,M,L,M,L,L,M,L,F,L,L,M,L,M,L,M,L","F",1
"39",59,"EPHA7","G","KM12_LARGE_INTESTINE","p.G687V","R,M,R,P,A,Q,S,Q,K,E,G,K,M,H,A,E,E,A,K,G,E,S,S,K,G,E,R,P,R,K","V",0
"40",60,"TSSK1B","M","C2BBE1_LARGE_INTESTINE","p.M66V","R,D,V,G,M,G,Q,G,A,K,S,K,M,L,S,H,K,E,Q,Q,N,D,K,L,Q,E,D,G,K,Q","V",1
"41",63,"ACVR2A","M","HT115_LARGE_INTESTINE","p.M241V","L,L,M,M,L,L,C,V,L,M,D,L,L,L,L,L,L,A,Y,F,R,L,L,I,F,L,Y,L,L,F","V",1
"42",65,"CDKL3","H","EM2_HAEMATOPOIETIC_AND_LYMPHOID_TISSUE","p.H59Q","H,V,H,H,H,H,S,I,H,H,I,H,H,H,N,K,H,N,H,H,G,H,H,H,H,S,H,H,H,H","Q",0
"43",66,"STK32A","P","SKCO1_LARGE_INTESTINE","p.P81R","K,V,D,E,C,P,P,P,V,P,P,P,P,P,E,Q,P,E,P,P,P,E,P,P,P,P,D,D,C,E","R",0
"44",67,"NEK5","N","KMM1_HAEMATOPOIETIC_AND_LYMPHOID_TISSUE","p.N62S","N,M,N,N,S,F,Y,H,N,N,Q,C,N,N,F,D,N,W,N,N,N,N,A,H,N,F,N,H,N,N","S",1
"45",68,"MAP3K19","I","HSC3_UPPER_AERODIGESTIVE_TRACT","p.I1123T","V,R,I,I,I,L,V,I,I,I,V,I,I,I,V,K,I,V,I,I,I,I,I,V,V,I,V,I,I,L","T",0
"46",68,"CSNK1G3","V","SW480_LARGE_INTESTINE","p.V102I","V,R,I,I,I,L,V,I,I,I,V,I,I,I,V,K,I,V,I,I,I,I,I,V,V,I,V,I,I,L","I",18
"47",69,"AMHR2","V","NCIH1573_LUNG","p.V258I","I,S,A,L,I,V,T,R,V,V,Y,I,I,I,L,T,I,V,V,I,I,L,V,L,V,V,V,V,V,V","I",8
"48",69,"CSNK1A1","R","JHUEM7_ENDOMETRIUM","p.R77Q","I,S,A,L,I,V,T,R,V,V,Y,I,I,I,L,T,I,V,V,I,I,L,V,L,V,V,V,V,V,V","Q",0
"49",69,"FER","V","KYSE140_OESOPHAGUS","p.V621F","I,S,A,L,I,V,T,R,V,V,Y,I,I,I,L,T,I,V,V,I,I,L,V,L,V,V,V,V,V,V","F",0
"50",70,"BMPR2","R","NCIH2030_LUNG","p.R259L","Q,S,R,Q,K,N,K,W,A,A,Y,K,R,T,R,G,R,R,K,H,T,Q,K,K,H,K,D,R,R,N","L",0
"51",70,"BMPR2","R","HEC1A_ENDOMETRIUM","p.R259C","Q,S,R,Q,K,N,K,W,A,A,Y,K,R,T,R,G,R,R,K,H,T,Q,K,K,H,K,D,R,R,N","C",0
"52",70,"BMPR2","R","HUPT4_PANCREAS","p.R259C","Q,S,R,Q,K,N,K,W,A,A,Y,K,R,T,R,G,R,R,K,H,T,Q,K,K,H,K,D,R,R,N","C",0
"53",72,"MAP3K19","L","MCAS_OVARY","p.L1127F","V,C,I,I,Y,W,Y,G,L,F,G,K,L,K,E,M,Y,Y,I,E,A,L,H,H,E,Y,Y,I,R,I","F",1
"54",73,"PRKG2","R","SKNDZ_AUTONOMIC_GANGLIA","p.R518C","D,P,V,G,E,Y,G,Q,G,N,P,N,G,G,G,N,E,Y,G,G,D,T,A,D,G,R,S,T,Y,E","C",0
"55",74,"PRKG2","T","NCIH82_LUNG","p.T519I","V,Y,G,A,I,S,S,E,T,S,C,F,A,V,V,V,V,S,V,V,I,A,S,V,V,T,S,A,F,V","I",2
"56",75,"BMPR2","D","HEC59_ENDOMETRIUM","p.D264V","L,I,D,E,F,F,Y,K,C,F,G,F,T,C,I,I,V,F,C,V,V,E,F,Y,V,F,Y,S,F,F","V",4
"57",76,"TSSK1B","E","HEC251_ENDOMETRIUM","p.E80D","Y,V,E,K,E,Q,L,D,L,Q,K,D,C,T,E,H,E,Q,T,T,K,E,V,E,T,K,L,R,Y,R","D",2
"58",81,"AMHR2","R","TE617T_SOFT_TISSUE","p.R270H","Q,A,D,V,K,M,L,.,.,L,.,.,.,.,D,F,L,L,V,.,R,L,.,L,.,.,L,R,K,I","H",0
"59",83,"BMPR2","R","SNU175_LARGE_INTESTINE","p.R272C","M,F,R,V,.,.,.,.,.,.,.,.,.,.,D,.,.,.,.,.,.,K,.,.,.,.,.,L,D,.","C",0
"60",84,"AMHR2","S","LOXIMVI_SKIN","p.S273F",".,R,M,.,.,.,.,.,.,.,.,.,.,.,P,.,.,.,.,.,.,Q,.,.,.,.,.,S,E,.","F",0
"61",85,"GSK3B","V","MEG01_HAEMATOPOIETIC_AND_LYMPHOID_TISSUE","p.V126I",".,E,E,.,.,.,.,.,.,.,.,.,.,.,.,.,.,.,.,.,.,.,.,.,.,.,.,.,V,.","I",0
"62",90,"CSNK1G3","N","OE19_OESOPHAGUS","p.N112S",".,.,.,L,.,.,.,N,V,.,N,.,.,.,P,R,.,.,.,V,P,.,.,.,V,.,.,P,L,.","S",0
"63",90,"CSNK1G3","N","ISTMES2_PLEURA","p.N112S",".,.,.,L,.,.,.,N,V,.,N,.,.,.,P,R,.,.,.,V,P,.,.,.,V,.,.,P,L,.","S",0
"64",91,"GSK3B","N","HEC251_ENDOMETRIUM","p.N129D",".,.,L,W,.,.,.,V,S,.,A,.,N,C,A,N,.,.,.,M,A,W,C,.,M,.,.,L,N,.","D",0
"65",96,"RIPK3","F","HEC251_ENDOMETRIUM","p.F96L","Y,L,Y,F,L,L,Y,L,F,Y,L,L,W,F,F,A,Y,Y,L,Y,H,F,Y,H,F,L,F,L,Y,F","L",9
"66",96,"CDKL3","F","SNU81_LARGE_INTESTINE","p.F81C","Y,L,Y,F,L,L,Y,L,F,Y,L,L,W,F,F,A,Y,Y,L,Y,H,F,Y,H,F,L,F,L,Y,F","C",0
"67",97,"TSSK1B","A","CCK81_LARGE_INTESTINE","p.A93V","C,M,Y,H,A,L,L,L,V,C,L,M,M,C,M,F,A,I,V,M,V,H,C,V,M,E,L,H,V,I","V",5
"68",97,"TSSK1B","A","RCHACV_HAEMATOPOIETIC_AND_LYMPHOID_TISSUE","p.A93V","C,M,Y,H,A,L,L,L,V,C,L,M,M,C,M,F,A,I,V,M,V,H,C,V,M,E,L,H,V,I","V",5
"69",100,"PRKG2","L","OVCAR4_OVARY","p.L534V",".,.,.,.,.,.,.,.,.,.,.,.,.,.,.,.,.,.,.,.,.,.,.,.,.,L,.,.,.,.","V",0
"70",105,"RIPK3","S","HCT116_LARGE_INTESTINE","p.S103L","E,K,C,S,L,R,L,E,S,M,E,F,A,Y,S,D,F,M,L,D,F,E,L,F,D,W,T,C,R,D","L",4
"71",105,"CSNK1A1","E","KASUMI2_HAEMATOPOIETIC_AND_LYMPHOID_TISSUE","p.E98K","E,K,C,S,L,R,L,E,S,M,E,F,A,Y,S,D,F,M,L,D,F,E,L,F,D,W,T,C,R,D","K",1
"72",105,"CSNK1A1","E","HUH28_BILIARY_TRACT","p.E98K","E,K,C,S,L,R,L,E,S,M,E,F,A,Y,S,D,F,M,L,D,F,E,L,F,D,W,T,C,R,D","K",1
"73",107,"LATS1","L","NCIH1836_LUNG","p.L793Q","L,Y,Y,F,L,H,L,L,I,R,L,K,L,V,L,Y,K,L,F,F,Q,L,D,Y,F,I,I,Y,A,L","Q",1
"74",109,"STK32A","Q","SNU324_PANCREAS","p.Q113H","S,Y,S,K,K,Q,E,N,N,N,D,V,S,R,Q,L,S,I,R,K,Y,R,I,V,R,R,T,T,H,H","H",2
"75",110,"EPHA5","K","MEC1_HAEMATOPOIETIC_AND_LYMPHOID_TISSUE","p.K767T","V,V,L,A,T,Q,P,F,R,R,L,G,K,A,S,I,T,R,R,K,Q,H,Q,K,K,D,H,Q,Y,Y","T",2
"76",111,"TSSK1B","R","A498_KIDNEY","p.R105W","P,Y,H,N,R,N,G,C,F,Q,C,N,Y,G,Q,K,E,M,K,N,T,V,E,K,H,R,T,Y,S,C","W",0
"77",111,"PAK7","T","NCIH2087_LUNG","p.T538N","P,Y,H,N,R,N,G,C,F,Q,C,N,Y,G,Q,K,E,M,K,N,T,V,E,K,H,R,T,Y,S,C","N",4
"78",113,"NEK5","G","NCIH1385_LUNG","p.G97V","K,V,S,V,A,H,L,R,P,G,R,R,A,P,P,N,K,I,D,G,T,S,K,R,G,S,M,S,A,G","V",2
"79",115,"STK32A","K","HEC251_ENDOMETRIUM","p.K119N","F,D,W,W,H,K,E,F,P,L,F,K,K,T,P,F,S,P,L,F,Y,E,A,T,F,D,E,W,Q,E","N",0
"80",116,"LATS1","E","647V_URINARY_TRACT","p.E802K","P,D,V,N,E,E,T,T,E,F,S,E,E,P,W,Q,E,E,K,T,D,D,G,P,T,E,E,G,T,S","K",1
"81",116,"CSNK1A1","T","LXF289_LUNG","p.T109A","P,D,V,N,E,E,T,T,E,F,S,E,E,P,W,Q,E,E,K,T,D,D,G,P,T,E,E,G,T,S","A",0
"82",116,"GSK3B","T","HEC251_ENDOMETRIUM","p.T152M","P,D,V,N,E,E,T,T,E,F,S,E,E,P,W,Q,E,E,K,T,D,D,G,P,T,E,E,G,T,S","M",0
"83",116,"FER","K","647V_URINARY_TRACT","p.K657N","P,D,V,N,E,E,T,T,E,F,S,E,E,P,W,Q,E,E,K,T,D,D,G,P,T,E,E,G,T,S","N",1
"84",116,"MAP3K19","E","J82_URINARY_TRACT","p.E1160V","P,D,V,N,E,E,T,T,E,F,S,E,E,P,W,Q,E,E,K,T,D,D,G,P,T,E,E,G,T,S","V",1
"85",118,"CDKL3","R","253J_URINARY_TRACT","p.R101Q","C,I,S,L,E,T,I,K,V,E,K,T,V,L,L,F,E,L,K,I,R,R,I,E,I,T,I,S,P,R","Q",0
"86",118,"CDKL3","R","253JBV_URINARY_TRACT","p.R101Q","C,I,S,L,E,T,I,K,V,E,K,T,V,L,L,F,E,L,K,I,R,R,I,E,I,T,I,S,P,R","Q",0
"87",119,"PRKG2","S","NCIH1648_LUNG","p.S553F","Q,P,C,C,A,V,A,T,F,D,T,C,V,L,L,S,S,A,.,.,F,K,F,A,.,S,A,L,V,L","F",3
"88",120,"DYRK3","V","NCIH2342_LUNG","p.V309F","A,E,R,.,R,K,T,V,C,.,V,K,I,V,C,V,K,R,.,.,Y,.,P,R,.,K,T,R,I,R","F",0
"89",122,"CSNK1G3","M","LS411N_LARGE_INTESTINE","p.M141T","G,I,A,H,K,F,L,M,Y,.,M,Y,Y,W,L,.,I,Y,.,.,Y,L,N,F,.,C,C,A,V,Y","T",0
"90",123,"PRKG2","V","SNU466_CENTRAL_NERVOUS_SYSTEM","p.V557I","Y,L,H,I,F,I,R,L,T,.,I,F,T,S,L,.,F,I,.,.,.,G,.,F,.,V,L,L,K,L","I",4
"91",124,"LATS1","A","SNU1040_LARGE_INTESTINE","p.A810S","F,G,.,A,H,C,.,A,K,.,A,Y,E,M,K,.,S,A,.,.,.,S,.,R,.,A,.,.,L,F","S",2
"92",130,"DYRK3","L","SIMA_AUTONOMIC_GANGLIA","p.L311S","L,T,V,M,L,L,I,M,I,I,L,M,L,I,V,L,I,L,L,L,I,L,I,I,L,V,V,L,L,I","S",0
"93",132,"DYRK3","R","SKUT1_SOFT_TISSUE","p.R313H","D,K,R,R,L,M,K,S,Q,G,S,L,R,G,L,R,S,C,K,G,K,R,E,S,G,E,R,Q,R,R","H",0
"94",134,"CSNK1G3","M","KP1N_PANCREAS","p.M150R","L,L,L,L,I,L,L,I,V,F,M,V,L,M,M,F,V,V,S,L,L,I,F,L,L,F,L,L,L,I","R",0
"95",135,"FER","L","JHUEM7_ENDOMETRIUM","p.L666V","E,N,A,A,K,D,D,E,A,V,E,Q,S,N,F,A,K,E,L,R,D,A,I,D,R,D,S,A,A,D","V",1
"96",135,"CDKL3","D","NH6_AUTONOMIC_GANGLIA","p.D114V","E,N,A,A,K,D,D,E,A,V,E,Q,S,N,F,A,K,E,L,R,D,A,I,D,R,D,S,A,A,D","V",1
"97",146,"STK32A","Q","A549_LUNG","p.Q138K","H,K,H,H,H,Q,H,H,H,H,H,H,H,H,H,H,H,H,E,S,H,H,H,H,A,H,H,H,H,H","K",1
"98",147,"ACVR2A","E","LXF289_LUNG","p.E305K","S,E,T,E,D,N,S,T,E,D,S,E,E,L,D,K,E,K,S,D,S,S,E,S,D,R,N,E,S,S","K",2
"99",147,"EPHA7","D","MALME3M_SKIN","p.D751A","S,E,T,E,D,N,S,T,E,D,S,E,E,L,D,K,E,K,S,D,S,S,E,S,D,R,N,E,S,S","A",0
"100",149,"LATS1","G","BECKER_CENTRAL_NERVOUS_SYSTEM","p.G823V","G,L,L,I,D,R,K,N,C,K,N,G,Q,K,N,K,Q,G,N,G,G,H,R,S,G,G,G,R,G,N","V",0
"101",156,"AMHR2","K","HEC108_ENDOMETRIUM","p.K326R",".,.,K,H,.,.,.,.,.,.,.,.,.,.,.,.,.,.,.,.,.,K,.,.,.,.,.,K,.,.","R",0
"102",160,"MAP3K1","I","CCK81_LARGE_INTESTINE","p.I1365L","I,I,I,I,V,I,K,F,V,I,L,I,I,I,L,I,I,F,C,Y,I,I,I,I,Y,I,V,I,I,I","L",2
"103",160,"FER","C","HEC1A_ENDOMETRIUM","p.C680Y","I,I,I,I,V,I,K,F,V,I,L,I,I,I,L,I,I,F,C,Y,I,I,I,I,Y,I,V,I,I,I","Y",2
"104",161,"AMHR2","A","HEC151_ENDOMETRIUM","p.A330T","V,I,S,S,V,I,I,I,V,L,I,I,I,I,L,I,I,I,I,V,M,V,L,C,V,I,I,A,C,I","T",0
"105",162,"STK11","H","SNU1040_LARGE_INTESTINE","p.H174Y","H,H,H,H,H,H,H,H,H,H,Y,H,H,H,H,H,H,H,H,H,H,H,H,H,H,Y,H,H,H,H","Y",2
"106",164,"MAP3K19","D","HEC108_ENDOMETRIUM","p.D1186G","D,D,D,D,D,D,D,D,D,D,D,D,D,D,D,D,D,D,D,D,D,D,D,D,D,D,D,D,D,D","G",0
"107",165,"NEK5","I","L428_HAEMATOPOIETIC_AND_LYMPHOID_TISSUE","p.I129R","I,I,L,I,L,M,I,I,I,I,V,L,V,L,L,L,L,I,L,L,V,L,L,L,L,L,I,L,I,I","R",0
"108",167,"STK11","P","NCIH810_LUNG","p.P179S","P,P,S,S,C,P,A,P,G,A,P,P,G,S,P,P,A,P,A,A,P,S,S,P,A,P,S,S,P,P","S",7
"109",168,"NEK5","Q","MOLM13_HAEMATOPOIETIC_AND_LYMPHOID_TISSUE","p.Q132R","G,S,R,K,D,D,A,D,N,Q,E,E,A,P,S,E,E,D,R,R,H,S,K,E,R,E,D,Q,Q,E","R",4
"110",169,"TSSK1B","N","SNU407_LARGE_INTESTINE","p.N141S","N,N,N,N,N,N,N,N,N,N,N,N,N,N,N,N,N,N,N,N,N,N,N,N,N,N,S,N,N,N","S",1
"111",171,"ACVR2A","L","HEC1A_ENDOMETRIUM","p.L329M","L,L,L,L,L,L,L,L,M,F,L,L,L,L,L,L,F,L,L,L,M,L,F,L,L,I,L,L,L,L","M",2
"112",171,"STK11","L","SNU1040_LARGE_INTESTINE","p.L183V","L,L,L,L,L,L,L,L,M,F,L,L,L,L,L,L,F,L,L,L,M,L,F,L,L,I,L,L,L,L","V",0
"113",173,"STK32A","D","NCIH1435_LUNG","p.D155E","T,D,K,K,D,D,S,G,M,S,G,S,D,T,D,K,T,D,G,N,D,K,K,D,N,D,T,R,D,S","E",0
"114",175,"NEK5","N","NCIH1792_LUNG","p.N139K","G,S,D,N,D,H,H,G,T,N,P,Q,T,D,E,H,N,D,N,N,E,D,N,K,N,E,D,D,D,S","K",1
"115",176,"NEK5","G","SNU175_LARGE_INTESTINE","p.G140R","G,G,G,L,F,G,G,R,G,G,G,E,G,D,L,G,T,G,N,L,H,L,L,N,L,G,G,G,T,G","R",1
"116",177,"STK32A","H","HCT15_LARGE_INTESTINE","p.H159R","T,N,T,T,N,H,E,H,I,M,N,E,Q,V,H,R,C,H,V,V,R,T,.,N,V,Y,R,S,A,I","R",3
"117",178,"DYRK3","S","TYKNU_OVARY","p.S349G",".,.,.,.,.,.,.,C,.,V,K,D,R,.,.,S,.,.,.,.,K,.,.,.,.,.,.,.,V,.","G",0
"118",181,"CSNK1G3","Q","HEC251_ENDOMETRIUM","p.Q179H",".,.,.,.,.,.,.,C,.,.,Q,.,.,.,.,.,.,.,.,.,.,.,.,.,.,.,.,.,.,.","H",0
"119",193,"CSNK1A1","M","EN_ENDOMETRIUM","p.M165V",".,.,.,.,.,.,.,M,.,.,.,.,.,.,.,.,.,.,.,.,.,.,.,.,.,.,.,.,.,.","V",0
"120",197,"CSNK1A1","T","BICR18_UPPER_AERODIGESTIVE_TRACT","p.T169P",".,.,.,.,.,.,.,T,.,.,.,.,.,.,.,.,.,.,.,.,.,.,.,.,.,.,.,.,.,.","P",0
"121",209,"RIPK3","V","LOVO_LARGE_INTESTINE","p.V156I","L,I,C,A,I,V,V,L,I,A,I,I,L,V,V,T,V,I,L,C,L,C,L,I,C,L,I,C,L,T","I",8
"122",209,"RIPK3","V","SBC5_LUNG","p.V156F","L,I,C,A,I,V,V,L,I,A,I,I,L,V,V,T,V,I,L,C,L,C,L,I,C,L,I,C,L,T","F",0
"123",213,"STK11","D","ALEXANDERCELLS_LIVER","p.D194N","D,D,D,D,D,D,D,D,D,D,D,D,D,D,D,D,D,D,D,D,D,D,D,D,D,D,D,D,D,D","N",0
"124",213,"MAP3K1","D","NCIH1648_LUNG","p.D1388V","D,D,D,D,D,D,D,D,D,D,D,D,D,D,D,D,D,D,D,D,D,D,D,D,D,D,D,D,D,D","V",0
"125",213,"STK11","D","NCIH2286_LUNG","p.D194H","D,D,D,D,D,D,D,D,D,D,D,D,D,D,D,D,D,D,D,D,D,D,D,D,D,D,D,D,D,D","H",0
"126",215,"CSNK1A1","G","SUPHD1_HAEMATOPOIETIC_AND_LYMPHOID_TISSUE","p.G187D","G,G,G,G,S,N,G,G,G,G,G,G,G,G,G,G,G,G,G,G,G,G,G,G,G,G,G,G,G,G","D",0
"127",217,"CSNK1A1","A","WM88_SKIN","p.A189V","A,S,S,A,S,A,A,A,A,A,A,S,A,S,S,S,S,C,S,S,A,S,S,A,S,A,C,A,A,A","V",0
"128",218,"LATS1","T","HCT15_LARGE_INTESTINE","p.T851I","E,G,M,L,K,A,G,K,R,R,K,K,A,K,T,C,T,T,R,R,E,L,R,S,R,K,A,L,K,R","I",0
"129",218,"BMPR2","M","MFE319_ENDOMETRIUM","p.M356T","E,G,M,L,K,A,G,K,R,R,K,K,A,K,T,C,T,T,R,R,E,L,R,S,R,K,A,L,K,R","T",3
"130",218,"PRKG2","K","JHUEM7_ENDOMETRIUM","p.K599N","E,G,M,L,K,A,G,K,R,R,K,K,A,K,T,C,T,T,R,R,E,L,R,S,R,K,A,L,K,R","N",0
"131",222,"ACVR2A","A","HEC1A_ENDOMETRIUM","p.A349T","P,D,.,A,.,R,.,D,W,N,D,.,S,D,.,Q,K,W,.,.,P,P,.,.,.,.,K,.,R,A","T",0
"132",223,"CDKL3","P","SNU81_LARGE_INTESTINE","p.P153S","F,S,.,.,.,.,.,N,A,S,P,.,K,K,.,K,.,T,.,.,.,T,.,.,.,.,.,.,.,P","S",2
"133",226,"CSNK1G3","K","SNU1040_LARGE_INTESTINE","p.K198N",".,K,R,S,.,.,.,R,N,.,K,T,G,K,S,.,.,S,.,.,E,.,C,S,.,G,.,T,P,I","N",1
"134",229,"LATS1","Y","HEC151_ENDOMETRIUM","p.Y862C",".,.,R,D,.,.,.,I,H,.,I,M,.,.,G,.,.,Y,.,.,.,.,A,E,.,T,.,P,.,.","C",0
"135",229,"RIPK3","G","HEC59_ENDOMETRIUM","p.G173E",".,.,R,D,.,.,.,I,H,.,I,M,.,.,G,.,.,Y,.,.,.,.,A,E,.,T,.,P,.,.","E",1
"136",238,"TSSK1B","R","SNU81_LARGE_INTESTINE","p.R168Q","R,.,.,.,R,.,R,.,.,.,.,.,.,.,.,.,.,D,.,.,.,N,.,.,.,.,K,G,.,.","Q",0
"137",239,"AMHR2","P","HEC151_ENDOMETRIUM","p.P375S",".,.,.,.,M,.,N,.,.,.,.,.,.,.,.,.,.,S,.,.,.,.,.,.,.,.,.,P,.,.","S",1
"138",241,"FER","V","SF295_CENTRAL_NERVOUS_SYSTEM","p.V713M",".,.,A,.,L,.,.,.,.,.,.,.,.,.,.,.,.,D,V,A,.,.,.,.,V,.,.,A,.,.","M",0
"139",276,"MAP3K19","S","NCIH1693_LUNG","p.S1226C","T,T,S,T,T,T,T,N,S,T,S,T,Q,S,S,T,T,S,S,T,V,S,T,T,T,T,S,M,S,T","C",0
"140",277,"BMPR2","E","HEC108_ENDOMETRIUM","p.E376G","S,R,E,H,F,M,F,L,M,C,L,L,L,F,G,Y,F,L,S,T,R,G,L,S,T,F,L,E,Y,D","G",2
"141",281,"CSNK1G3","G","SNU81_LARGE_INTESTINE","p.G211E","G,G,G,G,G,G,G,G,G,G,G,G,G,G,G,Q,G,G,G,G,A,G,G,G,G,G,G,G,C,A","E",0
"142",283,"CDKL3","R","NCIH661_LUNG","p.R164H","P,R,I,R,P,K,P,A,P,P,A,P,I,V,L,.,P,P,K,K,.,A,P,P,K,P,P,Q,R,R","H",0
"143",283,"CSNK1A1","A","LS180_LARGE_INTESTINE","p.A213V","P,R,I,R,P,K,P,A,P,P,A,P,I,V,L,.,P,P,K,K,.,A,P,P,K,P,P,Q,R,R","V",1
"144",283,"EPHA7","K","TCCPAN2_PANCREAS","p.K797N","P,R,I,R,P,K,P,A,P,P,A,P,I,V,L,.,P,P,K,K,.,A,P,P,K,P,P,Q,R,R","N",0
"145",288,"CSNK2A1","R","NCIH1563_LUNG","p.R195Q","A,P,R,R,A,P,F,R,Y,Y,R,T,A,A,G,R,P,N,K,R,R,R,H,H,R,E,Y,R,Y,W","Q",0
"146",289,"NEK11","Y","ME1_HAEMATOPOIETIC_AND_LYMPHOID_TISSUE","p.Y198C","F,Y,Y,Y,Y,Y,W,Y,W,Y,Y,Y,F,W,Y,F,Y,Y,W,W,Y,Y,Y,Y,W,Y,W,Y,Y,Y","C",0
"147",290,"CSNK2A1","F","SNU81_LARGE_INTESTINE","p.F197L",".,.,.,.,.,.,.,.,.,.,.,.,.,.,.,Y,.,.,.,.,F,.,.,.,.,.,.,.,.,.","L",0
"148",291,"TSSK1B","A","SW48_LARGE_INTESTINE","p.A182V","Q,M,M,M,A,M,M,A,M,L,M,L,M,M,L,R,A,I,T,T,K,M,M,A,T,V,M,M,R,R","V",1
"149",294,"STK11","E","HCC2108_LUNG","p.E223K","E,E,E,E,E,E,E,N,E,E,N,E,E,E,E,E,E,E,E,E,E,E,E,E,E,E,E,E,E,E","K",0
"150",1,"STK11","G","TCGA-78-7166-01","G56V","G,G,G,A,G,G,G,G,G,G,G,G,G,G,G,G,G,G,G,G,G,G,G,G,G,G,G,R,G,G","V",0
"151",1,"STK11","G","TCGA-05-4395-01","G56W","G,G,G,A,G,G,G,G,G,G,G,G,G,G,G,G,G,G,G,G,G,G,G,G,G,G,G,R,G,G","W",0
"152",2,"BMPR2","R","TCGA-B5-A11E-01","R211Q","E,R,R,R,E,K,K,S,K,Q,C,S,L,S,K,K,S,I,K,A,R,K,S,K,A,V,E,E,N,E","Q",1
"153",2,"BRSK1","K","TCGA-CC-5259-01","K42I","E,R,R,R,E,K,K,S,K,Q,C,S,L,S,K,K,S,I,K,A,R,K,S,K,A,V,E,E,N,E","I",1
"154",3,"MAP3K1","G","TCGA-AP-A059-01","G1252E","G,G,G,G,G,G,G,G,G,G,G,G,G,G,G,G,G,G,G,G,G,G,G,G,G,G,G,G,G,G","E",0
"155",3,"NEK5","G","TCGA-BH-A0AV-01","G13V","G,G,G,G,G,G,G,G,G,G,G,G,G,G,G,G,G,G,G,G,G,G,G,G,G,G,G,G,G,G","V",0
"156",3,"CSNK1G3","G","TCGA-AX-A0J1-01","G52D","G,G,G,G,G,G,G,G,G,G,G,G,G,G,G,G,G,G,G,G,G,G,G,G,G,G,G,G,G,G","D",0
"157",3,"CSNK1G3","G","TCGA-95-7043-01","G52C","G,G,G,G,G,G,G,G,G,G,G,G,G,G,G,G,G,G,G,G,G,G,G,G,G,G,G,G,G,G","C",0
"158",3,"DYRK3","G","TCGA-FS-A4F5-06","G218R","G,G,G,G,G,G,G,G,G,G,G,G,G,G,G,G,G,G,G,G,G,G,G,G,G,G,G,G,G,G","R",0
"159",4,"PAK7","S","TCGA-05-4398-01","S459T","S,A,R,R,S,S,S,S,A,A,N,A,A,A,G,S,N,A,N,E,K,R,S,Q,E,G,S,G,S,S","T",0
"160",4,"CSNK1A1","S","TCGA-GN-A265-06","S27F","S,A,R,R,S,S,S,S,A,A,N,A,A,A,G,S,N,A,N,E,K,R,S,Q,E,G,S,G,S,S","F",0
"161",4,"TSSK1B","S","TCGA-BF-A5EQ-01","S22F","S,A,R,R,S,S,S,S,A,A,N,A,A,A,G,S,N,A,N,E,K,R,S,Q,E,G,S,G,S,S","F",0
"162",6,"EPHA5","G","TCGA-49-6744-01","G687D","G,G,G,G,A,G,G,G,G,G,G,G,S,G,G,G,S,G,G,G,S,A,G,G,G,G,G,A,G,G","D",0
"163",6,"NEK5","G","TCGA-G9-6342-01","G16W","G,G,G,G,A,G,G,G,G,G,G,G,S,G,G,G,S,G,G,G,S,A,G,G,G,G,G,A,G,G","W",0
"164",6,"GSK3B","G","TCGA-CG-4440-01","G68V","G,G,G,G,A,G,G,G,G,G,G,G,S,G,G,G,S,G,G,G,S,A,G,G,G,G,G,A,G,G","V",0
"165",6,"EPHA7","G","TCGA-EE-A3JD-06","G645S","G,G,G,G,A,G,G,G,G,G,G,G,S,G,G,G,S,G,G,G,S,A,G,G,G,G,G,A,G,G","S",3
"166",8,"PAK7","V","TCGA-HU-A4GQ-01","V463A","V,V,V,V,V,V,V,I,V,A,L,V,C,V,V,V,V,V,V,V,V,V,V,V,V,V,V,V,V,V","A",1
"167",8,"PAK7","V","TCGA-93-7348-01","V463I","V,V,V,V,V,V,V,I,V,A,L,V,C,V,V,V,V,V,V,V,V,V,V,V,V,V,V,V,V,V","I",1
"168",11,"MAP2K4","M","TCGA-EE-A3AB-06","M119V","V,M,G,A,A,V,G,A,G,A,G,A,A,G,A,V,G,A,G,G,A,A,V,G,G,V,A,G,A,C","V",5
"169",11,"BRSK1","G","TCGA-18-3406-01","G51W","V,M,G,A,A,V,G,A,G,A,G,A,A,G,A,V,G,A,G,G,A,A,V,G,G,V,A,G,A,C","W",0
"170",11,"PAK7","A","TCGA-BR-6452-01","A466T","V,M,G,A,A,V,G,A,G,A,G,A,A,G,A,V,G,A,G,G,A,A,V,G,G,V,A,G,A,C","T",0
"171",11,"PAK7","A","TCGA-BR-8487-01","A466T","V,M,G,A,A,V,G,A,G,A,G,A,A,G,A,V,G,A,G,G,A,A,V,G,G,V,A,G,A,C","T",0
"172",11,"AMHR2","G","TCGA-B6-A0IO-01","G220R","V,M,G,A,A,V,G,A,G,A,G,A,A,G,A,V,G,A,G,G,A,A,V,G,G,V,A,G,A,C","R",0
"173",11,"NIM1K","G","TCGA-EE-A2MJ-06","G91E","V,M,G,A,A,V,G,A,G,A,G,A,A,G,A,V,G,A,G,G,A,A,V,G,G,V,A,G,A,C","E",0
"174",12,"EPHA5","R","TCGA-AA-3833-01","R693H","L,V,S,Q,Y,Q,I,I,L,K,K,F,Q,R,Q,Y,I,R,T,R,I,K,S,V,R,K,T,Q,K,K","H",0
"175",12,"EPHA5","R","TCGA-YH-A8SY-01","R693H","L,V,S,Q,Y,Q,I,I,L,K,K,F,Q,R,Q,Y,I,R,T,R,I,K,S,V,R,K,T,Q,K,K","H",0
"176",12,"BMPR2","S","TCGA-ER-A42L-06","S221F","L,V,S,Q,Y,Q,I,I,L,K,K,F,Q,R,Q,Y,I,R,T,R,I,K,S,V,R,K,T,Q,K,K","F",1
"177",13,"CSNK2A1","N","TCGA-55-7574-01","N58S","D,H,L,L,S,K,D,N,T,G,N,E,D,F,H,D,H,K,L,L,N,L,D,H,L,V,E,L,L,H","S",1
"178",14,"CDKL3","K","TCGA-BS-A0UV-01","K24N","S,K,D,L,E,N,N,I,S,K,L,R,V,H,R,H,S,V,K,K,I,K,K,C,K,K,K,Q,C,K","N",2
"179",15,"MAP2K4","P","TCGA-66-2787-01","P123Q","E,P,E,N,R,D,R,T,.,S,Y,K,G,G,K,K,L,D,D,L,T,Q,.,I,L,N,H,G,D,N","Q",1
"180",16,"EPHA7","P","TCGA-B5-A11E-01","P655S","T,S,.,.,L,T,T,N,Q,D,T,T,T,.,W,L,T,T,K,P,N,N,K,T,P,E,T,.,S,T","S",2
"181",17,"EPHA5","G","TCGA-EB-A41A-01","G698E","L,G,.,.,K,K,Q,G,G,S,N,C,G,.,G,R,K,K,.,G,N,T,A,G,G,N,G,.,G,G","E",0
"182",17,"EPHA7","G","TCGA-CV-6436-01","G656W","L,G,.,.,K,K,Q,G,G,S,N,C,G,.,G,R,K,K,.,G,N,T,A,G,G,N,G,.,G,G","W",0
"183",17,"EPHA7","G","TCGA-EE-A2GJ-06","G656E","L,G,.,.,K,K,Q,G,G,S,N,C,G,.,G,R,K,K,.,G,N,T,A,G,G,N,G,.,G,G","E",0
"184",17,"EPHA7","G","TCGA-D3-A2J8-06","G656E","L,G,.,.,K,K,Q,G,G,S,N,C,G,.,G,R,K,K,.,G,N,T,A,G,G,N,G,.,G,G","E",0
"185",19,"NEK11","R","TCGA-HD-7229-01","R53P",".,.,.,.,.,.,.,.,.,.,.,.,.,.,.,.,.,.,.,R,.,E,R,.,R,.,.,.,.,.","P",0
"186",22,"ACVR2A","E","TCGA-AP-A0LM-01","E214K","C,Q,R,E,F,K,K,E,Q,K,E,K,T,E,Y,Q,E,A,T,L,E,E,E,Q,V,V,K,K,E,Q","K",6
"187",22,"CSNK1A1","E","TCGA-FD-A3SN-01","E41K","C,Q,R,E,F,K,K,E,Q,K,E,K,T,E,Y,Q,E,A,T,L,E,E,E,Q,V,V,K,K,E,Q","K",6
"188",23,"TGFBR2","T","TCGA-EE-A2MJ-06","T273I","R,I,P,Y,N,M,V,E,L,H,Y,K,L,E,D,Y,K,L,S,P,K,T,L,K,A,A,Q,L,L,I","I",2
"189",23,"RIPK3","D","TCGA-C8-A278-01","D46N","R,I,P,Y,N,M,V,E,L,H,Y,K,L,E,D,Y,K,L,S,P,K,T,L,K,A,A,Q,L,L,I","N",1
"190",24,"AMHR2","V","TCGA-36-1577-01","V227L","R,M,V,V,V,Y,V,V,I,C,V,V,M,V,V,V,V,Y,V,V,V,V,K,V,V,F,V,V,V,V","L",0
"191",25,"CHEK2","A","TCGA-D1-A1NX-01","A247T","A,A,A,A,A,A,A,A,A,V,A,A,A,A,A,A,A,A,A,A,V,A,V,A,A,A,A,A,A,A","T",0
"192",25,"EPHA5","A","TCGA-BR-8680-01","A705S","A,A,A,A,A,A,A,A,A,V,A,A,A,A,A,A,A,A,A,A,V,A,V,A,A,A,A,A,A,A","S",0
"193",25,"GSK3B","A","TCGA-AA-3821-01","A83T","A,A,A,A,A,A,A,A,A,V,A,A,A,A,A,A,A,A,A,A,V,A,V,A,A,A,A,A,A,A","T",0
"194",26,"MAP3K19","V","TCGA-CR-7398-01","V1088A","V,V,V,V,I,M,I,V,V,I,I,I,V,V,V,L,I,T,V,I,V,V,L,I,I,M,V,I,I,I","A",0
"195",27,"STK11","K","TCGA-C8-A12K-01","K78N","K,K,K,K,K,K,K,K,K,K,K,K,K,K,K,K,K,K,K,K,K,K,K,K,K,K,K,K,K,K","N",0
"196",27,"STK11","K","TCGA-78-7166-01","K78E","K,K,K,K,K,K,K,K,K,K,K,K,K,K,K,K,K,K,K,K,K,K,K,K,K,K,K,K,K,K","E",0
"197",28,"CSNK1A1","L","TCGA-EB-A3Y7-01","L47P","I,R,V,I,I,Y,I,L,Q,E,L,I,Q,K,I,M,I,T,T,T,I,I,E,I,T,C,K,A,K,I","P",0
"198",29,"CSNK2A1","L","TCGA-AP-A056-01","L70I","L,I,F,F,I,M,I,E,V,I,E,I,V,V,V,V,L,L,C,L,L,F,I,V,L,I,M,F,V,F","I",7
"199",29,"CSNK2A1","L","TCGA-AX-A0J0-01","L70I","L,I,F,F,I,M,I,E,V,I,E,I,V,V,V,V,L,L,C,L,L,F,I,V,L,I,M,F,V,F","I",7
"200",29,"PAK7","M","TCGA-GF-A6C9-06","M480I","L,I,F,F,I,M,I,E,V,I,E,I,V,V,V,V,L,L,C,L,L,F,I,V,L,I,M,F,V,F","I",7
"201",30,"MAP2K4","R","TCGA-B6-A0X4-01","R134W","K,R,S,P,D,N,D,S,A,N,P,S,T,.,N,R,D,R,K,K,K,P,S,N,K,.,D,P,L,Y","W",0
"202",30,"MAP2K4","R","TCGA-FB-AAPY-01","R134W","K,R,S,P,D,N,D,S,A,N,P,S,T,.,N,R,D,R,K,K,K,P,S,N,K,.,D,P,L,Y","W",0
"203",30,"MAP2K4","R","TCGA-AG-3727-01","R134W","K,R,S,P,D,N,D,S,A,N,P,S,T,.,N,R,D,R,K,K,K,P,S,N,K,.,D,P,L,Y","W",0
"204",30,"NIM1K","D","TCGA-BS-A0UV-01","D106Y","K,R,S,P,D,N,D,S,A,N,P,S,T,.,N,R,D,R,K,K,K,P,S,N,K,.,D,P,L,Y","Y",1
"205",30,"RIPK3","N","TCGA-EE-A2M5-06","N53S","K,R,S,P,D,N,D,S,A,N,P,S,T,.,N,R,D,R,K,K,K,P,S,N,K,.,D,P,L,Y","S",4
"206",30,"TSSK1B","D","TCGA-AA-A010-01","D44N","K,R,S,P,D,N,D,S,A,N,P,S,T,.,N,R,D,R,K,K,K,P,S,N,K,.,D,P,L,Y","N",4
"207",30,"BMPR2","S","TCGA-D3-A1Q5-06","S233F","K,R,S,P,D,N,D,S,A,N,P,S,T,.,N,R,D,R,K,K,K,P,S,N,K,.,D,P,L,Y","F",0
"208",30,"MAP2K4","R","TCGA-YL-A8SL-01","R134Q","K,R,S,P,D,N,D,S,A,N,P,S,T,.,N,R,D,R,K,K,K,P,S,N,K,.,D,P,L,Y","Q",0
"209",32,"EPHA7","G","TCGA-97-7546-01","G670V","K,T,A,Q,K,Q,E,.,D,E,.,R,V,.,.,E,T,.,D,G,V,E,G,E,G,K,R,R,D,R","V",2
"210",32,"TGFBR2","E","TCGA-78-7539-01","E282D","K,T,A,Q,K,Q,E,.,D,E,.,R,V,.,.,E,T,.,D,G,V,E,G,E,G,K,R,R,D,R","D",3
"211",32,"BRSK1","E","TCGA-AA-3977-01","E68D","K,T,A,Q,K,Q,E,.,D,E,.,R,V,.,.,E,T,.,D,G,V,E,G,E,G,K,R,R,D,R","D",3
"212",32,"PAK7","R","TCGA-AG-A02N-01","R483Q","K,T,A,Q,K,Q,E,.,D,E,.,R,V,.,.,E,T,.,D,G,V,E,G,E,G,K,R,R,D,R","Q",2
"213",32,"PAK7","R","TCGA-EM-A2P3-01","R483Q","K,T,A,Q,K,Q,E,.,D,E,.,R,V,.,.,E,T,.,D,G,V,E,G,E,G,K,R,R,D,R","Q",2
"214",34,"GSK3B","R","TCGA-BR-8680-01","R92I","L,.,R,K,A,C,A,A,S,M,S,F,N,.,.,R,L,K,P,T,K,Y,L,L,T,H,Q,V,R,E","I",0
"215",34,"DYRK3","R","TCGA-D1-A15X-01","R245C","L,.,R,K,A,C,A,A,S,M,S,F,N,.,.,R,L,K,P,T,K,Y,L,L,T,H,Q,V,R,E","C",1
"216",35,"CSNK2A1","K","TCGA-BH-A0W7-01","K76N","R,.,Q,Q,P,V,E,R,N,P,R,A,T,.,.,F,D,D,Q,E,K,A,N,S,E,I,Q,A,.,Q","N",2
"217",35,"PRKG2","I","TCGA-E2-A14R-01","I489M","R,.,Q,Q,P,V,E,R,N,P,R,A,T,.,.,F,D,D,Q,E,K,A,N,S,E,I,Q,A,.,Q","M",0
"218",36,"TSSK1B","A","TCGA-B5-A0JV-01","A50T","R,.,.,S,A,E,D,H,K,I,A,I,S,.,.,H,Q,V,E,K,.,.,P,E,K,V,R,.,.,S","T",0
"219",37,"PAK7","R","TCGA-BR-8368-01","R488Q","I,.,.,W,D,R,E,P,L,Q,P,G,S,.,.,R,K,L,L,Q,.,.,N,S,Q,D,R,.,.,V","Q",3
"220",37,"NEK5","Q","TCGA-21-5786-01","Q43K","I,.,.,W,D,R,E,P,L,Q,P,G,S,.,.,R,K,L,L,Q,.,.,N,S,Q,D,R,.,.,V","K",1
"221",38,"EPHA7","R","TCGA-AA-3555-01","R676M","P,.,.,.,F,N,I,.,A,E,.,S,E,.,.,.,T,L,K,R,.,.,E,V,R,T,E,.,.,N","M",0
"222",38,"EPHA7","R","TCGA-13-1408-01","R676S","P,.,.,.,F,N,I,.,A,E,.,S,E,.,.,.,T,L,K,R,.,.,E,V,R,T,E,.,.,N","S",1
"223",38,"EPHA5","R","TCGA-D1-A102-01","R718H","P,.,.,.,F,N,I,.,A,E,.,S,E,.,.,.,T,L,K,R,.,.,E,V,R,T,E,.,.,N","H",0
"224",38,"MAP3K1","E","TCGA-AX-A05Z-01","E1283D","P,.,.,.,F,N,I,.,A,E,.,S,E,.,.,.,T,L,K,R,.,.,E,V,R,T,E,.,.,N","D",0
"225",39,"LATS1","R","TCGA-AA-A00N-01","R744Q","N,.,.,.,L,E,E,.,A,K,.,A,Q,.,.,.,Q,R,I,R,.,.,T,L,R,K,.,.,.,K","Q",2
"226",39,"LATS1","R","TCGA-ND-A4WC-01","R744Q","N,.,.,.,L,E,E,.,A,K,.,A,Q,.,.,.,Q,R,I,R,.,.,T,L,R,K,.,.,.,K","Q",2
"227",41,"STK32A","R","TCGA-AX-A05Z-01","R66I","E,.,.,.,K,R,.,.,K,.,.,E,.,.,.,.,.,Q,.,.,.,.,.,.,.,Q,.,.,.,.","I",0
"228",43,"LATS1","A","TCGA-24-1419-01","A748T",".,.,.,.,.,.,.,.,Y,.,.,D,.,.,.,.,.,A,.,.,.,.,.,.,.,.,.,.,.,.","T",0
"229",47,"TSSK1B","F","TCGA-AP-A0LM-01","F56S","N,V,N,Q,F,N,D,Q,K,A,Q,N,E,R,A,Q,L,H,K,D,K,S,Q,K,D,H,L,Q,F,I","S",1
"230",47,"EPHA5","D","TCGA-BS-A0UF-01","D720Y","N,V,N,Q,F,N,D,Q,K,A,Q,N,E,R,A,Q,L,H,K,D,K,S,Q,K,D,H,L,Q,F,I","Y",0
"231",47,"EPHA7","D","TCGA-EE-A29L-06","D678N","N,V,N,Q,F,N,D,Q,K,A,Q,N,E,R,A,Q,L,H,K,D,K,S,Q,K,D,H,L,Q,F,I","N",4
"232",47,"MAP2K4","V","TCGA-D1-A17D-01","V137M","N,V,N,Q,F,N,D,Q,K,A,Q,N,E,R,A,Q,L,H,K,D,K,S,Q,K,D,H,L,Q,F,I","M",0
"233",47,"AMHR2","Q","TCGA-B6-A0X5-01","Q239H","N,V,N,Q,F,N,D,Q,K,A,Q,N,E,R,A,Q,L,H,K,D,K,S,Q,K,D,H,L,Q,F,I","H",2
"234",47,"RIPK3","A","TCGA-AP-A0LM-01","A56V","N,V,N,Q,F,N,D,Q,K,A,Q,N,E,R,A,Q,L,H,K,D,K,S,Q,K,D,H,L,Q,F,I","V",1
"235",48,"FER","F","TCGA-AX-A0J0-01","F605L","V,D,F,N,L,V,I,L,L,S,L,V,E,D,I,A,L,V,F,F,I,W,A,V,F,V,L,F,K,A","L",6
"236",48,"EPHA7","F","TCGA-AP-A051-01","F679I","V,D,F,N,L,V,I,L,L,S,L,V,E,D,I,A,L,V,F,F,I,W,A,V,F,V,L,F,K,A","I",3
"237",49,"RIPK3","S","TCGA-IB-7651-01","S58Y","K,E,I,E,P,F,Q,L,Q,K,H,E,V,L,S,A,S,K,L,L,K,K,N,E,L,Y,F,Q,N,M","Y",1
"238",50,"BRSK1","R","TCGA-66-2734-01","R80L","K,K,N,Y,R,K,Q,Y,E,K,L,T,V,K,R,E,R,A,Q,G,R,T,L,R,C,S,N,A,R,R","L",2
"239",50,"GSK3B","R","TCGA-AX-A0J0-01","R96Q","K,K,N,Y,R,K,Q,Y,E,K,L,T,V,K,R,E,R,A,Q,G,R,T,L,R,C,S,N,A,R,R","Q",2
"240",51,"MAP2K4","E","TCGA-AA-A00N-01","E141K","E,E,E,E,E,E,E,E,E,E,E,E,E,E,E,E,E,E,E,E,E,E,E,E,E,E,E,E,E,E","K",0
"241",51,"CSNK1A1","E","TCGA-AC-A23H-01","E60K","E,E,E,E,E,E,E,E,E,E,E,E,E,E,E,E,E,E,E,E,E,E,E,E,E,E,E,E,E,E","K",0
"242",51,"TSSK1B","E","TCGA-D9-A6EC-06","E60K","E,E,E,E,E,E,E,E,E,E,E,E,E,E,E,E,E,E,E,E,E,E,E,E,E,E,E,E,E,E","K",0
"243",51,"ACVR2A","E","TCGA-FU-A3HZ-01","E234K","E,E,E,E,E,E,E,E,E,E,E,E,E,E,E,E,E,E,E,E,E,E,E,E,E,E,E,E,E,E","K",0
"244",51,"LATS1","E","TCGA-A2-A0YK-01","E753D","E,E,E,E,E,E,E,E,E,E,E,E,E,E,E,E,E,E,E,E,E,E,E,E,E,E,E,E,E,E","D",0
"245",52,"FER","A","TCGA-AA-A010-01","A609V","I,Q,K,V,I,L,I,S,V,V,Y,I,A,T,V,I,I,R,A,A,I,K,A,I,A,K,V,R,L,I","V",5
"246",52,"CSNK1A1","S","TCGA-BT-A3PK-01","S61R","I,Q,K,V,I,L,I,S,V,V,Y,I,A,T,V,I,I,R,A,A,I,K,A,I,A,K,V,R,L,I","R",2
"247",52,"EPHA5","A","TCGA-BR-8372-01","A725T","I,Q,K,V,I,L,I,S,V,V,Y,I,A,T,V,I,I,R,A,A,I,K,A,I,A,K,V,R,L,I","T",1
"248",52,"RIPK3","V","TCGA-FS-A1ZK-06","V61I","I,Q,K,V,I,L,I,S,V,V,Y,I,A,T,V,I,I,R,A,A,I,K,A,I,A,K,V,R,L,I","I",9
"249",53,"BRSK1","A","TCGA-EL-A3GV-01","A83T","Q,K,N,Y,E,Q,T,K,D,I,R,E,L,D,K,R,S,D,K,S,K,D,Q,A,S,R,V,A,Q,K","T",1
"250",53,"RIPK3","K","TCGA-AP-A056-01","K62E","Q,K,N,Y,E,Q,T,K,D,I,R,E,L,D,K,R,S,D,K,S,K,D,Q,A,S,R,V,A,Q,K","E",2
"251",53,"NIM1K","S","TCGA-EE-A3JD-06","S123F","Q,K,N,Y,E,Q,T,K,D,I,R,E,L,D,K,R,S,D,K,S,K,D,Q,A,S,R,V,A,Q,K","F",0
"252",57,"AMHR2","E","TCGA-EE-A2GI-06","E248K","L,L,I,S,I,I,V,I,L,L,Q,I,I,I,A,I,S,I,I,I,I,I,L,I,I,I,I,E,I,F","K",0
"253",57,"CHEK2","I","TCGA-AP-A056-01","I276S","L,L,I,S,I,I,V,I,L,L,Q,I,I,I,A,I,S,I,I,I,I,I,L,I,I,I,I,E,I,F","S",2
"254",57,"NEK11","L","TCGA-A8-A09Z-01","L82F","L,L,I,S,I,I,V,I,L,L,Q,I,I,I,A,I,S,I,I,I,I,I,L,I,I,I,I,E,I,F","F",1
"255",57,"NEK5","L","TCGA-BS-A0UF-01","L54I","L,L,I,S,I,I,V,I,L,L,Q,I,I,I,A,I,S,I,I,I,I,I,L,I,I,I,I,E,I,F","I",18
"256",58,"CSNK2A1","L","TCGA-BR-8680-01","L85V","L,L,Y,L,L,M,L,L,L,L,L,L,R,K,M,L,M,L,L,M,L,F,L,L,M,L,M,L,M,L","V",0
"257",58,"MAP2K4","L","TCGA-EE-A2A0-06","L146F","L,L,Y,L,L,M,L,L,L,L,L,L,R,K,M,L,M,L,L,M,L,F,L,L,M,L,M,L,M,L","F",1
"258",59,"GSK3B","R","TCGA-EE-A2M5-06","R102K","R,M,R,P,A,Q,S,Q,K,E,G,K,M,H,A,E,E,A,K,G,E,S,S,K,G,E,R,P,R,K","K",5
"259",59,"EPHA7","G","TCGA-GN-A266-06","G687E","R,M,R,P,A,Q,S,Q,K,E,G,K,M,H,A,E,E,A,K,G,E,S,S,K,G,E,R,P,R,K","E",5
"260",59,"DYRK3","E","TCGA-D9-A4Z3-01","E258K","R,M,R,P,A,Q,S,Q,K,E,G,K,M,H,A,E,E,A,K,G,E,S,S,K,G,E,R,P,R,K","K",5
"261",59,"CSNK1G3","G","TCGA-55-7576-01","G94V","R,M,R,P,A,Q,S,Q,K,E,G,K,M,H,A,E,E,A,K,G,E,S,S,K,G,E,R,P,R,K","V",0
"262",59,"NIM1K","E","TCGA-D3-A2JH-06","E126K","R,M,R,P,A,Q,S,Q,K,E,G,K,M,H,A,E,E,A,K,G,E,S,S,K,G,E,R,P,R,K","K",5
"263",60,"AMHR2","G","TCGA-FS-A4F5-06","G251D","R,D,V,G,M,G,Q,G,A,K,S,K,M,L,S,H,K,E,Q,Q,N,D,K,L,Q,E,D,G,K,Q","D",3
"264",60,"CHEK2","K","TCGA-D1-A17Q-01","K279T","R,D,V,G,M,G,Q,G,A,K,S,K,M,L,S,H,K,E,Q,Q,N,D,K,L,Q,E,D,G,K,Q","T",0
"265",60,"EPHA5","Q","TCGA-44-2656-01","Q730K","R,D,V,G,M,G,Q,G,A,K,S,K,M,L,S,H,K,E,Q,Q,N,D,K,L,Q,E,D,G,K,Q","K",5
"266",60,"PAK7","D","TCGA-FS-A1ZA-06","D500N","R,D,V,G,M,G,Q,G,A,K,S,K,M,L,S,H,K,E,Q,Q,N,D,K,L,Q,E,D,G,K,Q","N",1
"267",63,"FER","Y","TCGA-55-6983-01","Y615C","L,L,M,M,L,L,C,V,L,M,D,L,L,L,L,L,L,A,Y,F,R,L,L,I,F,L,Y,L,L,F","C",1
"268",64,"BMPR2","E","TCGA-EJ-7314-01","E253Q","R,D,E,K,N,E,D,G,K,K,G,N,N,K,D,K,H,D,D,D,G,K,D,E,D,C,H,Q,D,H","Q",1
"269",64,"CSNK1G3","G","TCGA-91-6828-01","G98V","R,D,E,K,N,E,D,G,K,K,G,N,N,K,D,K,H,D,D,D,G,K,D,E,D,C,H,Q,D,H","V",0
"270",64,"PRKG2","C","TCGA-CV-7254-01","C509S","R,D,E,K,N,E,D,G,K,K,G,N,N,K,D,K,H,D,D,D,G,K,D,E,D,C,H,Q,D,H","S",0
"271",64,"NIM1K","H","TCGA-AA-3710-01","H129Q","R,D,E,K,N,E,D,G,K,K,G,N,N,K,D,K,H,D,D,D,G,K,D,E,D,C,H,Q,D,H","Q",1
"272",64,"MAP3K19","K","TCGA-AA-3542-01","K1119T","R,D,E,K,N,E,D,G,K,K,G,N,N,K,D,K,H,D,D,D,G,K,D,E,D,C,H,Q,D,H","T",0
"273",64,"BRSK1","E","TCGA-D1-A174-01","E89K","R,D,E,K,N,E,D,G,K,K,G,N,N,K,D,K,H,D,D,D,G,K,D,E,D,C,H,Q,D,H","K",6
"274",66,"NEK5","P","TCGA-AR-A24Z-01","P61L","K,V,D,E,C,P,P,P,V,P,P,P,P,P,E,Q,P,E,P,P,P,E,P,P,P,P,D,D,C,E","L",0
"275",66,"AMHR2","D","TCGA-B0-5120-01","D255E","K,V,D,E,C,P,P,P,V,P,P,P,P,P,E,Q,P,E,P,P,P,E,P,P,P,P,D,D,C,E","E",5
"276",66,"ACVR2A","E","TCGA-JW-A5VL-01","E244Q","K,V,D,E,C,P,P,P,V,P,P,P,P,P,E,Q,P,E,P,P,P,E,P,P,P,P,D,D,C,E","Q",1
"277",66,"CSNK2A1","P","TCGA-D1-A16S-01","P92T","K,V,D,E,C,P,P,P,V,P,P,P,P,P,E,Q,P,E,P,P,P,E,P,P,P,P,D,D,C,E","T",0
"278",67,"NEK5","N","TCGA-18-3412-01","N62D","N,M,N,N,S,F,Y,H,N,N,Q,C,N,N,F,D,N,W,N,N,N,N,A,H,N,F,N,H,N,N","D",1
"279",67,"CSNK1G3","Q","TCGA-IR-A3LK-01","Q101E","N,M,N,N,S,F,Y,H,N,N,Q,C,N,N,F,D,N,W,N,N,N,N,A,H,N,F,N,H,N,N","E",0
"280",68,"EPHA5","I","TCGA-BS-A0UJ-01","I736N","V,R,I,I,I,L,V,I,I,I,V,I,I,I,V,K,I,V,I,I,I,I,I,V,V,I,V,I,I,L","N",0
"281",68,"RIPK3","V","TCGA-AA-3542-01","V72A","V,R,I,I,I,L,V,I,I,I,V,I,I,I,V,K,I,V,I,I,I,I,I,V,V,I,V,I,I,L","A",0
"282",68,"NEK5","I","TCGA-AN-A0FL-01","I63V","V,R,I,I,I,L,V,I,I,I,V,I,I,I,V,K,I,V,I,I,I,I,I,V,V,I,V,I,I,L","V",8
"283",68,"PAK7","V","TCGA-IR-A3LK-01","V506L","V,R,I,I,I,L,V,I,I,I,V,I,I,I,V,K,I,V,I,I,I,I,I,V,V,I,V,I,I,L","L",2
"284",69,"STK11","I","TCGA-C5-A7CL-01","I111N","I,S,A,L,I,V,T,R,V,V,Y,I,I,I,L,T,I,V,V,I,I,L,V,L,V,V,V,V,V,V","N",0
"285",70,"EPHA7","H","TCGA-BS-A0TC-01","H696N","Q,S,R,Q,K,N,K,W,A,A,Y,K,R,T,R,G,R,R,K,H,T,Q,K,K,H,K,D,R,R,N","N",2
"286",70,"EPHA7","H","TCGA-05-4410-01","H696N","Q,S,R,Q,K,N,K,W,A,A,Y,K,R,T,R,G,R,R,K,H,T,Q,K,K,H,K,D,R,R,N","N",2
"287",70,"GSK3B","R","TCGA-B5-A11E-01","R111Q","Q,S,R,Q,K,N,K,W,A,A,Y,K,R,T,R,G,R,R,K,H,T,Q,K,K,H,K,D,R,R,N","Q",3
"288",70,"LATS1","R","TCGA-D6-6517-01","R767L","Q,S,R,Q,K,N,K,W,A,A,Y,K,R,T,R,G,R,R,K,H,T,Q,K,K,H,K,D,R,R,N","L",0
"289",70,"RIPK3","R","TCGA-08-0386-01","R74H","Q,S,R,Q,K,N,K,W,A,A,Y,K,R,T,R,G,R,R,K,H,T,Q,K,K,H,K,D,R,R,N","H",2
"290",71,"EPHA5","L","TCGA-51-4080-01","L739S","L,D,F,F,T,L,Y,Y,Y,F,F,I,M,F,L,S,L,L,L,L,L,F,F,L,L,L,M,F,L,L","S",1
"291",72,"EPHA7","E","TCGA-GN-A266-06","E698K","V,C,I,I,Y,W,Y,G,L,F,G,K,L,K,E,M,Y,Y,I,E,A,L,H,H,E,Y,Y,I,R,I","K",2
"292",72,"FER","I","TCGA-YL-A8HK-01","I624T","V,C,I,I,Y,W,Y,G,L,F,G,K,L,K,E,M,Y,Y,I,E,A,L,H,H,E,Y,Y,I,R,I","T",0
"293",72,"RIPK3","E","TCGA-GC-A3WC-01","E76Q","V,C,I,I,Y,W,Y,G,L,F,G,K,L,K,E,M,Y,Y,I,E,A,L,H,H,E,Y,Y,I,R,I","Q",0
"294",73,"TSSK1B","E","TCGA-BR-8680-01","E77K","D,P,V,G,E,Y,G,Q,G,N,P,N,G,G,G,N,E,Y,G,G,D,T,A,D,G,R,S,T,Y,E","K",0
"295",73,"NIM1K","E","TCGA-AO-A0JI-01","E138K","D,P,V,G,E,Y,G,Q,G,N,P,N,G,G,G,N,E,Y,G,G,D,T,A,D,G,R,S,T,Y,E","K",0
"296",73,"DYRK3","N","TCGA-AP-A059-01","N270S","D,P,V,G,E,Y,G,Q,G,N,P,N,G,G,G,N,E,Y,G,G,D,T,A,D,G,R,S,T,Y,E","S",1
"297",73,"NIM1K","E","TCGA-IR-A3LH-01","E138K","D,P,V,G,E,Y,G,Q,G,N,P,N,G,G,G,N,E,Y,G,G,D,T,A,D,G,R,S,T,Y,E","K",0
"298",74,"GSK3B","F","TCGA-AP-A056-01","F115L","V,Y,G,A,I,S,S,E,T,S,C,F,A,V,V,V,V,S,V,V,I,A,S,V,V,T,S,A,F,V","L",0
"299",76,"AMHR2","R","TCGA-AA-3672-01","R265W","Y,V,E,K,E,Q,L,D,L,Q,K,D,C,T,E,H,E,Q,T,T,K,E,V,E,T,K,L,R,Y,R","W",0
"300",76,"CSNK1A1","D","TCGA-FD-A3B7-01","D84N","Y,V,E,K,E,Q,L,D,L,Q,K,D,C,T,E,H,E,Q,T,T,K,E,V,E,T,K,L,R,Y,R","N",0
"301",77,"EPHA7","R","TCGA-2J-AABA-01","R703K","N,Q,R,R,T,D,K,.,Q,E,.,A,E,Q,K,M,T,D,Q,K,D,R,E,N,R,D,V,G,S,Q","K",3
"302",78,"EPHA7","G","TCGA-49-4505-01","G704V","E,F,V,G,S,E,D,.,E,N,.,E,K,A,V,L,L,K,R,S,P,K,Q,K,G,N,G,G,S,K","V",2
"303",78,"ACVR2A","G","TCGA-BR-4292-01","G256D","E,F,V,G,S,E,D,.,E,N,.,E,K,A,V,L,L,K,R,S,P,K,Q,K,G,N,G,G,S,K","D",1
"304",79,"RIPK3","N","TCGA-BR-6452-01","N83I","E,Y,T,T,H,E,T,.,N,G,.,D,S,P,N,E,S,D,Q,K,V,T,D,K,K,K,D,P,G,K","I",0
"305",79,"PAK7","D","TCGA-06-6699-01","D517N","E,Y,T,T,H,E,T,.,N,G,.,D,S,P,N,E,S,D,Q,K,V,T,D,K,K,K,D,P,G,K","N",2
"306",79,"NEK5","G","TCGA-AP-A051-01","G74D","E,Y,T,T,H,E,T,.,N,G,.,D,S,P,N,E,S,D,Q,K,V,T,D,K,K,K,D,P,G,K","D",4
"307",80,"GSK3B","E","TCGA-25-2391-01","E121D","K,G,A,S,G,D,K,.,.,R,.,Y,N,C,W,S,K,N,P,.,S,E,N,Y,.,.,E,G,E,K","D",1
"308",80,"DYRK3","S","TCGA-D9-A1JW-06","S277C","K,G,A,S,G,D,K,.,.,R,.,Y,N,C,W,S,K,N,P,.,S,E,N,Y,.,.,E,G,E,K","C",1
"309",81,"AMHR2","R","TCGA-F1-6177-01","R270C","Q,A,D,V,K,M,L,.,.,L,.,.,.,.,D,F,L,L,V,.,R,L,.,L,.,.,L,R,K,I","C",0
"310",84,"RIPK3","P","TCGA-MI-A75C-01","P88L",".,R,M,.,.,.,.,.,.,.,.,.,.,.,P,.,.,.,.,.,.,Q,.,.,.,.,.,S,E,.","L",0
"311",90,"DYRK3","R","TCGA-AO-A128-01","R281Q",".,.,.,L,.,.,.,N,V,.,N,.,.,.,P,R,.,.,.,V,P,.,.,.,V,.,.,P,L,.","Q",0
"312",91,"CSNK2A1","A","TCGA-AP-A051-01","A110T",".,.,L,W,.,.,.,V,S,.,A,.,N,C,A,N,.,.,.,M,A,W,C,.,M,.,.,L,N,.","T",0
"313",92,"MAP3K19","I","TCGA-D9-A148-06","I1138V","M,I,L,L,I,M,I,L,I,I,M,I,L,I,L,H,L,F,I,I,L,L,I,L,I,V,V,L,L,L","V",2
"314",94,"PAK7","M","TCGA-EE-A2MD-06","M523I","M,M,M,T,M,V,M,M,M,M,L,L,I,M,T,C,M,M,M,T,F,T,T,L,I,M,M,L,L,F","I",2
"315",95,"EPHA5","E","TCGA-DK-A3WW-01","E754Q","E,E,E,A,E,D,E,D,E,E,E,E,E,E,K,M,E,D,E,E,E,A,E,E,E,L,E,E,D,E","Q",0
"316",97,"TSSK1B","A","TCGA-AA-3681-01","A93T","C,M,Y,H,A,L,L,L,V,C,L,M,M,C,M,F,A,I,V,M,V,H,C,V,M,E,L,H,V,I","T",0
"317",97,"MAP3K19","V","TCGA-AP-A059-01","V1143I","C,M,Y,H,A,L,L,L,V,C,L,M,M,C,M,F,A,I,V,M,V,H,C,V,M,E,L,H,V,I","I",2
"318",98,"BMPR2","P","TCGA-23-1123-01","P283T","V,S,P,E,V,L,G,.,P,D,.,E,A,A,E,E,G,P,S,E,.,A,.,S,E,A,E,P,P,D","T",0
"319",98,"CDKL3","D","TCGA-BH-A1F8-01","D83N","V,S,P,E,V,L,G,.,P,D,.,E,A,A,E,E,G,P,S,E,.,A,.,S,E,A,E,P,P,D","N",0
"320",98,"EPHA5","E","TCGA-AX-A0J0-01","E757D","V,S,P,E,V,L,G,.,P,D,.,E,A,A,E,E,G,P,S,E,.,A,.,S,E,A,E,P,P,D","D",2
"321",98,"TSSK1B","V","TCGA-FD-A3SS-01","V94I","V,S,P,E,V,L,G,.,P,D,.,E,A,A,E,E,G,P,S,E,.,A,.,S,E,A,E,P,P,D","I",0
"322",98,"MAP3K1","A","TCGA-AA-A01R-01","A1327V","V,S,P,E,V,L,G,.,P,D,.,E,A,A,E,E,G,P,S,E,.,A,.,S,E,A,E,P,P,D","V",2
"323",98,"PRKG2","A","TCGA-GD-A3OS-01","A532D","V,S,P,E,V,L,G,.,P,D,.,E,A,A,E,E,G,P,S,E,.,A,.,S,E,A,E,P,P,D","D",2
"324",101,"LATS1","G","TCGA-55-7907-01","G787V","C,T,N,K,Q,G,G,G,G,G,G,G,G,Q,N,L,G,G,G,N,N,G,E,G,N,G,G,K,E,H","V",0
"325",101,"NEK5","G","TCGA-GN-A267-06","G85E","C,T,N,K,Q,G,G,G,G,G,G,G,G,Q,N,L,G,G,G,N,N,G,E,G,N,G,G,K,E,H","E",2
"326",101,"CHEK2","G","TCGA-EA-A4BA-01","G306W","C,T,N,K,Q,G,G,G,G,G,G,G,G,Q,N,L,G,G,G,N,N,G,E,G,N,G,G,K,E,H","W",0
"327",101,"LATS1","G","TCGA-BR-8384-01","G787A","C,T,N,K,Q,G,G,G,G,G,G,G,G,Q,N,L,G,G,G,N,N,G,E,G,N,G,G,K,E,H","A",0
"328",102,"MAP2K4","S","TCGA-B6-A0WZ-01","S184L","G,S,G,G,G,G,G,P,G,G,P,G,G,G,G,L,G,G,G,G,N,N,G,G,G,G,G,G,T,T","L",1
"329",102,"MAP2K4","S","TCGA-BR-A4QL-01","S184L","G,S,G,G,G,G,G,P,G,G,P,G,G,G,G,L,G,G,G,G,N,N,G,G,G,G,G,G,T,T","L",1
"330",102,"MAP2K4","S","TCGA-BH-A0DP-01","S184L","G,S,G,G,G,G,G,P,G,G,P,G,G,G,G,L,G,G,G,G,N,N,G,G,G,G,G,G,T,T","L",1
"331",103,"MAP3K1","S","TCGA-A2-A0EU-01","S1330W","M,F,S,S,D,D,S,S,S,D,S,E,S,Q,S,S,E,D,D,S,T,L,R,E,A,E,A,S,V,V","W",0
"332",103,"CSNK1A1","S","TCGA-EU-5906-01","S96I","M,F,S,S,D,D,S,S,S,D,S,E,S,Q,S,S,E,D,D,S,T,L,R,E,A,E,A,S,V,V","I",0
"333",103,"MAP3K1","S","TCGA-BR-4280-01","S1330L","M,F,S,S,D,D,S,S,S,D,S,E,S,Q,S,S,E,D,D,S,T,L,R,E,A,E,A,S,V,V","L",1
"334",103,"MAP3K1","S","TCGA-DU-7304-01","S1330L","M,F,S,S,D,D,S,S,S,D,S,E,S,Q,S,S,E,D,D,S,T,L,R,E,A,E,A,S,V,V","L",1
"335",103,"CSNK1A1","S","TCGA-EE-A29Q-06","S96F","M,F,S,S,D,D,S,S,S,D,S,E,S,Q,S,S,E,D,D,S,T,L,R,E,A,E,A,S,V,V","F",1
"336",103,"MAP3K1","S","TCGA-61-2088-01","S1330L","M,F,S,S,D,D,S,S,S,D,S,E,S,Q,S,S,E,D,D,S,T,L,R,E,A,E,A,S,V,V","L",1
"337",103,"NEK11","R","TCGA-DK-A2HX-01","R114L","M,F,S,S,D,D,S,S,S,D,S,E,S,Q,S,S,E,D,D,S,T,L,R,E,A,E,A,S,V,V","L",1
"338",103,"MAP3K1","S","TCGA-BR-8680-01","S1330L","M,F,S,S,D,D,S,S,S,D,S,E,S,Q,S,S,E,D,D,S,T,L,R,E,A,E,A,S,V,V","L",1
"339",103,"CHEK2","E","TCGA-A2-A25A-01","E308Q","M,F,S,S,D,D,S,S,S,D,S,E,S,Q,S,S,E,D,D,S,T,L,R,E,A,E,A,S,V,V","Q",1
"340",104,"LATS1","M","TCGA-AA-3681-01","M790T","Q,D,L,L,L,L,A,L,I,L,L,L,V,L,L,I,L,M,F,L,D,Q,D,L,L,L,L,L,Y,L","T",0
"341",104,"MAP2K4","D","TCGA-BH-A0EI-01","D186G","Q,D,L,L,L,L,A,L,I,L,L,L,V,L,L,I,L,M,F,L,D,Q,D,L,L,L,L,L,Y,L","G",0
"342",104,"NEK11","D","TCGA-CR-7371-01","D115N","Q,D,L,L,L,L,A,L,I,L,L,L,V,L,L,I,L,M,F,L,D,Q,D,L,L,L,L,L,Y,L","N",0
"343",104,"NEK5","L","TCGA-91-6847-01","L88F","Q,D,L,L,L,L,A,L,I,L,L,L,V,L,L,I,L,M,F,L,D,Q,D,L,L,L,L,L,Y,L","F",1
"344",106,"LATS1","S","TCGA-ND-A4WC-01","S792I","M,F,K,D,E,Y,D,D,S,K,D,D,H,E,G,L,G,S,T,T,K,Y,D,D,A,S,D,H,V,E","I",0
"345",106,"PAK7","D","TCGA-EE-A3J4-06","D533N","M,F,K,D,E,Y,D,D,S,K,D,D,H,E,G,L,G,S,T,T,K,Y,D,D,A,S,D,H,V,E","N",0
"346",106,"DYRK3","L","TCGA-BR-8372-01","L295I","M,F,K,D,E,Y,D,D,S,K,D,D,H,E,G,L,G,S,T,T,K,Y,D,D,A,S,D,H,V,E","I",0
"347",108,"NEK5","I","TCGA-IB-7651-01","I92S","D,K,L,L,I,L,L,F,I,I,F,V,L,L,L,E,I,L,L,L,L,T,K,L,L,L,V,L,R,Q","S",0
"348",108,"EPHA5","L","TCGA-N5-A4RS-01","L765F","D,K,L,L,I,L,L,F,I,I,F,V,L,L,L,E,I,L,L,L,L,T,K,L,L,L,V,L,R,Q","F",2
"349",108,"NEK11","K","TCGA-AY-4071-01","K119I","D,K,L,L,I,L,L,F,I,I,F,V,L,L,L,E,I,L,L,L,L,T,K,L,L,L,V,L,R,Q","I",4
"350",109,"EPHA7","R","TCGA-BR-4292-01","R724G","S,Y,S,K,K,Q,E,N,N,N,D,V,S,R,Q,L,S,I,R,K,Y,R,I,V,R,R,T,T,H,H","G",0
"351",109,"MAP3K19","N","TCGA-AG-A002-01","N1153H","S,Y,S,K,K,Q,E,N,N,N,D,V,S,R,Q,L,S,I,R,K,Y,R,I,V,R,R,T,T,H,H","H",2
"352",109,"EPHA7","R","TCGA-EE-A180-06","R724K","S,Y,S,K,K,Q,E,N,N,N,D,V,S,R,Q,L,S,I,R,K,Y,R,I,V,R,R,T,T,H,H","K",3
"353",109,"NIM1K","S","TCGA-AA-3877-01","S163I","S,Y,S,K,K,Q,E,N,N,N,D,V,S,R,Q,L,S,I,R,K,Y,R,I,V,R,R,T,T,H,H","I",2
"354",110,"MAP3K19","R","TCGA-YZ-A985-01","R1154C","V,V,L,A,T,Q,P,F,R,R,L,G,K,A,S,I,T,R,R,K,Q,H,Q,K,K,D,H,Q,Y,Y","C",0
"355",111,"TSSK1B","R","TCGA-EA-A5O9-01","R105Q","P,Y,H,N,R,N,G,C,F,Q,C,N,Y,G,Q,K,E,M,K,N,T,V,E,K,H,R,T,Y,S,C","Q",2
"356",111,"ACVR2A","N","TCGA-BH-A1F2-01","N282I","P,Y,H,N,R,N,G,C,F,Q,C,N,Y,G,Q,K,E,M,K,N,T,V,E,K,H,R,T,Y,S,C","I",0
"357",111,"MAP3K19","F","TCGA-AP-A0LM-01","F1155C","P,Y,H,N,R,N,G,C,F,Q,C,N,Y,G,Q,K,E,M,K,N,T,V,E,K,H,R,T,Y,S,C","C",3
"358",112,"CSNK2A1","L","TCGA-13-1411-01","L128S","E,S,T,V,G,V,P,S,G,R,D,K,G,R,C,K,G,G,K,D,L,I,Y,G,D,G,R,T,R,H","S",2
"359",112,"NEK5","R","TCGA-D1-A167-01","R96Q","E,S,T,V,G,V,P,S,G,R,D,K,G,R,C,K,G,G,K,D,L,I,Y,G,D,G,R,T,R,H","Q",0
"360",112,"EPHA7","D","TCGA-GN-A266-06","D727N","E,S,T,V,G,V,P,S,G,R,D,K,G,R,C,K,G,G,K,D,L,I,Y,G,D,G,R,T,R,H","N",0
"361",112,"NEK5","R","TCGA-CD-A4MJ-01","R96W","E,S,T,V,G,V,P,S,G,R,D,K,G,R,C,K,G,G,K,D,L,I,Y,G,D,G,R,T,R,H","W",0
"362",112,"TSSK1B","G","TCGA-RP-A694-06","G106E","E,S,T,V,G,V,P,S,G,R,D,K,G,R,C,K,G,G,K,D,L,I,Y,G,D,G,R,T,R,H","E",1
"363",113,"MAP3K19","P","TCGA-BR-6802-01","P1157S","K,V,S,V,A,H,L,R,P,G,R,R,A,P,P,N,K,I,D,G,T,S,K,R,G,S,M,S,A,G","S",4
"364",113,"MAP3K19","P","TCGA-76-6656-01","P1157S","K,V,S,V,A,H,L,R,P,G,R,R,A,P,P,N,K,I,D,G,T,S,K,R,G,S,M,S,A,G","S",4
"365",113,"FER","D","TCGA-18-5595-01","D654H","K,V,S,V,A,H,L,R,P,G,R,R,A,P,P,N,K,I,D,G,T,S,K,R,G,S,M,S,A,G","H",1
"366",114,"RIPK3","R","TCGA-FW-A3R5-06","R112W","R,L,D,S,L,F,D,R,L,V,T,L,F,V,R,K,L,F,E,Q,D,W,Q,L,Q,F,N,D,K,L","W",1
"367",114,"CSNK2A1","D","TCGA-AP-A051-01","D130Y","R,L,D,S,L,F,D,R,L,V,T,L,F,V,R,K,L,F,E,Q,D,W,Q,L,Q,F,N,D,K,L","Y",0
"368",115,"PAK7","E","TCGA-EE-A2GJ-06","E542K","F,D,W,W,H,K,E,F,P,L,F,K,K,T,P,F,S,P,L,F,Y,E,A,T,F,D,E,W,Q,E","K",3
"369",116,"EPHA7","T","TCGA-H4-A2HQ-01","T731A","P,D,V,N,E,E,T,T,E,F,S,E,E,P,W,Q,E,E,K,T,D,D,G,P,T,E,E,G,T,S","A",0
"370",116,"STK32A","E","TCGA-C8-A275-01","E120K","P,D,V,N,E,E,T,T,E,F,S,E,E,P,W,Q,E,E,K,T,D,D,G,P,T,E,E,G,T,S","K",1
"371",116,"CSNK1G3","S","TCGA-B5-A0JY-01","S135Y","P,D,V,N,E,E,T,T,E,F,S,E,E,P,W,Q,E,E,K,T,D,D,G,P,T,E,E,G,T,S","Y",0
"372",116,"MAP3K19","E","TCGA-D1-A17Q-01","E1160D","P,D,V,N,E,E,T,T,E,F,S,E,E,P,W,Q,E,E,K,T,D,D,G,P,T,E,E,G,T,S","D",3
"373",116,"NIM1K","E","TCGA-FD-A3N5-01","E170V","P,D,V,N,E,E,T,T,E,F,S,E,E,P,W,Q,E,E,K,T,D,D,G,P,T,E,E,G,T,S","V",1
"374",117,"EPHA5","V","TCGA-IB-7651-01","V774A","V,V,S,E,D,E,Q,M,M,S,L,A,S,S,P,G,P,S,L,V,I,L,K,K,V,P,Q,S,L,K","A",1
"375",117,"LATS1","S","TCGA-91-6829-01","S803T","V,V,S,E,D,E,Q,M,M,S,L,A,S,S,P,G,P,S,L,V,I,L,K,K,V,P,Q,S,L,K","T",0
"376",118,"BMPR2","S","TCGA-B5-A11E-01","S301A","C,I,S,L,E,T,I,K,V,E,K,T,V,L,L,F,E,L,K,I,R,R,I,E,I,T,I,S,P,R","A",0
"377",118,"CDKL3","R","TCGA-CG-5723-01","R101Q","C,I,S,L,E,T,I,K,V,E,K,T,V,L,L,F,E,L,K,I,R,R,I,E,I,T,I,S,P,R","Q",0
"378",119,"LATS1","A","TCGA-AA-3516-01","A805V","Q,P,C,C,A,V,A,T,F,D,T,C,V,L,L,S,S,A,.,.,F,K,F,A,.,S,A,L,V,L","V",3
"379",119,"MAP2K4","P","TCGA-EB-A431-01","P201L","Q,P,C,C,A,V,A,T,F,D,T,C,V,L,L,S,S,A,.,.,F,K,F,A,.,S,A,L,V,L","L",4
"380",120,"PAK7","T","TCGA-AX-A0J0-01","T547N","A,E,R,.,R,K,T,V,C,.,V,K,I,V,C,V,K,R,.,.,Y,.,P,R,.,K,T,R,I,R","N",0
"381",121,"PRKG2","F","TCGA-DK-A3WW-01","F555L","H,E,L,.,K,L,I,L,K,.,L,L,N,D,R,.,L,F,.,.,M,.,E,K,.,F,V,M,Y,K","L",6
"382",122,"CDKL3","Y","TCGA-B9-7268-01","Y105D","G,I,A,H,K,F,L,M,Y,.,M,Y,Y,W,L,.,I,Y,.,.,Y,L,N,F,.,C,C,A,V,Y","D",0
"383",123,"PRKG2","V","TCGA-26-5139-01","V557I","Y,L,H,I,F,I,R,L,T,.,I,F,T,S,L,.,F,I,.,.,.,G,.,F,.,V,L,L,K,L","I",4
"384",123,"BMPR2","H","TCGA-CG-5728-01","H306Q","Y,L,H,I,F,I,R,L,T,.,I,F,T,S,L,.,F,I,.,.,.,G,.,F,.,V,L,L,K,L","Q",0
"385",124,"BRSK1","R","TCGA-CD-5804-01","R138C","F,G,.,A,H,C,.,A,K,.,A,Y,E,M,K,.,S,A,.,.,.,S,.,R,.,A,.,.,L,F","C",1
"386",130,"CSNK2A1","I","TCGA-AA-3984-01","I140M","L,T,V,M,L,L,I,M,I,I,L,M,L,I,V,L,I,L,L,L,I,L,I,I,L,V,V,L,L,I","M",3
"387",130,"MAP3K19","I","TCGA-AP-A056-01","I1170L","L,T,V,M,L,L,I,M,I,I,L,M,L,I,V,L,I,L,L,L,I,L,I,I,L,V,V,L,L,I","L",13
"388",131,"CSNK1G3","I","TCGA-A8-A096-01","I147V","I,V,T,A,S,V,L,I,L,L,I,L,L,A,V,V,V,T,V,V,L,A,I,V,V,T,L,A,F,L","V",9
"389",131,"MAP3K1","L","TCGA-BJ-A0Z0-01","L1354V","I,V,T,A,S,V,L,I,L,L,I,L,L,A,V,V,V,T,V,V,L,A,I,V,V,T,L,A,F,L","V",9
"390",132,"GSK3B","R","TCGA-BS-A0UV-01","R167Q","D,K,R,R,L,M,K,S,Q,G,S,L,R,G,L,R,S,C,K,G,K,R,E,S,G,E,R,Q,R,R","Q",2
"391",132,"EPHA5","G","TCGA-22-4613-01","G779C","D,K,R,R,L,M,K,S,Q,G,S,L,R,G,L,R,S,C,K,G,K,R,E,S,G,E,R,Q,R,R","C",1
"392",132,"MAP3K1","R","TCGA-FD-A3SL-01","R1355H","D,K,R,R,L,M,K,S,Q,G,S,L,R,G,L,R,S,C,K,G,K,R,E,S,G,E,R,Q,R,R","H",0
"393",132,"PAK7","R","TCGA-UB-A7MB-01","R554S","D,K,R,R,L,M,K,S,Q,G,S,L,R,G,L,R,S,C,K,G,K,R,E,S,G,E,R,Q,R,R","S",4
"394",133,"ACVR2A","G","TCGA-B5-A11G-01","G299R","G,A,G,G,A,A,G,R,G,W,R,A,G,G,G,K,A,A,F,M,A,G,W,A,M,A,A,G,S,A","R",2
"395",133,"PAK7","A","TCGA-YL-A8SP-01","A555P","G,A,G,G,A,A,G,R,G,W,R,A,G,G,G,K,A,A,F,M,A,G,W,A,M,A,A,G,S,A","P",0
"396",133,"PAK7","A","TCGA-66-2759-01","A555D","G,A,G,G,A,A,G,R,G,W,R,A,G,G,G,K,A,A,F,M,A,G,W,A,M,A,A,G,S,A","D",0
"397",134,"BRSK1","L","TCGA-AA-3811-01","L144Q","L,L,L,L,I,L,L,I,V,F,M,V,L,M,M,F,V,V,S,L,L,I,F,L,L,F,L,L,L,I","Q",0
"398",137,"DYRK3","S","TCGA-EE-A29D-06","S318F",".,.,.,.,.,.,.,.,.,I,.,.,.,.,.,S,.,.,A,I,.,.,L,.,I,.,.,.,.,.","F",0
"399",139,"NEK11","L","TCGA-G3-A25Y-01","L144P",".,.,.,.,.,.,.,.,.,L,.,.,.,.,.,L,.,.,A,A,.,.,L,.,A,.,.,.,.,.","P",0
"400",139,"EPHA5","A","TCGA-64-1678-01","A786E",".,.,.,.,.,.,.,.,.,L,.,.,.,.,.,L,.,.,A,A,.,.,L,.,A,.,.,.,.,.","E",0
"401",142,"DYRK3","L","TCGA-B5-A0JY-01","L323S",".,.,.,.,.,.,.,.,.,K,.,.,.,.,.,L,.,.,L,K,.,.,D,.,R,.,.,.,.,.","S",0
"402",145,"PAK7","L","TCGA-37-5819-01","L559I","L,L,L,L,C,L,L,V,L,I,V,L,L,L,L,L,M,V,L,L,C,L,M,C,L,L,L,L,I,L","I",2
"403",145,"CHEK2","L","TCGA-NF-A5CP-01","L338R","L,L,L,L,C,L,L,V,L,I,V,L,L,L,L,L,M,V,L,L,C,L,M,C,L,L,L,L,I,L","R",0
"404",145,"MAP3K19","L","TCGA-GM-A2D9-01","L1177F","L,L,L,L,C,L,L,V,L,I,V,L,L,L,L,L,M,V,L,L,C,L,M,C,L,L,L,L,I,L","F",0
"405",145,"EPHA5","L","TCGA-CV-6954-01","L791P","L,L,L,L,C,L,L,V,L,I,V,L,L,L,L,L,M,V,L,L,C,L,M,C,L,L,L,L,I,L","P",0
"406",146,"MAP3K1","H","TCGA-AX-A063-01","H1361Q","H,K,H,H,H,Q,H,H,H,H,H,H,H,H,H,H,H,H,E,S,H,H,H,H,A,H,H,H,H,H","Q",1
"407",146,"STK11","H","TCGA-05-4417-01","H168R","H,K,H,H,H,Q,H,H,H,H,H,H,H,H,H,H,H,H,E,S,H,H,H,H,A,H,H,H,H,H","R",0
"408",146,"CHEK2","H","TCGA-FJ-A3Z7-01","H339Y","H,K,H,H,H,Q,H,H,H,H,H,H,H,H,H,H,H,H,E,S,H,H,H,H,A,H,H,H,H,H","Y",0
"409",146,"CSNK1G3","H","TCGA-AX-A060-01","H154N","H,K,H,H,H,Q,H,H,H,H,H,H,H,H,H,H,H,H,E,S,H,H,H,H,A,H,H,H,H,H","N",0
"410",147,"MAP3K19","E","TCGA-32-4213-01","E1179G","S,E,T,E,D,N,S,T,E,D,S,E,E,L,D,K,E,K,S,D,S,S,E,S,D,R,N,E,S,S","G",0
"411",147,"RIPK3","D","TCGA-05-5420-01","D133V","S,E,T,E,D,N,S,T,E,D,S,E,E,L,D,K,E,K,S,D,S,S,E,S,D,R,N,E,S,S","V",0
"412",147,"NIM1K","E","TCGA-EE-A20C-06","E189K","S,E,T,E,D,N,S,T,E,D,S,E,E,L,D,K,E,K,S,D,S,S,E,S,D,R,N,E,S,S","K",2
"413",147,"TSSK1B","D","TCGA-FW-A3R5-06","D129N","S,E,T,E,D,N,S,T,E,D,S,E,E,L,D,K,E,K,S,D,S,S,E,S,D,R,N,E,S,S","N",2
"414",147,"TSSK1B","D","TCGA-EE-A2M5-06","D129N","S,E,T,E,D,N,S,T,E,D,S,E,E,L,D,K,E,K,S,D,S,S,E,S,D,R,N,E,S,S","N",2
"415",148,"CSNK2A1","M","TCGA-18-3410-01","M150I","Q,N,E,D,L,Q,E,K,N,R,K,N,N,H,Q,N,N,M,K,M,M,D,R,Y,M,L,Q,E,F,N","I",0
"416",148,"CSNK2A1","M","TCGA-EJ-7125-01","M150I","Q,N,E,D,L,Q,E,K,N,R,K,N,N,H,Q,N,N,M,K,M,M,D,R,Y,M,L,Q,E,F,N","I",0
"417",149,"AMHR2","R","TCGA-OR-A5KP-01","R319C","G,L,L,I,D,R,K,N,C,K,N,G,Q,K,N,K,Q,G,N,G,G,H,R,S,G,G,G,R,G,N","C",1
"418",149,"EPHA7","G","TCGA-GF-A6C9-06","G753E","G,L,L,I,D,R,K,N,C,K,N,G,Q,K,N,K,Q,G,N,G,G,H,R,S,G,G,G,R,G,N","E",0
"419",149,"PAK7","G","TCGA-IB-7651-01","G563V","G,L,L,I,D,R,K,N,C,K,N,G,Q,K,N,K,Q,G,N,G,G,H,R,S,G,G,G,R,G,N","V",0
"420",149,"NEK11","R","TCGA-IB-7651-01","R153G","G,L,L,I,D,R,K,N,C,K,N,G,Q,K,N,K,Q,G,N,G,G,H,R,S,G,G,G,R,G,N","G",9
"421",150,"ACVR2A","P","TCGA-A2-A0EQ-01","P308R",".,K,P,P,.,.,.,.,.,.,.,.,.,.,P,.,.,.,.,.,.,T,.,.,.,.,.,W,.,.","R",0
"422",152,"ACVR2A","L","TCGA-FJ-A3ZF-01","L310Q",".,.,G,L,.,.,.,.,.,.,.,.,.,.,.,.,.,.,.,.,.,C,.,.,.,.,.,N,.,.","Q",0
"423",160,"ACVR2A","I","TCGA-HE-A5NJ-01","I318M","I,I,I,I,V,I,K,F,V,I,L,I,I,I,L,I,I,F,C,Y,I,I,I,I,Y,I,V,I,I,I","M",0
"424",161,"TSSK1B","V","TCGA-AA-3947-01","V133I","V,I,S,S,V,I,I,I,V,L,I,I,I,I,L,I,I,I,I,V,M,V,L,C,V,I,I,A,C,I","I",15
"425",162,"GSK3B","H","TCGA-B5-A11E-01","H179N","H,H,H,H,H,H,H,H,H,H,Y,H,H,H,H,H,H,H,H,H,H,H,H,H,H,Y,H,H,H,H","N",0
"426",162,"ACVR2A","H","TCGA-EA-A44S-01","H320Y","H,H,H,H,H,H,H,H,H,H,Y,H,H,H,H,H,H,H,H,H,H,H,H,H,H,Y,H,H,H,H","Y",2
"427",162,"FER","H","TCGA-BR-A4PE-01","H682Q","H,H,H,H,H,H,H,H,H,H,Y,H,H,H,H,H,H,H,H,H,H,H,H,H,H,Y,H,H,H,H","Q",0
"428",162,"STK11","H","TCGA-BP-4763-01","H174Y","H,H,H,H,H,H,H,H,H,H,Y,H,H,H,H,H,H,H,H,H,H,H,H,H,H,Y,H,H,H,H","Y",2
"429",162,"NEK11","H","TCGA-A7-A5ZV-01","H156P","H,H,H,H,H,H,H,H,H,H,Y,H,H,H,H,H,H,H,H,H,H,H,H,H,H,Y,H,H,H,H","P",0
"430",163,"TSSK1B","R","TCGA-46-3765-01","R135L","K,R,R,R,R,R,R,R,R,R,R,R,R,R,R,C,R,R,R,R,R,R,R,R,R,R,R,R,R,R","L",0
"431",163,"AMHR2","R","TCGA-22-5473-01","R332Q","K,R,R,R,R,R,R,R,R,R,R,R,R,R,R,C,R,R,R,R,R,R,R,R,R,R,R,R,R,R","Q",0
"432",163,"GSK3B","R","TCGA-EE-A2GR-06","R180Q","K,R,R,R,R,R,R,R,R,R,R,R,R,R,R,C,R,R,R,R,R,R,R,R,R,R,R,R,R,R","Q",0
"433",163,"CHEK2","R","TCGA-24-1562-01","R346H","K,R,R,R,R,R,R,R,R,R,R,R,R,R,R,C,R,R,R,R,R,R,R,R,R,R,R,R,R,R","H",0
"434",163,"TSSK1B","R","TCGA-HU-8602-01","R135W","K,R,R,R,R,R,R,R,R,R,R,R,R,R,R,C,R,R,R,R,R,R,R,R,R,R,R,R,R,R","W",0
"435",163,"CHEK2","R","TCGA-18-3409-01","R346G","K,R,R,R,R,R,R,R,R,R,R,R,R,R,R,C,R,R,R,R,R,R,R,R,R,R,R,R,R,R","G",0
"436",163,"PRKG2","R","TCGA-AA-A010-01","R575I","K,R,R,R,R,R,R,R,R,R,R,R,R,R,R,C,R,R,R,R,R,R,R,R,R,R,R,R,R,R","I",0
"437",163,"CHEK2","R","TCGA-BH-A0HB-01","R346C","K,R,R,R,R,R,R,R,R,R,R,R,R,R,R,C,R,R,R,R,R,R,R,R,R,R,R,R,R,R","C",1
"438",163,"GSK3B","R","TCGA-AX-A0J1-01","R180Q","K,R,R,R,R,R,R,R,R,R,R,R,R,R,R,C,R,R,R,R,R,R,R,R,R,R,R,R,R,R","Q",0
"439",163,"BRSK1","R","TCGA-CN-4735-01","R155G","K,R,R,R,R,R,R,R,R,R,R,R,R,R,R,C,R,R,R,R,R,R,R,R,R,R,R,R,R,R","G",0
"440",163,"RIPK3","R","TCGA-AA-3833-01","R141G","K,R,R,R,R,R,R,R,R,R,R,R,R,R,R,C,R,R,R,R,R,R,R,R,R,R,R,R,R,R","G",0
"441",164,"CSNK1A1","D","TCGA-BS-A0TA-01","D136Y","D,D,D,D,D,D,D,D,D,D,D,D,D,D,D,D,D,D,D,D,D,D,D,D,D,D,D,D,D,D","Y",0
"442",164,"DYRK3","D","TCGA-D1-A17Q-01","D335N","D,D,D,D,D,D,D,D,D,D,D,D,D,D,D,D,D,D,D,D,D,D,D,D,D,D,D,D,D,D","N",0
"443",164,"PAK7","D","TCGA-EE-A2GR-06","D568N","D,D,D,D,D,D,D,D,D,D,D,D,D,D,D,D,D,D,D,D,D,D,D,D,D,D,D,D,D,D","N",0
"444",164,"DYRK3","D","TCGA-IB-7651-01","D335N","D,D,D,D,D,D,D,D,D,D,D,D,D,D,D,D,D,D,D,D,D,D,D,D,D,D,D,D,D,D","N",0
"445",164,"STK11","D","TCGA-49-4507-01","D176A","D,D,D,D,D,D,D,D,D,D,D,D,D,D,D,D,D,D,D,D,D,D,D,D,D,D,D,D,D,D","A",0
"446",164,"STK11","D","TCGA-C5-A3HE-01","D176N","D,D,D,D,D,D,D,D,D,D,D,D,D,D,D,D,D,D,D,D,D,D,D,D,D,D,D,D,D,D","N",0
"447",164,"PRKG2","D","TCGA-FU-A3HZ-01","D576Y","D,D,D,D,D,D,D,D,D,D,D,D,D,D,D,D,D,D,D,D,D,D,D,D,D,D,D,D,D,D","Y",0
"448",165,"MAP3K19","I","TCGA-JW-A5VL-01","I1187M","I,I,L,I,L,M,I,I,I,I,V,L,V,L,L,L,L,I,L,L,V,L,L,L,L,L,I,L,I,I","M",1
"449",165,"MAP3K1","V","TCGA-IB-7651-01","V1370A","I,I,L,I,L,M,I,I,I,I,V,L,V,L,L,L,L,I,L,L,V,L,L,L,L,L,I,L,I,I","A",0
"450",166,"NEK11","K","TCGA-BS-A0V7-01","K160Q","K,K,N,K,K,K,K,K,K,K,K,K,K,K,K,K,K,K,A,A,K,K,K,K,A,K,K,S,K,K","Q",0
"451",166,"STK32A","K","TCGA-BR-6452-01","K148E","K,K,N,K,K,K,K,K,K,K,K,K,K,K,K,K,K,K,A,A,K,K,K,K,A,K,K,S,K,K","E",0
"452",167,"STK11","P","TCGA-EK-A2R8-01","P179Q","P,P,S,S,C,P,A,P,G,A,P,P,G,S,P,P,A,P,A,A,P,S,S,P,A,P,S,S,P,P","Q",0
"453",167,"STK11","P","TCGA-OR-A5KB-01","P179R","P,P,S,S,C,P,A,P,G,A,P,P,G,S,P,P,A,P,A,A,P,S,S,P,A,P,S,S,P,P","R",0
"454",167,"FER","A","TCGA-IB-7651-01","A687V","P,P,S,S,C,P,A,P,G,A,P,P,G,S,P,P,A,P,A,A,P,S,S,P,A,P,S,S,P,P","V",0
"455",168,"BMPR2","R","TCGA-LQ-A4E4-01","R337K","G,S,R,K,D,D,A,D,N,Q,E,E,A,P,S,E,E,D,R,R,H,S,K,E,R,E,D,Q,Q,E","K",2
"456",168,"CHEK2","E","TCGA-BS-A0UF-01","E351D","G,S,R,K,D,D,A,D,N,Q,E,E,A,P,S,E,E,D,R,R,H,S,K,E,R,E,D,Q,Q,E","D",5
"457",168,"BMPR2","R","TCGA-FU-A3HY-01","R337I","G,S,R,K,D,D,A,D,N,Q,E,E,A,P,S,E,E,D,R,R,H,S,K,E,R,E,D,Q,Q,E","I",0
"458",168,"EPHA7","R","TCGA-D3-A5GO-06","R762C","G,S,R,K,D,D,A,D,N,Q,E,E,A,P,S,E,E,D,R,R,H,S,K,E,R,E,D,Q,Q,E","C",0
"459",168,"EPHA5","R","TCGA-BA-5152-01","R804K","G,S,R,K,D,D,A,D,N,Q,E,E,A,P,S,E,E,D,R,R,H,S,K,E,R,E,D,Q,Q,E","K",2
"460",168,"DYRK3","E","TCGA-DK-A2I4-01","E339Q","G,S,R,K,D,D,A,D,N,Q,E,E,A,P,S,E,E,D,R,R,H,S,K,E,R,E,D,Q,Q,E","Q",3
"461",168,"MAP3K12","P","TCGA-18-3409-01","P240L","G,S,R,K,D,D,A,D,N,Q,E,E,A,P,S,E,E,D,R,R,H,S,K,E,R,E,D,Q,Q,E","L",0
"462",168,"CSNK1G3","E","TCGA-AG-A002-01","E166D","G,S,R,K,D,D,A,D,N,Q,E,E,A,P,S,E,E,D,R,R,H,S,K,E,R,E,D,Q,Q,E","D",5
"463",169,"NEK5","N","TCGA-BR-4368-01","N133S","N,N,N,N,N,N,N,N,N,N,N,N,N,N,N,N,N,N,N,N,N,N,N,N,N,N,S,N,N,N","S",1
"464",169,"MAP3K1","N","TCGA-A2-A04N-01","N1374S","N,N,N,N,N,N,N,N,N,N,N,N,N,N,N,N,N,N,N,N,N,N,N,N,N,N,S,N,N,N","S",1
"465",169,"BRSK1","N","TCGA-AP-A054-01","N161D","N,N,N,N,N,N,N,N,N,N,N,N,N,N,N,N,N,N,N,N,N,N,N,N,N,N,S,N,N,N","D",0
"466",169,"STK11","N","TCGA-49-4486-01","N181I","N,N,N,N,N,N,N,N,N,N,N,N,N,N,N,N,N,N,N,N,N,N,N,N,N,N,S,N,N,N","I",0
"467",169,"STK11","N","TCGA-50-5932-01","N181Y","N,N,N,N,N,N,N,N,N,N,N,N,N,N,N,N,N,N,N,N,N,N,N,N,N,N,S,N,N,N","Y",0
"468",170,"CSNK2A1","V","TCGA-A5-A0GP-01","V162A","L,I,V,V,L,I,V,F,V,I,F,V,L,M,V,I,V,I,C,I,V,I,V,L,I,L,I,V,L,I","A",0
"469",171,"CHEK2","L","TCGA-B5-A0JY-01","L354V","L,L,L,L,L,L,L,L,M,F,L,L,L,L,L,L,F,L,L,L,M,L,F,L,L,I,L,L,L,L","V",0
"470",171,"TGFBR2","L","TCGA-HU-A4HD-01","L386F","L,L,L,L,L,L,L,L,M,F,L,L,L,L,L,L,F,L,L,L,M,L,F,L,L,I,L,L,L,L","F",3
"471",172,"TSSK1B","L","TCGA-FW-A3R5-06","L144F","L,L,V,L,L,L,L,M,L,L,I,L,I,I,L,L,Y,I,V,I,I,V,L,L,V,L,L,I,L,V","F",0
"472",173,"MAP3K19","M","TCGA-OR-A5LB-01","M1195V","T,D,K,K,D,D,S,G,M,S,G,S,D,T,D,K,T,D,G,N,D,K,K,D,N,D,T,R,D,S","V",0
"473",173,"NIM1K","T","TCGA-78-7148-01","T205A","T,D,K,K,D,D,S,G,M,S,G,S,D,T,D,K,T,D,G,N,D,K,K,D,N,D,T,R,D,S","A",0
"474",173,"CSNK2A1","D","TCGA-CV-7248-01","D165H","T,D,K,K,D,D,S,G,M,S,G,S,D,T,D,K,T,D,G,N,D,K,K,D,N,D,T,R,D,S","H",0
"475",173,"NEK5","S","TCGA-E2-A15O-01","S137G","T,D,K,K,D,D,S,G,M,S,G,S,D,T,D,K,T,D,G,N,D,K,K,D,N,D,T,R,D,S","G",3
"476",174,"MAP3K19","P","TCGA-19-5958-01","P1196S","T,R,N,N,K,E,E,I,P,K,R,S,S,Y,P,H,S,R,E,S,H,N,N,E,S,A,S,E,P,Q","S",6
"477",174,"LATS1","R","TCGA-AC-A23H-01","R838G","T,R,N,N,K,E,E,I,P,K,R,S,S,Y,P,H,S,R,E,S,H,N,N,E,S,A,S,E,P,Q","G",0
"478",174,"STK32A","E","TCGA-ND-A4WC-01","E156K","T,R,N,N,K,E,E,I,P,K,R,S,S,Y,P,H,S,R,E,S,H,N,N,E,S,A,S,E,P,Q","K",2
"479",174,"AMHR2","E","TCGA-EE-A2MR-06","E343K","T,R,N,N,K,E,E,I,P,K,R,S,S,Y,P,H,S,R,E,S,H,N,N,E,S,A,S,E,P,Q","K",2
"480",175,"PAK7","D","TCGA-97-7937-01","D579N","G,S,D,N,D,H,H,G,T,N,P,Q,T,D,E,H,N,D,N,N,E,D,N,K,N,E,D,D,D,S","N",7
"481",175,"BRSK1","K","TCGA-D1-A17Q-01","K167N","G,S,D,N,D,H,H,G,T,N,P,Q,T,D,E,H,N,D,N,N,E,D,N,K,N,E,D,D,D,S","N",7
"482",177,"DYRK3","R","TCGA-AG-3726-01","R348H","T,N,T,T,N,H,E,H,I,M,N,E,Q,V,H,R,C,H,V,V,R,T,.,N,V,Y,R,S,A,I","H",4
"483",177,"DYRK3","R","TCGA-66-2758-01","R348H","T,N,T,T,N,H,E,H,I,M,N,E,Q,V,H,R,C,H,V,V,R,T,.,N,V,Y,R,S,A,I","H",4
"484",177,"BMPR2","T","TCGA-FU-A3HZ-01","T346A","T,N,T,T,N,H,E,H,I,M,N,E,Q,V,H,R,C,H,V,V,R,T,.,N,V,Y,R,S,A,I","A",1
"485",177,"DYRK3","R","TCGA-D1-A174-01","R348C","T,N,T,T,N,H,E,H,I,M,N,E,Q,V,H,R,C,H,V,V,R,T,.,N,V,Y,R,S,A,I","C",1
"486",209,"ACVR2A","A","TCGA-B8-4151-01","A336S","L,I,C,A,I,V,V,L,I,A,I,I,L,V,V,T,V,I,L,C,L,C,L,I,C,L,I,C,L,T","S",0
"487",209,"TSSK1B","I","TCGA-AC-A23H-01","I150M","L,I,C,A,I,V,V,L,I,A,I,I,L,V,V,T,V,I,L,C,L,C,L,I,C,L,I,C,L,T","M",0
"488",210,"BRSK1","R","TCGA-WW-A8ZI-01","R171H","K,K,V,C,K,H,K,F,K,K,H,K,R,K,K,K,K,K,K,K,R,C,K,R,K,K,K,A,K,K","H",2
"489",210,"PRKG2","K","TCGA-BS-A0UF-01","K591E","K,K,V,C,K,H,K,F,K,K,H,K,R,K,K,K,K,K,K,K,R,C,K,R,K,K,K,A,K,K","E",0
"490",211,"PRKG2","L","TCGA-A2-A0EU-01","L592S","I,L,I,I,L,I,L,L,L,L,I,I,I,I,L,V,V,L,I,V,L,L,I,I,V,L,L,I,L,L","S",0
"491",212,"STK11","S","TCGA-EE-A29V-06","S193F","S,C,S,A,S,T,A,I,I,G,I,T,A,S,A,I,G,T,S,S,I,C,G,A,S,V,S,G,C,C","F",0
"492",212,"FER","S","TCGA-50-5933-01","S701N","S,C,S,A,S,T,A,I,I,G,I,T,A,S,A,I,G,T,S,S,I,C,G,A,S,V,S,G,C,C","N",0
"493",212,"NEK5","G","TCGA-BS-A0UJ-01","G146W","S,C,S,A,S,T,A,I,I,G,I,T,A,S,A,I,G,T,S,S,I,C,G,A,S,V,S,G,C,C","W",0
"494",213,"STK11","D","TCGA-50-7109-01","D194Y","D,D,D,D,D,D,D,D,D,D,D,D,D,D,D,D,D,D,D,D,D,D,D,D,D,D,D,D,D,D","Y",0
"495",213,"STK11","D","TCGA-CV-6961-01","D194N","D,D,D,D,D,D,D,D,D,D,D,D,D,D,D,D,D,D,D,D,D,D,D,D,D,D,D,D,D,D","N",0
"496",213,"CSNK1G3","D","TCGA-HU-A4GQ-01","D185Y","D,D,D,D,D,D,D,D,D,D,D,D,D,D,D,D,D,D,D,D,D,D,D,D,D,D,D,D,D,D","Y",0
"497",213,"PAK7","D","TCGA-ER-A19S-06","D586N","D,D,D,D,D,D,D,D,D,D,D,D,D,D,D,D,D,D,D,D,D,D,D,D,D,D,D,D,D,D","N",0
"498",213,"DYRK3","D","TCGA-22-5472-01","D355Y","D,D,D,D,D,D,D,D,D,D,D,D,D,D,D,D,D,D,D,D,D,D,D,D,D,D,D,D,D,D","Y",0
"499",214,"STK11","L","TCGA-AP-A059-01","L195M","L,F,F,F,F,F,F,F,F,F,F,F,F,F,F,F,F,F,F,F,W,F,F,F,F,F,F,L,F,F","M",0
"500",214,"CSNK2A1","W","TCGA-CG-4305-01","W176C","L,F,F,F,F,F,F,F,F,F,F,F,F,F,F,F,F,F,F,F,W,F,F,F,F,F,F,L,F,F","C",0
"501",215,"STK11","G","TCGA-FW-A3TV-06","G196V","G,G,G,G,S,N,G,G,G,G,G,G,G,G,G,G,G,G,G,G,G,G,G,G,G,G,G,G,G,G","V",0
"502",215,"CSNK2A1","G","TCGA-D7-5579-01","G177S","G,G,G,G,S,N,G,G,G,G,G,G,G,G,G,G,G,G,G,G,G,G,G,G,G,G,G,G,G,G","S",1
"503",215,"EPHA5","G","TCGA-76-6656-01","G820V","G,G,G,G,S,N,G,G,G,G,G,G,G,G,G,G,G,G,G,G,G,G,G,G,G,G,G,G,G,G","V",0
"504",215,"AMHR2","G","TCGA-27-2524-01","G353D","G,G,G,G,S,N,G,G,G,G,G,G,G,G,G,G,G,G,G,G,G,G,G,G,G,G,G,G,G,G","D",0
"505",216,"PAK7","F","TCGA-CC-A7IH-01","F589S","V,I,L,L,F,I,V,L,C,I,L,H,A,T,L,S,F,L,M,L,L,L,V,M,L,F,F,L,S,F","S",2
"506",216,"MAP3K19","C","TCGA-F9-A4JJ-01","C1207S","V,I,L,L,F,I,V,L,C,I,L,H,A,T,L,S,F,L,M,L,L,L,V,M,L,F,F,L,S,F","S",2
"507",216,"CSNK1G3","L","TCGA-CG-5721-01","L188S","V,I,L,L,F,I,V,L,C,I,L,H,A,T,L,S,F,L,M,L,L,L,V,M,L,F,F,L,S,F","S",2
"508",217,"MAP2K4","S","TCGA-A2-A1G4-01","S251I","A,S,S,A,S,A,A,A,A,A,A,S,A,S,S,S,S,C,S,S,A,S,S,A,S,A,C,A,A,A","I",0
"509",217,"MAP2K4","S","TCGA-BH-A204-01","S251I","A,S,S,A,S,A,A,A,A,A,A,S,A,S,S,S,S,C,S,S,A,S,S,A,S,A,C,A,A,A","I",0
"510",217,"NIM1K","S","TCGA-BQ-5892-01","S218G","A,S,S,A,S,A,A,A,A,A,A,S,A,S,S,S,S,C,S,S,A,S,S,A,S,A,C,A,A,A","G",0
"511",218,"CHEK2","K","TCGA-NG-A4VU-01","K373E","E,G,M,L,K,A,G,K,R,R,K,K,A,K,T,C,T,T,R,R,E,L,R,S,R,K,A,L,K,R","E",2
"512",218,"CHEK2","K","TCGA-2A-A8VO-01","K373E","E,G,M,L,K,A,G,K,R,R,K,K,A,K,T,C,T,T,R,R,E,L,R,S,R,K,A,L,K,R","E",2
"513",218,"CHEK2","K","TCGA-W2-A7UY-01","K373E","E,G,M,L,K,A,G,K,R,R,K,K,A,K,T,C,T,T,R,R,E,L,R,S,R,K,A,L,K,R","E",2
"514",218,"CHEK2","K","TCGA-V1-A8WN-01","K373E","E,G,M,L,K,A,G,K,R,R,K,K,A,K,T,C,T,T,R,R,E,L,R,S,R,K,A,L,K,R","E",2
"515",218,"CHEK2","K","TCGA-B2-4102-01","K373E","E,G,M,L,K,A,G,K,R,R,K,K,A,K,T,C,T,T,R,R,E,L,R,S,R,K,A,L,K,R","E",2
"516",218,"CHEK2","K","TCGA-M7-A720-01","K373E","E,G,M,L,K,A,G,K,R,R,K,K,A,K,T,C,T,T,R,R,E,L,R,S,R,K,A,L,K,R","E",2
"517",218,"CHEK2","K","TCGA-KN-8436-01","K373E","E,G,M,L,K,A,G,K,R,R,K,K,A,K,T,C,T,T,R,R,E,L,R,S,R,K,A,L,K,R","E",2
"518",218,"CHEK2","K","TCGA-ZG-A8QW-01","K373E","E,G,M,L,K,A,G,K,R,R,K,K,A,K,T,C,T,T,R,R,E,L,R,S,R,K,A,L,K,R","E",2
"519",218,"CHEK2","K","TCGA-CN-5370-01","K373E","E,G,M,L,K,A,G,K,R,R,K,K,A,K,T,C,T,T,R,R,E,L,R,S,R,K,A,L,K,R","E",2
"520",218,"CHEK2","K","TCGA-QR-A70A-01","K373E","E,G,M,L,K,A,G,K,R,R,K,K,A,K,T,C,T,T,R,R,E,L,R,S,R,K,A,L,K,R","E",2
"521",218,"CHEK2","K","TCGA-WB-A80K-01","K373E","E,G,M,L,K,A,G,K,R,R,K,K,A,K,T,C,T,T,R,R,E,L,R,S,R,K,A,L,K,R","E",2
"522",218,"CHEK2","K","TCGA-32-1986-01","K373E","E,G,M,L,K,A,G,K,R,R,K,K,A,K,T,C,T,T,R,R,E,L,R,S,R,K,A,L,K,R","E",2
"523",218,"CHEK2","K","TCGA-CJ-4637-01","K373E","E,G,M,L,K,A,G,K,R,R,K,K,A,K,T,C,T,T,R,R,E,L,R,S,R,K,A,L,K,R","E",2
"524",218,"CHEK2","K","TCGA-EB-A5SF-01","K373E","E,G,M,L,K,A,G,K,R,R,K,K,A,K,T,C,T,T,R,R,E,L,R,S,R,K,A,L,K,R","E",2
"525",218,"CHEK2","K","TCGA-VD-A8KI-01","K373E","E,G,M,L,K,A,G,K,R,R,K,K,A,K,T,C,T,T,R,R,E,L,R,S,R,K,A,L,K,R","E",2
"526",218,"CHEK2","K","TCGA-WB-A80Q-01","K373E","E,G,M,L,K,A,G,K,R,R,K,K,A,K,T,C,T,T,R,R,E,L,R,S,R,K,A,L,K,R","E",2
"527",218,"CHEK2","K","TCGA-OR-A5JT-01","K373E","E,G,M,L,K,A,G,K,R,R,K,K,A,K,T,C,T,T,R,R,E,L,R,S,R,K,A,L,K,R","E",2
"528",218,"CHEK2","K","TCGA-VP-A87H-01","K373E","E,G,M,L,K,A,G,K,R,R,K,K,A,K,T,C,T,T,R,R,E,L,R,S,R,K,A,L,K,R","E",2
"529",218,"CHEK2","K","TCGA-QR-A6H4-01","K373E","E,G,M,L,K,A,G,K,R,R,K,K,A,K,T,C,T,T,R,R,E,L,R,S,R,K,A,L,K,R","E",2
"530",218,"CHEK2","K","TCGA-XQ-A8TA-01","K373E","E,G,M,L,K,A,G,K,R,R,K,K,A,K,T,C,T,T,R,R,E,L,R,S,R,K,A,L,K,R","E",2
"531",218,"MAP3K1","A","TCGA-44-2662-01","A1393G","E,G,M,L,K,A,G,K,R,R,K,K,A,K,T,C,T,T,R,R,E,L,R,S,R,K,A,L,K,R","G",2
"532",218,"CHEK2","K","TCGA-GC-A3BM-01","K373E","E,G,M,L,K,A,G,K,R,R,K,K,A,K,T,C,T,T,R,R,E,L,R,S,R,K,A,L,K,R","E",2
"533",218,"CHEK2","K","TCGA-QR-A6GU-01","K373E","E,G,M,L,K,A,G,K,R,R,K,K,A,K,T,C,T,T,R,R,E,L,R,S,R,K,A,L,K,R","E",2
"534",218,"CHEK2","K","TCGA-OR-A5JM-01","K373E","E,G,M,L,K,A,G,K,R,R,K,K,A,K,T,C,T,T,R,R,E,L,R,S,R,K,A,L,K,R","E",2
"535",218,"CHEK2","K","TCGA-VD-AA8Q-01","K373E","E,G,M,L,K,A,G,K,R,R,K,K,A,K,T,C,T,T,R,R,E,L,R,S,R,K,A,L,K,R","E",2
"536",218,"CHEK2","K","TCGA-EJ-7786-01","K373E","E,G,M,L,K,A,G,K,R,R,K,K,A,K,T,C,T,T,R,R,E,L,R,S,R,K,A,L,K,R","E",2
"537",218,"CHEK2","K","TCGA-14-1450-01","K373E","E,G,M,L,K,A,G,K,R,R,K,K,A,K,T,C,T,T,R,R,E,L,R,S,R,K,A,L,K,R","E",2
"538",218,"BMPR2","M","TCGA-CV-6961-01","M356I","E,G,M,L,K,A,G,K,R,R,K,K,A,K,T,C,T,T,R,R,E,L,R,S,R,K,A,L,K,R","I",0
"539",218,"CHEK2","K","TCGA-VD-A8KE-01","K373E","E,G,M,L,K,A,G,K,R,R,K,K,A,K,T,C,T,T,R,R,E,L,R,S,R,K,A,L,K,R","E",2
"540",218,"CHEK2","K","TCGA-EJ-7325-01","K373E","E,G,M,L,K,A,G,K,R,R,K,K,A,K,T,C,T,T,R,R,E,L,R,S,R,K,A,L,K,R","E",2
"541",218,"CHEK2","K","TCGA-WC-A884-01","K373E","E,G,M,L,K,A,G,K,R,R,K,K,A,K,T,C,T,T,R,R,E,L,R,S,R,K,A,L,K,R","E",2
"542",218,"EPHA5","R","TCGA-BR-8296-01","R823W","E,G,M,L,K,A,G,K,R,R,K,K,A,K,T,C,T,T,R,R,E,L,R,S,R,K,A,L,K,R","W",0
"543",218,"CHEK2","K","TCGA-CR-6477-01","K373E","E,G,M,L,K,A,G,K,R,R,K,K,A,K,T,C,T,T,R,R,E,L,R,S,R,K,A,L,K,R","E",2
"544",218,"CHEK2","K","TCGA-G9-6362-01","K373E","E,G,M,L,K,A,G,K,R,R,K,K,A,K,T,C,T,T,R,R,E,L,R,S,R,K,A,L,K,R","E",2
"545",218,"CHEK2","K","TCGA-EJ-A65B-01","K373E","E,G,M,L,K,A,G,K,R,R,K,K,A,K,T,C,T,T,R,R,E,L,R,S,R,K,A,L,K,R","E",2
"546",218,"CHEK2","K","TCGA-J9-A8CM-01","K373E","E,G,M,L,K,A,G,K,R,R,K,K,A,K,T,C,T,T,R,R,E,L,R,S,R,K,A,L,K,R","E",2
"547",218,"CHEK2","K","TCGA-P8-A6RY-01","K373E","E,G,M,L,K,A,G,K,R,R,K,K,A,K,T,C,T,T,R,R,E,L,R,S,R,K,A,L,K,R","E",2
"548",218,"CHEK2","K","TCGA-KK-A8IJ-01","K373E","E,G,M,L,K,A,G,K,R,R,K,K,A,K,T,C,T,T,R,R,E,L,R,S,R,K,A,L,K,R","E",2
"549",218,"CHEK2","K","TCGA-FW-A5DY-06","K373E","E,G,M,L,K,A,G,K,R,R,K,K,A,K,T,C,T,T,R,R,E,L,R,S,R,K,A,L,K,R","E",2
"550",218,"MAP2K4","G","TCGA-AA-3966-01","G252R","E,G,M,L,K,A,G,K,R,R,K,K,A,K,T,C,T,T,R,R,E,L,R,S,R,K,A,L,K,R","R",7
"551",218,"CHEK2","K","TCGA-44-2656-01","K373E","E,G,M,L,K,A,G,K,R,R,K,K,A,K,T,C,T,T,R,R,E,L,R,S,R,K,A,L,K,R","E",2
"552",218,"FER","R","TCGA-G2-A2EJ-01","R707H","E,G,M,L,K,A,G,K,R,R,K,K,A,K,T,C,T,T,R,R,E,L,R,S,R,K,A,L,K,R","H",0
"553",218,"CHEK2","K","TCGA-EB-A41B-01","K373E","E,G,M,L,K,A,G,K,R,R,K,K,A,K,T,C,T,T,R,R,E,L,R,S,R,K,A,L,K,R","E",2
"554",218,"CHEK2","K","TCGA-B0-5692-01","K373E","E,G,M,L,K,A,G,K,R,R,K,K,A,K,T,C,T,T,R,R,E,L,R,S,R,K,A,L,K,R","E",2
"555",218,"CHEK2","K","TCGA-KK-A8ID-01","K373E","E,G,M,L,K,A,G,K,R,R,K,K,A,K,T,C,T,T,R,R,E,L,R,S,R,K,A,L,K,R","E",2
"556",218,"CHEK2","K","TCGA-41-2571-01","K373E","E,G,M,L,K,A,G,K,R,R,K,K,A,K,T,C,T,T,R,R,E,L,R,S,R,K,A,L,K,R","E",2
"557",218,"CHEK2","K","TCGA-G9-6364-01","K373E","E,G,M,L,K,A,G,K,R,R,K,K,A,K,T,C,T,T,R,R,E,L,R,S,R,K,A,L,K,R","E",2
"558",218,"CHEK2","K","TCGA-V4-A9EM-01","K373E","E,G,M,L,K,A,G,K,R,R,K,K,A,K,T,C,T,T,R,R,E,L,R,S,R,K,A,L,K,R","E",2
"559",218,"CHEK2","K","TCGA-95-7947-01","K373E","E,G,M,L,K,A,G,K,R,R,K,K,A,K,T,C,T,T,R,R,E,L,R,S,R,K,A,L,K,R","E",2
"560",218,"CHEK2","K","TCGA-N8-A4PL-01","K373E","E,G,M,L,K,A,G,K,R,R,K,K,A,K,T,C,T,T,R,R,E,L,R,S,R,K,A,L,K,R","E",2
"561",218,"CHEK2","K","TCGA-HC-7750-01","K373E","E,G,M,L,K,A,G,K,R,R,K,K,A,K,T,C,T,T,R,R,E,L,R,S,R,K,A,L,K,R","E",2
"562",218,"CHEK2","K","TCGA-ER-A19T-01","K373E","E,G,M,L,K,A,G,K,R,R,K,K,A,K,T,C,T,T,R,R,E,L,R,S,R,K,A,L,K,R","E",2
"563",218,"CHEK2","K","TCGA-WB-A81H-01","K373E","E,G,M,L,K,A,G,K,R,R,K,K,A,K,T,C,T,T,R,R,E,L,R,S,R,K,A,L,K,R","E",2
"564",219,"DYRK3","F","TCGA-CN-5356-01","F361V","A,Q,R,K,R,M,Q,K,R,V,E,I,R,E,F,F,V,G,Q,V,F,R,L,L,V,K,Q,V,Q,T","V",5
"565",219,"ACVR2A","K","TCGA-AA-3984-01","K346T","A,Q,R,K,R,M,Q,K,R,V,E,I,R,E,F,F,V,G,Q,V,F,R,L,L,V,K,Q,V,Q,T","T",1
"566",219,"BRSK1","L","TCGA-CH-5739-01","L180M","A,Q,R,K,R,M,Q,K,R,V,E,I,R,E,F,F,V,G,Q,V,F,R,L,L,V,K,Q,V,Q,T","M",1
"567",219,"PAK7","Q","TCGA-FS-A4FD-06","Q592P","A,Q,R,K,R,M,Q,K,R,V,E,I,R,E,F,F,V,G,Q,V,F,R,L,L,V,K,Q,V,Q,T","P",0
"568",219,"TSSK1B","R","TCGA-AP-A0LG-01","R160C","A,Q,R,K,R,M,Q,K,R,V,E,I,R,E,F,F,V,G,Q,V,F,R,L,L,V,K,Q,V,Q,T","C",0
"569",220,"DYRK3","E","TCGA-AA-A00N-01","E362K","L,L,L,F,C,L,L,Y,L,L,Y,L,L,L,Q,E,S,F,.,L,Y,L,L,Q,I,I,V,L,L,L","K",0
"570",221,"LATS1","R","TCGA-22-4604-01","R854K","H,V,T,E,L,P,T,R,A,N,I,.,A,S,.,Y,K,R,.,.,H,D,M,V,.,.,S,P,V,A","K",1
"571",221,"ACVR2A","E","TCGA-64-1680-01","E348G","H,V,T,E,L,P,T,R,A,N,I,.,A,S,.,Y,K,R,.,.,H,D,M,V,.,.,S,P,V,A","G",0
"572",223,"MAP2K4","S","TCGA-AR-A1AS-01","S257F","F,S,.,.,.,.,.,N,A,S,P,.,K,K,.,K,.,T,.,.,.,T,.,.,.,.,.,.,.,P","F",1
"573",223,"MAP2K4","S","TCGA-D3-A2JH-06","S257F","F,S,.,.,.,.,.,N,A,S,P,.,K,K,.,K,.,T,.,.,.,T,.,.,.,.,.,.,.,P","F",1
"574",224,"RIPK3","G","TCGA-EB-A431-01","G168R","A,I,G,G,.,.,.,R,G,M,E,G,G,S,G,L,G,H,.,.,G,L,G,G,.,G,.,G,G,G","R",1
"575",225,"CHEK2","E","TCGA-FJ-A3Z7-01","E377K",".,A,N,K,.,.,.,T,L,.,T,E,T,T,G,Y,.,D,.,.,Q,S,S,D,.,S,.,L,E,D","K",1
"576",227,"CHEK2","S","TCGA-D8-A1J8-01","S379F",".,.,L,A,.,.,.,Q,G,.,K,S,A,M,Q,.,.,K,.,.,Y,.,D,L,.,Q,.,Q,N,Y","F",0
"577",227,"ACVR2A","A","TCGA-A4-8310-01","A353T",".,.,L,A,.,.,.,Q,G,.,K,S,A,M,Q,.,.,K,.,.,Y,.,D,L,.,Q,.,Q,N,Y","T",0
"578",230,"LATS1","Q","TCGA-CF-A3MG-01","Q863E",".,.,P,.,.,.,.,P,.,.,P,R,.,.,T,.,.,Q,.,.,.,.,T,.,.,W,.,A,.,.","E",0
"579",231,"BMPR2","G","TCGA-AA-3516-01","G367R",".,.,G,.,.,.,.,Y,.,.,Y,.,.,.,G,.,.,S,.,.,.,.,.,.,.,.,.,W,.,.","R",0
"580",233,"FER","E","TCGA-AR-A256-01","E709G","A,.,E,.,R,E,D,E,S,E,E,.,E,.,.,.,E,D,E,E,.,V,.,.,E,.,E,P,.,.","G",0
"581",233,"TSSK1B","R","TCGA-P5-A5F0-01","R163W","A,.,E,.,R,E,D,E,S,E,E,.,E,.,.,.,E,D,E,E,.,V,.,.,E,.,E,P,.,.","W",0
"582",236,"NEK5","R","TCGA-AP-A059-01","R162Q","T,.,N,.,S,I,I,.,L,R,.,.,G,.,.,.,N,R,.,P,.,L,.,.,P,.,K,P,.,.","Q",0
"583",238,"LATS1","D","TCGA-BS-A0UV-01","D871Y","R,.,.,.,R,.,R,.,.,.,.,.,.,.,.,.,.,D,.,.,.,N,.,.,.,.,K,G,.,.","Y",0
"584",240,"BMPR2","A","TCGA-AP-A059-01","A372T",".,.,A,.,A,.,.,.,.,.,.,.,.,.,.,.,.,M,G,A,.,.,.,.,A,.,.,A,.,.","T",0
"585",276,"GSK3B","S","TCGA-GF-A6C9-06","S215L","T,T,S,T,T,T,T,N,S,T,S,T,Q,S,S,T,T,S,S,T,V,S,T,T,T,T,S,M,S,T","L",0
"586",276,"GSK3B","S","TCGA-BR-8680-01","S215L","T,T,S,T,T,T,T,N,S,T,S,T,Q,S,S,T,T,S,S,T,V,S,T,T,T,T,S,M,S,T","L",0
"587",277,"CSNK2A1","R","TCGA-21-1078-01","R191Q","S,R,E,H,F,M,F,L,M,C,L,L,L,F,G,Y,F,L,S,T,R,G,L,S,T,F,L,E,Y,D","Q",0
"588",280,"PRKG2","C","TCGA-F1-6177-01","C611Y","Q,A,V,V,C,A,V,T,H,I,T,C,L,A,G,I,C,V,S,R,V,V,T,C,T,C,V,A,I,V","Y",0
"589",280,"DYRK3","I","TCGA-AO-A128-01","I370T","Q,A,V,V,C,A,V,T,H,I,T,C,L,A,G,I,C,V,S,R,V,V,T,C,T,C,V,A,I,V","T",4
"590",280,"PAK7","V","TCGA-A4-A57E-01","V604F","Q,A,V,V,C,A,V,T,H,I,T,C,L,A,G,I,C,V,S,R,V,V,T,C,T,C,V,A,I,V","F",0
"591",281,"EPHA7","G","TCGA-GF-A6C9-06","G795S","G,G,G,G,G,G,G,G,G,G,G,G,G,G,G,Q,G,G,G,G,A,G,G,G,G,G,G,G,C,A","S",0
"592",281,"EPHA7","G","TCGA-05-4424-01","G795V","G,G,G,G,G,G,G,G,G,G,G,G,G,G,G,Q,G,G,G,G,A,G,G,G,G,G,G,G,C,A","V",0
"593",281,"BRSK1","G","TCGA-21-5786-01","G192A","G,G,G,G,G,G,G,G,G,G,G,G,G,G,G,Q,G,G,G,G,A,G,G,G,G,G,G,G,C,A","A",2
"594",281,"MAP2K4","G","TCGA-69-7765-01","G265C","G,G,G,G,G,G,G,G,G,G,G,G,G,G,G,Q,G,G,G,G,A,G,G,G,G,G,G,G,C,A","C",1
"595",282,"STK11","S","TCGA-55-1596-01","S216F","S,C,T,T,S,T,T,T,T,T,T,T,T,T,T,S,S,T,L,G,S,T,T,S,G,T,T,T,S,T","F",0
"596",282,"STK24","T","TCGA-KK-A6E1-01","T182K","S,C,T,T,S,T,T,T,T,T,T,T,T,T,T,S,S,T,L,G,S,T,T,S,G,T,T,T,S,T","K",0
"597",282,"DYRK3","S","TCGA-05-4382-01","S372C","S,C,T,T,S,T,T,T,T,T,T,T,T,T,T,S,S,T,L,G,S,T,T,S,G,T,T,T,S,T","C",1
"598",282,"TSSK1B","S","TCGA-DK-A1AB-01","S178L","S,C,T,T,S,T,T,T,T,T,T,T,T,T,T,S,S,T,L,G,S,T,T,S,G,T,T,T,S,T","L",1
"599",283,"NEK5","P","TCGA-66-2759-01","P168S","P,R,I,R,P,K,P,A,P,P,A,P,I,V,L,.,P,P,K,K,.,A,P,P,K,P,P,Q,R,R","S",0
"600",283,"PAK7","P","TCGA-GF-A6C9-06","P607S","P,R,I,R,P,K,P,A,P,P,A,P,I,V,L,.,P,P,K,K,.,A,P,P,K,P,P,Q,R,R","S",0
"601",283,"NIM1K","P","TCGA-EE-A3J7-06","P234L","P,R,I,R,P,K,P,A,P,P,A,P,I,V,L,.,P,P,K,K,.,A,P,P,K,P,P,Q,R,R","L",1
"602",287,"EPHA5","I","TCGA-60-2698-01","I842M",".,.,.,.,.,.,.,.,.,.,.,.,.,.,.,.,.,.,I,I,.,.,.,.,V,.,.,.,.,.","M",0
"603",288,"CSNK2A1","R","TCGA-CG-5721-01","R195Q","A,P,R,R,A,P,F,R,Y,Y,R,T,A,A,G,R,P,N,K,R,R,R,H,H,R,E,Y,R,Y,W","Q",0
"604",288,"TSSK1B","A","TCGA-AA-A00Z-01","A180V","A,P,R,R,A,P,F,R,Y,Y,R,T,A,A,G,R,P,N,K,R,R,R,H,H,R,E,Y,R,Y,W","V",0
"605",289,"MAP3K19","W","TCGA-BS-A0UF-01","W1233L","F,Y,Y,Y,Y,Y,W,Y,W,Y,Y,Y,F,W,Y,F,Y,Y,W,W,Y,Y,Y,Y,W,Y,W,Y,Y,Y","L",0
"606",289,"EPHA5","W","TCGA-33-6737-01","W844L","F,Y,Y,Y,Y,Y,W,Y,W,Y,Y,Y,F,W,Y,F,Y,Y,W,W,Y,Y,Y,Y,W,Y,W,Y,Y,Y","L",0
"607",289,"EPHA5","W","TCGA-64-1679-01","W844L","F,Y,Y,Y,Y,Y,W,Y,W,Y,Y,Y,F,W,Y,F,Y,Y,W,W,Y,Y,Y,Y,W,Y,W,Y,Y,Y","L",0
"608",291,"CHEK2","L","TCGA-DJ-A1QG-01","L391F","Q,M,M,M,A,M,M,A,M,L,M,L,M,M,L,R,A,I,T,T,K,M,M,A,T,V,M,M,R,R","F",0
"609",291,"ACVR2A","M","TCGA-HP-A5N0-01","M366V","Q,M,M,M,A,M,M,A,M,L,M,L,M,M,L,R,A,I,T,T,K,M,M,A,T,V,M,M,R,R","V",1
"610",292,"NEK5","S","TCGA-CN-6019-01","S172Y","P,A,A,A,A,A,A,S,A,S,S,A,A,A,A,A,A,A,A,A,G,A,S,C,A,A,A,A,A,A","Y",0
"611",292,"STK11","P","TCGA-HE-A5NJ-01","P221S","P,A,A,A,A,A,A,S,A,S,S,A,A,A,A,A,A,A,A,A,G,A,S,C,A,A,A,A,A,A","S",4
"612",292,"CHEK2","A","TCGA-50-6673-01","A392V","P,A,A,A,A,A,A,S,A,S,S,A,A,A,A,A,A,A,A,A,G,A,S,C,A,A,A,A,A,A","V",0
"613",292,"EPHA7","A","TCGA-FW-A3R5-06","A804T","P,A,A,A,A,A,A,S,A,S,S,A,A,A,A,A,A,A,A,A,G,A,S,C,A,A,A,A,A,A","T",0
"614",292,"MAP2K4","A","TCGA-AP-A051-01","A271T","P,A,A,A,A,A,A,S,A,S,S,A,A,A,A,A,A,A,A,A,G,A,S,C,A,A,A,A,A,A","T",0
"615",293,"FER","P","TCGA-IB-7651-01","P729L","P,P,P,P,P,P,P,I,P,P,I,P,P,P,P,P,P,P,P,P,P,P,P,P,P,P,P,P,P,P","L",0
"616",293,"ACVR2A","P","TCGA-CG-5720-01","P368S","P,P,P,P,P,P,P,I,P,P,I,P,P,P,P,P,P,P,P,P,P,P,P,P,P,P,P,P,P,P","S",0
"617",293,"MAP2K4","P","TCGA-BR-4362-01","P272S","P,P,P,P,P,P,P,I,P,P,I,P,P,P,P,P,P,P,P,P,P,P,P,P,P,P,P,P,P,P","S",0
"618",293,"CSNK2A1","P","TCGA-B5-A11E-01","P200L","P,P,P,P,P,P,P,I,P,P,I,P,P,P,P,P,P,P,P,P,P,P,P,P,P,P,P,P,P,P","L",0
"619",293,"CSNK2A1","P","TCGA-AP-A051-01","P200H","P,P,P,P,P,P,P,I,P,P,I,P,P,P,P,P,P,P,P,P,P,P,P,P,P,P,P,P,P,P","H",0
"620",294,"FER","E","TCGA-FD-A3B3-01","E730K","E,E,E,E,E,E,E,N,E,E,N,E,E,E,E,E,E,E,E,E,E,E,E,E,E,E,E,E,E,E","K",0
"621",294,"DYRK3","E","TCGA-DK-A2I4-01","E379Q","E,E,E,E,E,E,E,N,E,E,N,E,E,E,E,E,E,E,E,E,E,E,E,E,E,E,E,E,E,E","Q",0
"622",294,"MAP2K4","E","TCGA-A8-A093-01","E273K","E,E,E,E,E,E,E,N,E,E,N,E,E,E,E,E,E,E,E,E,E,E,E,E,E,E,E,E,E,E","K",0
"623",294,"PAK7","E","TCGA-DD-A113-01","E613V","E,E,E,E,E,E,E,N,E,E,N,E,E,E,E,E,E,E,E,E,E,E,E,E,E,E,E,E,E,E","V",0
"624",294,"LATS1","E","TCGA-DD-A3A0-01","E920G","E,E,E,E,E,E,E,N,E,E,N,E,E,E,E,E,E,E,E,E,E,E,E,E,E,E,E,E,E,E","G",0
"625",294,"BMPR2","E","TCGA-28-1747-01","E386G","E,E,E,E,E,E,E,N,E,E,N,E,E,E,E,E,E,E,E,E,E,E,E,E,E,E,E,E,E,E","G",0
"626",294,"TSSK1B","E","TCGA-D1-A103-01","E185G","E,E,E,E,E,E,E,N,E,E,N,E,E,E,E,E,E,E,E,E,E,E,E,E,E,E,E,E,E,E","G",0
