"","Align_Loc","Gene","Ref","case_id","amino_acid_change","merge","Var","Present","pastedref","DUP"
"2",3,"GSK3B","G","KM12_LARGE_INTESTINE","p.G65E","G,G,G,G,G,G,G,G,G,G,G,G,G,G,G,G,G,G,G,G,G,G,G,G,G,G,G,G,G,G","E",0,"3_GSK3B",TRUE
"3",4,"FER","N","FU97_STOMACH","p.N573Y","S,A,R,R,S,S,S,S,A,A,N,A,A,A,G,S,N,A,N,E,K,R,S,Q,E,G,S,G,S,S","Y",0,"4_FER",TRUE
"7",11,"PAK7","A","RKO_LARGE_INTESTINE","p.A466T","V,M,G,A,A,V,G,A,G,A,G,A,A,G,A,V,G,A,G,G,A,A,V,G,G,V,A,G,A,C","T",0,"11_PAK7",TRUE
"11",15,"CSNK1G3","Y","SW620_LARGE_INTESTINE","p.Y64F","E,P,E,N,R,D,R,T,.,S,Y,K,G,G,K,K,L,D,D,L,T,Q,.,I,L,N,H,G,D,N","F",0,"15_CSNK1G3",TRUE
"13",16,"NEK11","K","HS618T_LUNG","p.K50R","T,S,.,.,L,T,T,N,Q,D,T,T,T,.,W,L,T,T,K,P,N,N,K,T,P,E,T,.,S,T","R",0,"16_NEK11",TRUE
"14",17,"EPHA7","G","P31FUJ_HAEMATOPOIETIC_AND_LYMPHOID_TISSUE","p.G656V","L,G,.,.,K,K,Q,G,G,S,N,C,G,.,G,R,K,K,.,G,N,T,A,G,G,N,G,.,G,G","V",0,"17_EPHA7",TRUE
"15",22,"STK32A","K","639V_URINARY_TRACT","p.K47N","C,Q,R,E,F,K,K,E,Q,K,E,K,T,E,Y,Q,E,A,T,L,E,E,E,Q,V,V,K,K,E,Q","N",0,"22_STK32A",TRUE
"16",22,"NEK11","E","GI1_CENTRAL_NERVOUS_SYSTEM","p.E56G","C,Q,R,E,F,K,K,E,Q,K,E,K,T,E,Y,Q,E,A,T,L,E,E,E,Q,V,V,K,K,E,Q","G",0,"22_NEK11",TRUE
"19",25,"RIPK3","A","KYSE150_OESOPHAGUS","p.A48T","A,A,A,A,A,A,A,A,A,V,A,A,A,A,A,A,A,A,A,A,V,A,V,A,A,A,A,A,A,A","T",0,"25_RIPK3",TRUE
"25",32,"TSSK1B","K","LS180_LARGE_INTESTINE","p.K46N","K,T,A,Q,K,Q,E,.,D,E,.,R,V,.,.,E,T,.,D,G,V,E,G,E,G,K,R,R,D,R","N",0,"32_TSSK1B",TRUE
"26",34,"GSK3B","R","JHUEM7_ENDOMETRIUM","p.R92I","L,.,R,K,A,C,A,A,S,M,S,F,N,.,.,R,L,K,P,T,K,Y,L,L,T,H,Q,V,R,E","I",0,"34_GSK3B",TRUE
"27",35,"CDKL3","Q","BCP1_HAEMATOPOIETIC_AND_LYMPHOID_TISSUE","p.Q41H","R,.,Q,Q,P,V,E,R,N,P,R,A,T,.,.,F,D,D,Q,E,K,A,N,S,E,I,Q,A,.,Q","H",0,"35_CDKL3",TRUE
"33",50,"CSNK1A1","Y","SUDHL5_HAEMATOPOIETIC_AND_LYMPHOID_TISSUE","p.Y59D","K,K,N,Y,R,K,Q,Y,E,K,L,T,V,K,R,E,R,A,Q,G,R,T,L,R,C,S,N,A,R,R","D",0,"50_CSNK1A1",TRUE
"34",51,"BMPR2","E","HEC108_ENDOMETRIUM","p.E243K","E,E,E,E,E,E,E,E,E,E,E,E,E,E,E,E,E,E,E,E,E,E,E,E,E,E,E,E,E,E","K",0,"51_BMPR2",TRUE
"35",51,"PAK7","E","RI1_HAEMATOPOIETIC_AND_LYMPHOID_TISSUE","p.E494G","E,E,E,E,E,E,E,E,E,E,E,E,E,E,E,E,E,E,E,E,E,E,E,E,E,E,E,E,E,E","G",0,"51_PAK7",TRUE
"37",58,"PAK7","M","HEC108_ENDOMETRIUM","p.M498I","L,L,Y,L,L,M,L,L,L,L,L,L,R,K,M,L,M,L,L,M,L,F,L,L,M,L,M,L,M,L","I",0,"58_PAK7",TRUE
"39",59,"EPHA7","G","KM12_LARGE_INTESTINE","p.G687V","R,M,R,P,A,Q,S,Q,K,E,G,K,M,H,A,E,E,A,K,G,E,S,S,K,G,E,R,P,R,K","V",0,"59_EPHA7",TRUE
"42",65,"CDKL3","H","EM2_HAEMATOPOIETIC_AND_LYMPHOID_TISSUE","p.H59Q","H,V,H,H,H,H,S,I,H,H,I,H,H,H,N,K,H,N,H,H,G,H,H,H,H,S,H,H,H,H","Q",0,"65_CDKL3",TRUE
"43",66,"STK32A","P","SKCO1_LARGE_INTESTINE","p.P81R","K,V,D,E,C,P,P,P,V,P,P,P,P,P,E,Q,P,E,P,P,P,E,P,P,P,P,D,D,C,E","R",0,"66_STK32A",TRUE
"45",68,"MAP3K19","I","HSC3_UPPER_AERODIGESTIVE_TRACT","p.I1123T","V,R,I,I,I,L,V,I,I,I,V,I,I,I,V,K,I,V,I,I,I,I,I,V,V,I,V,I,I,L","T",0,"68_MAP3K19",TRUE
"48",69,"CSNK1A1","R","JHUEM7_ENDOMETRIUM","p.R77Q","I,S,A,L,I,V,T,R,V,V,Y,I,I,I,L,T,I,V,V,I,I,L,V,L,V,V,V,V,V,V","Q",0,"69_CSNK1A1",TRUE
"49",69,"FER","V","KYSE140_OESOPHAGUS","p.V621F","I,S,A,L,I,V,T,R,V,V,Y,I,I,I,L,T,I,V,V,I,I,L,V,L,V,V,V,V,V,V","F",0,"69_FER",TRUE
"50",70,"BMPR2","R","NCIH2030_LUNG","p.R259L","Q,S,R,Q,K,N,K,W,A,A,Y,K,R,T,R,G,R,R,K,H,T,Q,K,K,H,K,D,R,R,N","L",0,"70_BMPR2",TRUE
"54",73,"PRKG2","R","SKNDZ_AUTONOMIC_GANGLIA","p.R518C","D,P,V,G,E,Y,G,Q,G,N,P,N,G,G,G,N,E,Y,G,G,D,T,A,D,G,R,S,T,Y,E","C",0,"73_PRKG2",TRUE
"58",81,"AMHR2","R","TE617T_SOFT_TISSUE","p.R270H","Q,A,D,V,K,M,L,.,.,L,.,.,.,.,D,F,L,L,V,.,R,L,.,L,.,.,L,R,K,I","H",0,"81_AMHR2",TRUE
"59",83,"BMPR2","R","SNU175_LARGE_INTESTINE","p.R272C","M,F,R,V,.,.,.,.,.,.,.,.,.,.,D,.,.,.,.,.,.,K,.,.,.,.,.,L,D,.","C",0,"83_BMPR2",TRUE
"60",84,"AMHR2","S","LOXIMVI_SKIN","p.S273F",".,R,M,.,.,.,.,.,.,.,.,.,.,.,P,.,.,.,.,.,.,Q,.,.,.,.,.,S,E,.","F",0,"84_AMHR2",TRUE
"61",85,"GSK3B","V","MEG01_HAEMATOPOIETIC_AND_LYMPHOID_TISSUE","p.V126I",".,E,E,.,.,.,.,.,.,.,.,.,.,.,.,.,.,.,.,.,.,.,.,.,.,.,.,.,V,.","I",0,"85_GSK3B",TRUE
"62",90,"CSNK1G3","N","OE19_OESOPHAGUS","p.N112S",".,.,.,L,.,.,.,N,V,.,N,.,.,.,P,R,.,.,.,V,P,.,.,.,V,.,.,P,L,.","S",0,"90_CSNK1G3",TRUE
"64",91,"GSK3B","N","HEC251_ENDOMETRIUM","p.N129D",".,.,L,W,.,.,.,V,S,.,A,.,N,C,A,N,.,.,.,M,A,W,C,.,M,.,.,L,N,.","D",0,"91_GSK3B",TRUE
"66",96,"CDKL3","F","SNU81_LARGE_INTESTINE","p.F81C","Y,L,Y,F,L,L,Y,L,F,Y,L,L,W,F,F,A,Y,Y,L,Y,H,F,Y,H,F,L,F,L,Y,F","C",0,"96_CDKL3",TRUE
"69",100,"PRKG2","L","OVCAR4_OVARY","p.L534V",".,.,.,.,.,.,.,.,.,.,.,.,.,.,.,.,.,.,.,.,.,.,.,.,.,L,.,.,.,.","V",0,"100_PRKG2",TRUE
"76",111,"TSSK1B","R","A498_KIDNEY","p.R105W","P,Y,H,N,R,N,G,C,F,Q,C,N,Y,G,Q,K,E,M,K,N,T,V,E,K,H,R,T,Y,S,C","W",0,"111_TSSK1B",TRUE
"79",115,"STK32A","K","HEC251_ENDOMETRIUM","p.K119N","F,D,W,W,H,K,E,F,P,L,F,K,K,T,P,F,S,P,L,F,Y,E,A,T,F,D,E,W,Q,E","N",0,"115_STK32A",TRUE
"81",116,"CSNK1A1","T","LXF289_LUNG","p.T109A","P,D,V,N,E,E,T,T,E,F,S,E,E,P,W,Q,E,E,K,T,D,D,G,P,T,E,E,G,T,S","A",0,"116_CSNK1A1",TRUE
"82",116,"GSK3B","T","HEC251_ENDOMETRIUM","p.T152M","P,D,V,N,E,E,T,T,E,F,S,E,E,P,W,Q,E,E,K,T,D,D,G,P,T,E,E,G,T,S","M",0,"116_GSK3B",TRUE
"85",118,"CDKL3","R","253J_URINARY_TRACT","p.R101Q","C,I,S,L,E,T,I,K,V,E,K,T,V,L,L,F,E,L,K,I,R,R,I,E,I,T,I,S,P,R","Q",0,"118_CDKL3",TRUE
"88",120,"DYRK3","V","NCIH2342_LUNG","p.V309F","A,E,R,.,R,K,T,V,C,.,V,K,I,V,C,V,K,R,.,.,Y,.,P,R,.,K,T,R,I,R","F",0,"120_DYRK3",TRUE
"89",122,"CSNK1G3","M","LS411N_LARGE_INTESTINE","p.M141T","G,I,A,H,K,F,L,M,Y,.,M,Y,Y,W,L,.,I,Y,.,.,Y,L,N,F,.,C,C,A,V,Y","T",0,"122_CSNK1G3",TRUE
"92",130,"DYRK3","L","SIMA_AUTONOMIC_GANGLIA","p.L311S","L,T,V,M,L,L,I,M,I,I,L,M,L,I,V,L,I,L,L,L,I,L,I,I,L,V,V,L,L,I","S",0,"130_DYRK3",TRUE
"93",132,"DYRK3","R","SKUT1_SOFT_TISSUE","p.R313H","D,K,R,R,L,M,K,S,Q,G,S,L,R,G,L,R,S,C,K,G,K,R,E,S,G,E,R,Q,R,R","H",0,"132_DYRK3",TRUE
"94",134,"CSNK1G3","M","KP1N_PANCREAS","p.M150R","L,L,L,L,I,L,L,I,V,F,M,V,L,M,M,F,V,V,S,L,L,I,F,L,L,F,L,L,L,I","R",0,"134_CSNK1G3",TRUE
"99",147,"EPHA7","D","MALME3M_SKIN","p.D751A","S,E,T,E,D,N,S,T,E,D,S,E,E,L,D,K,E,K,S,D,S,S,E,S,D,R,N,E,S,S","A",0,"147_EPHA7",TRUE
"100",149,"LATS1","G","BECKER_CENTRAL_NERVOUS_SYSTEM","p.G823V","G,L,L,I,D,R,K,N,C,K,N,G,Q,K,N,K,Q,G,N,G,G,H,R,S,G,G,G,R,G,N","V",0,"149_LATS1",TRUE
"101",156,"AMHR2","K","HEC108_ENDOMETRIUM","p.K326R",".,.,K,H,.,.,.,.,.,.,.,.,.,.,.,.,.,.,.,.,.,K,.,.,.,.,.,K,.,.","R",0,"156_AMHR2",TRUE
"104",161,"AMHR2","A","HEC151_ENDOMETRIUM","p.A330T","V,I,S,S,V,I,I,I,V,L,I,I,I,I,L,I,I,I,I,V,M,V,L,C,V,I,I,A,C,I","T",0,"161_AMHR2",TRUE
"106",164,"MAP3K19","D","HEC108_ENDOMETRIUM","p.D1186G","D,D,D,D,D,D,D,D,D,D,D,D,D,D,D,D,D,D,D,D,D,D,D,D,D,D,D,D,D,D","G",0,"164_MAP3K19",TRUE
"107",165,"NEK5","I","L428_HAEMATOPOIETIC_AND_LYMPHOID_TISSUE","p.I129R","I,I,L,I,L,M,I,I,I,I,V,L,V,L,L,L,L,I,L,L,V,L,L,L,L,L,I,L,I,I","R",0,"165_NEK5",TRUE
"112",171,"STK11","L","SNU1040_LARGE_INTESTINE","p.L183V","L,L,L,L,L,L,L,L,M,F,L,L,L,L,L,L,F,L,L,L,M,L,F,L,L,I,L,L,L,L","V",0,"171_STK11",TRUE
"113",173,"STK32A","D","NCIH1435_LUNG","p.D155E","T,D,K,K,D,D,S,G,M,S,G,S,D,T,D,K,T,D,G,N,D,K,K,D,N,D,T,R,D,S","E",0,"173_STK32A",TRUE
"117",178,"DYRK3","S","TYKNU_OVARY","p.S349G",".,.,.,.,.,.,.,C,.,V,K,D,R,.,.,S,.,.,.,.,K,.,.,.,.,.,.,.,V,.","G",0,"178_DYRK3",TRUE
"118",181,"CSNK1G3","Q","HEC251_ENDOMETRIUM","p.Q179H",".,.,.,.,.,.,.,C,.,.,Q,.,.,.,.,.,.,.,.,.,.,.,.,.,.,.,.,.,.,.","H",0,"181_CSNK1G3",TRUE
"119",193,"CSNK1A1","M","EN_ENDOMETRIUM","p.M165V",".,.,.,.,.,.,.,M,.,.,.,.,.,.,.,.,.,.,.,.,.,.,.,.,.,.,.,.,.,.","V",0,"193_CSNK1A1",TRUE
"120",197,"CSNK1A1","T","BICR18_UPPER_AERODIGESTIVE_TRACT","p.T169P",".,.,.,.,.,.,.,T,.,.,.,.,.,.,.,.,.,.,.,.,.,.,.,.,.,.,.,.,.,.","P",0,"197_CSNK1A1",TRUE
"122",209,"RIPK3","V","SBC5_LUNG","p.V156F","L,I,C,A,I,V,V,L,I,A,I,I,L,V,V,T,V,I,L,C,L,C,L,I,C,L,I,C,L,T","F",0,"209_RIPK3",TRUE
"123",213,"STK11","D","ALEXANDERCELLS_LIVER","p.D194N","D,D,D,D,D,D,D,D,D,D,D,D,D,D,D,D,D,D,D,D,D,D,D,D,D,D,D,D,D,D","N",0,"213_STK11",TRUE
"124",213,"MAP3K1","D","NCIH1648_LUNG","p.D1388V","D,D,D,D,D,D,D,D,D,D,D,D,D,D,D,D,D,D,D,D,D,D,D,D,D,D,D,D,D,D","V",0,"213_MAP3K1",TRUE
"126",215,"CSNK1A1","G","SUPHD1_HAEMATOPOIETIC_AND_LYMPHOID_TISSUE","p.G187D","G,G,G,G,S,N,G,G,G,G,G,G,G,G,G,G,G,G,G,G,G,G,G,G,G,G,G,G,G,G","D",0,"215_CSNK1A1",TRUE
"127",217,"CSNK1A1","A","WM88_SKIN","p.A189V","A,S,S,A,S,A,A,A,A,A,A,S,A,S,S,S,S,C,S,S,A,S,S,A,S,A,C,A,A,A","V",0,"217_CSNK1A1",TRUE
"128",218,"LATS1","T","HCT15_LARGE_INTESTINE","p.T851I","E,G,M,L,K,A,G,K,R,R,K,K,A,K,T,C,T,T,R,R,E,L,R,S,R,K,A,L,K,R","I",0,"218_LATS1",TRUE
"130",218,"PRKG2","K","JHUEM7_ENDOMETRIUM","p.K599N","E,G,M,L,K,A,G,K,R,R,K,K,A,K,T,C,T,T,R,R,E,L,R,S,R,K,A,L,K,R","N",0,"218_PRKG2",TRUE
"131",222,"ACVR2A","A","HEC1A_ENDOMETRIUM","p.A349T","P,D,.,A,.,R,.,D,W,N,D,.,S,D,.,Q,K,W,.,.,P,P,.,.,.,.,K,.,R,A","T",0,"222_ACVR2A",TRUE
"134",229,"LATS1","Y","HEC151_ENDOMETRIUM","p.Y862C",".,.,R,D,.,.,.,I,H,.,I,M,.,.,G,.,.,Y,.,.,.,.,A,E,.,T,.,P,.,.","C",0,"229_LATS1",TRUE
"136",238,"TSSK1B","R","SNU81_LARGE_INTESTINE","p.R168Q","R,.,.,.,R,.,R,.,.,.,.,.,.,.,.,.,.,D,.,.,.,N,.,.,.,.,K,G,.,.","Q",0,"238_TSSK1B",TRUE
"138",241,"FER","V","SF295_CENTRAL_NERVOUS_SYSTEM","p.V713M",".,.,A,.,L,.,.,.,.,.,.,.,.,.,.,.,.,D,V,A,.,.,.,.,V,.,.,A,.,.","M",0,"241_FER",TRUE
"139",276,"MAP3K19","S","NCIH1693_LUNG","p.S1226C","T,T,S,T,T,T,T,N,S,T,S,T,Q,S,S,T,T,S,S,T,V,S,T,T,T,T,S,M,S,T","C",0,"276_MAP3K19",TRUE
"141",281,"CSNK1G3","G","SNU81_LARGE_INTESTINE","p.G211E","G,G,G,G,G,G,G,G,G,G,G,G,G,G,G,Q,G,G,G,G,A,G,G,G,G,G,G,G,C,A","E",0,"281_CSNK1G3",TRUE
"142",283,"CDKL3","R","NCIH661_LUNG","p.R164H","P,R,I,R,P,K,P,A,P,P,A,P,I,V,L,.,P,P,K,K,.,A,P,P,K,P,P,Q,R,R","H",0,"283_CDKL3",TRUE
"144",283,"EPHA7","K","TCCPAN2_PANCREAS","p.K797N","P,R,I,R,P,K,P,A,P,P,A,P,I,V,L,.,P,P,K,K,.,A,P,P,K,P,P,Q,R,R","N",0,"283_EPHA7",TRUE
"145",288,"CSNK2A1","R","NCIH1563_LUNG","p.R195Q","A,P,R,R,A,P,F,R,Y,Y,R,T,A,A,G,R,P,N,K,R,R,R,H,H,R,E,Y,R,Y,W","Q",0,"288_CSNK2A1",TRUE
"146",289,"NEK11","Y","ME1_HAEMATOPOIETIC_AND_LYMPHOID_TISSUE","p.Y198C","F,Y,Y,Y,Y,Y,W,Y,W,Y,Y,Y,F,W,Y,F,Y,Y,W,W,Y,Y,Y,Y,W,Y,W,Y,Y,Y","C",0,"289_NEK11",TRUE
"147",290,"CSNK2A1","F","SNU81_LARGE_INTESTINE","p.F197L",".,.,.,.,.,.,.,.,.,.,.,.,.,.,.,Y,.,.,.,.,F,.,.,.,.,.,.,.,.,.","L",0,"290_CSNK2A1",TRUE
"149",294,"STK11","E","HCC2108_LUNG","p.E223K","E,E,E,E,E,E,E,N,E,E,N,E,E,E,E,E,E,E,E,E,E,E,E,E,E,E,E,E,E,E","K",0,"294_STK11",TRUE
"150",1,"STK11","G","TCGA-78-7166-01","G56V","G,G,G,A,G,G,G,G,G,G,G,G,G,G,G,G,G,G,G,G,G,G,G,G,G,G,G,R,G,G","V",0,"1_STK11",TRUE
"154",3,"MAP3K1","G","TCGA-AP-A059-01","G1252E","G,G,G,G,G,G,G,G,G,G,G,G,G,G,G,G,G,G,G,G,G,G,G,G,G,G,G,G,G,G","E",0,"3_MAP3K1",TRUE
"155",3,"NEK5","G","TCGA-BH-A0AV-01","G13V","G,G,G,G,G,G,G,G,G,G,G,G,G,G,G,G,G,G,G,G,G,G,G,G,G,G,G,G,G,G","V",0,"3_NEK5",TRUE
"156",3,"CSNK1G3","G","TCGA-AX-A0J1-01","G52D","G,G,G,G,G,G,G,G,G,G,G,G,G,G,G,G,G,G,G,G,G,G,G,G,G,G,G,G,G,G","D",0,"3_CSNK1G3",TRUE
"158",3,"DYRK3","G","TCGA-FS-A4F5-06","G218R","G,G,G,G,G,G,G,G,G,G,G,G,G,G,G,G,G,G,G,G,G,G,G,G,G,G,G,G,G,G","R",0,"3_DYRK3",TRUE
"159",4,"PAK7","S","TCGA-05-4398-01","S459T","S,A,R,R,S,S,S,S,A,A,N,A,A,A,G,S,N,A,N,E,K,R,S,Q,E,G,S,G,S,S","T",0,"4_PAK7",TRUE
"160",4,"CSNK1A1","S","TCGA-GN-A265-06","S27F","S,A,R,R,S,S,S,S,A,A,N,A,A,A,G,S,N,A,N,E,K,R,S,Q,E,G,S,G,S,S","F",0,"4_CSNK1A1",TRUE
"161",4,"TSSK1B","S","TCGA-BF-A5EQ-01","S22F","S,A,R,R,S,S,S,S,A,A,N,A,A,A,G,S,N,A,N,E,K,R,S,Q,E,G,S,G,S,S","F",0,"4_TSSK1B",TRUE
"162",6,"EPHA5","G","TCGA-49-6744-01","G687D","G,G,G,G,A,G,G,G,G,G,G,G,S,G,G,G,S,G,G,G,S,A,G,G,G,G,G,A,G,G","D",0,"6_EPHA5",TRUE
"163",6,"NEK5","G","TCGA-G9-6342-01","G16W","G,G,G,G,A,G,G,G,G,G,G,G,S,G,G,G,S,G,G,G,S,A,G,G,G,G,G,A,G,G","W",0,"6_NEK5",TRUE
"164",6,"GSK3B","G","TCGA-CG-4440-01","G68V","G,G,G,G,A,G,G,G,G,G,G,G,S,G,G,G,S,G,G,G,S,A,G,G,G,G,G,A,G,G","V",0,"6_GSK3B",TRUE
"169",11,"BRSK1","G","TCGA-18-3406-01","G51W","V,M,G,A,A,V,G,A,G,A,G,A,A,G,A,V,G,A,G,G,A,A,V,G,G,V,A,G,A,C","W",0,"11_BRSK1",TRUE
"172",11,"AMHR2","G","TCGA-B6-A0IO-01","G220R","V,M,G,A,A,V,G,A,G,A,G,A,A,G,A,V,G,A,G,G,A,A,V,G,G,V,A,G,A,C","R",0,"11_AMHR2",TRUE
"173",11,"NIM1K","G","TCGA-EE-A2MJ-06","G91E","V,M,G,A,A,V,G,A,G,A,G,A,A,G,A,V,G,A,G,G,A,A,V,G,G,V,A,G,A,C","E",0,"11_NIM1K",TRUE
"174",12,"EPHA5","R","TCGA-AA-3833-01","R693H","L,V,S,Q,Y,Q,I,I,L,K,K,F,Q,R,Q,Y,I,R,T,R,I,K,S,V,R,K,T,Q,K,K","H",0,"12_EPHA5",TRUE
"181",17,"EPHA5","G","TCGA-EB-A41A-01","G698E","L,G,.,.,K,K,Q,G,G,S,N,C,G,.,G,R,K,K,.,G,N,T,A,G,G,N,G,.,G,G","E",0,"17_EPHA5",TRUE
"185",19,"NEK11","R","TCGA-HD-7229-01","R53P",".,.,.,.,.,.,.,.,.,.,.,.,.,.,.,.,.,.,.,R,.,E,R,.,R,.,.,.,.,.","P",0,"19_NEK11",TRUE
"190",24,"AMHR2","V","TCGA-36-1577-01","V227L","R,M,V,V,V,Y,V,V,I,C,V,V,M,V,V,V,V,Y,V,V,V,V,K,V,V,F,V,V,V,V","L",0,"24_AMHR2",TRUE
"191",25,"CHEK2","A","TCGA-D1-A1NX-01","A247T","A,A,A,A,A,A,A,A,A,V,A,A,A,A,A,A,A,A,A,A,V,A,V,A,A,A,A,A,A,A","T",0,"25_CHEK2",TRUE
"192",25,"EPHA5","A","TCGA-BR-8680-01","A705S","A,A,A,A,A,A,A,A,A,V,A,A,A,A,A,A,A,A,A,A,V,A,V,A,A,A,A,A,A,A","S",0,"25_EPHA5",TRUE
"193",25,"GSK3B","A","TCGA-AA-3821-01","A83T","A,A,A,A,A,A,A,A,A,V,A,A,A,A,A,A,A,A,A,A,V,A,V,A,A,A,A,A,A,A","T",0,"25_GSK3B",TRUE
"194",26,"MAP3K19","V","TCGA-CR-7398-01","V1088A","V,V,V,V,I,M,I,V,V,I,I,I,V,V,V,L,I,T,V,I,V,V,L,I,I,M,V,I,I,I","A",0,"26_MAP3K19",TRUE
"195",27,"STK11","K","TCGA-C8-A12K-01","K78N","K,K,K,K,K,K,K,K,K,K,K,K,K,K,K,K,K,K,K,K,K,K,K,K,K,K,K,K,K,K","N",0,"27_STK11",TRUE
"197",28,"CSNK1A1","L","TCGA-EB-A3Y7-01","L47P","I,R,V,I,I,Y,I,L,Q,E,L,I,Q,K,I,M,I,T,T,T,I,I,E,I,T,C,K,A,K,I","P",0,"28_CSNK1A1",TRUE
"201",30,"MAP2K4","R","TCGA-B6-A0X4-01","R134W","K,R,S,P,D,N,D,S,A,N,P,S,T,.,N,R,D,R,K,K,K,P,S,N,K,.,D,P,L,Y","W",0,"30_MAP2K4",TRUE
"207",30,"BMPR2","S","TCGA-D3-A1Q5-06","S233F","K,R,S,P,D,N,D,S,A,N,P,S,T,.,N,R,D,R,K,K,K,P,S,N,K,.,D,P,L,Y","F",0,"30_BMPR2",TRUE
"217",35,"PRKG2","I","TCGA-E2-A14R-01","I489M","R,.,Q,Q,P,V,E,R,N,P,R,A,T,.,.,F,D,D,Q,E,K,A,N,S,E,I,Q,A,.,Q","M",0,"35_PRKG2",TRUE
"218",36,"TSSK1B","A","TCGA-B5-A0JV-01","A50T","R,.,.,S,A,E,D,H,K,I,A,I,S,.,.,H,Q,V,E,K,.,.,P,E,K,V,R,.,.,S","T",0,"36_TSSK1B",TRUE
"221",38,"EPHA7","R","TCGA-AA-3555-01","R676M","P,.,.,.,F,N,I,.,A,E,.,S,E,.,.,.,T,L,K,R,.,.,E,V,R,T,E,.,.,N","M",0,"38_EPHA7",TRUE
"223",38,"EPHA5","R","TCGA-D1-A102-01","R718H","P,.,.,.,F,N,I,.,A,E,.,S,E,.,.,.,T,L,K,R,.,.,E,V,R,T,E,.,.,N","H",0,"38_EPHA5",TRUE
"224",38,"MAP3K1","E","TCGA-AX-A05Z-01","E1283D","P,.,.,.,F,N,I,.,A,E,.,S,E,.,.,.,T,L,K,R,.,.,E,V,R,T,E,.,.,N","D",0,"38_MAP3K1",TRUE
"227",41,"STK32A","R","TCGA-AX-A05Z-01","R66I","E,.,.,.,K,R,.,.,K,.,.,E,.,.,.,.,.,Q,.,.,.,.,.,.,.,Q,.,.,.,.","I",0,"41_STK32A",TRUE
"228",43,"LATS1","A","TCGA-24-1419-01","A748T",".,.,.,.,.,.,.,.,Y,.,.,D,.,.,.,.,.,A,.,.,.,.,.,.,.,.,.,.,.,.","T",0,"43_LATS1",TRUE
"230",47,"EPHA5","D","TCGA-BS-A0UF-01","D720Y","N,V,N,Q,F,N,D,Q,K,A,Q,N,E,R,A,Q,L,H,K,D,K,S,Q,K,D,H,L,Q,F,I","Y",0,"47_EPHA5",TRUE
"232",47,"MAP2K4","V","TCGA-D1-A17D-01","V137M","N,V,N,Q,F,N,D,Q,K,A,Q,N,E,R,A,Q,L,H,K,D,K,S,Q,K,D,H,L,Q,F,I","M",0,"47_MAP2K4",TRUE
"240",51,"MAP2K4","E","TCGA-AA-A00N-01","E141K","E,E,E,E,E,E,E,E,E,E,E,E,E,E,E,E,E,E,E,E,E,E,E,E,E,E,E,E,E,E","K",0,"51_MAP2K4",TRUE
"241",51,"CSNK1A1","E","TCGA-AC-A23H-01","E60K","E,E,E,E,E,E,E,E,E,E,E,E,E,E,E,E,E,E,E,E,E,E,E,E,E,E,E,E,E,E","K",0,"51_CSNK1A1",TRUE
"242",51,"TSSK1B","E","TCGA-D9-A6EC-06","E60K","E,E,E,E,E,E,E,E,E,E,E,E,E,E,E,E,E,E,E,E,E,E,E,E,E,E,E,E,E,E","K",0,"51_TSSK1B",TRUE
"243",51,"ACVR2A","E","TCGA-FU-A3HZ-01","E234K","E,E,E,E,E,E,E,E,E,E,E,E,E,E,E,E,E,E,E,E,E,E,E,E,E,E,E,E,E,E","K",0,"51_ACVR2A",TRUE
"244",51,"LATS1","E","TCGA-A2-A0YK-01","E753D","E,E,E,E,E,E,E,E,E,E,E,E,E,E,E,E,E,E,E,E,E,E,E,E,E,E,E,E,E,E","D",0,"51_LATS1",TRUE
"251",53,"NIM1K","S","TCGA-EE-A3JD-06","S123F","Q,K,N,Y,E,Q,T,K,D,I,R,E,L,D,K,R,S,D,K,S,K,D,Q,A,S,R,V,A,Q,K","F",0,"53_NIM1K",TRUE
"252",57,"AMHR2","E","TCGA-EE-A2GI-06","E248K","L,L,I,S,I,I,V,I,L,L,Q,I,I,I,A,I,S,I,I,I,I,I,L,I,I,I,I,E,I,F","K",0,"57_AMHR2",TRUE
"256",58,"CSNK2A1","L","TCGA-BR-8680-01","L85V","L,L,Y,L,L,M,L,L,L,L,L,L,R,K,M,L,M,L,L,M,L,F,L,L,M,L,M,L,M,L","V",0,"58_CSNK2A1",TRUE
"261",59,"CSNK1G3","G","TCGA-55-7576-01","G94V","R,M,R,P,A,Q,S,Q,K,E,G,K,M,H,A,E,E,A,K,G,E,S,S,K,G,E,R,P,R,K","V",0,"59_CSNK1G3",TRUE
"264",60,"CHEK2","K","TCGA-D1-A17Q-01","K279T","R,D,V,G,M,G,Q,G,A,K,S,K,M,L,S,H,K,E,Q,Q,N,D,K,L,Q,E,D,G,K,Q","T",0,"60_CHEK2",TRUE
"269",64,"CSNK1G3","G","TCGA-91-6828-01","G98V","R,D,E,K,N,E,D,G,K,K,G,N,N,K,D,K,H,D,D,D,G,K,D,E,D,C,H,Q,D,H","V",0,"64_CSNK1G3",TRUE
"270",64,"PRKG2","C","TCGA-CV-7254-01","C509S","R,D,E,K,N,E,D,G,K,K,G,N,N,K,D,K,H,D,D,D,G,K,D,E,D,C,H,Q,D,H","S",0,"64_PRKG2",TRUE
"272",64,"MAP3K19","K","TCGA-AA-3542-01","K1119T","R,D,E,K,N,E,D,G,K,K,G,N,N,K,D,K,H,D,D,D,G,K,D,E,D,C,H,Q,D,H","T",0,"64_MAP3K19",TRUE
"274",66,"NEK5","P","TCGA-AR-A24Z-01","P61L","K,V,D,E,C,P,P,P,V,P,P,P,P,P,E,Q,P,E,P,P,P,E,P,P,P,P,D,D,C,E","L",0,"66_NEK5",TRUE
"277",66,"CSNK2A1","P","TCGA-D1-A16S-01","P92T","K,V,D,E,C,P,P,P,V,P,P,P,P,P,E,Q,P,E,P,P,P,E,P,P,P,P,D,D,C,E","T",0,"66_CSNK2A1",TRUE
"279",67,"CSNK1G3","Q","TCGA-IR-A3LK-01","Q101E","N,M,N,N,S,F,Y,H,N,N,Q,C,N,N,F,D,N,W,N,N,N,N,A,H,N,F,N,H,N,N","E",0,"67_CSNK1G3",TRUE
"280",68,"EPHA5","I","TCGA-BS-A0UJ-01","I736N","V,R,I,I,I,L,V,I,I,I,V,I,I,I,V,K,I,V,I,I,I,I,I,V,V,I,V,I,I,L","N",0,"68_EPHA5",TRUE
"281",68,"RIPK3","V","TCGA-AA-3542-01","V72A","V,R,I,I,I,L,V,I,I,I,V,I,I,I,V,K,I,V,I,I,I,I,I,V,V,I,V,I,I,L","A",0,"68_RIPK3",TRUE
"284",69,"STK11","I","TCGA-C5-A7CL-01","I111N","I,S,A,L,I,V,T,R,V,V,Y,I,I,I,L,T,I,V,V,I,I,L,V,L,V,V,V,V,V,V","N",0,"69_STK11",TRUE
"288",70,"LATS1","R","TCGA-D6-6517-01","R767L","Q,S,R,Q,K,N,K,W,A,A,Y,K,R,T,R,G,R,R,K,H,T,Q,K,K,H,K,D,R,R,N","L",0,"70_LATS1",TRUE
"292",72,"FER","I","TCGA-YL-A8HK-01","I624T","V,C,I,I,Y,W,Y,G,L,F,G,K,L,K,E,M,Y,Y,I,E,A,L,H,H,E,Y,Y,I,R,I","T",0,"72_FER",TRUE
"293",72,"RIPK3","E","TCGA-GC-A3WC-01","E76Q","V,C,I,I,Y,W,Y,G,L,F,G,K,L,K,E,M,Y,Y,I,E,A,L,H,H,E,Y,Y,I,R,I","Q",0,"72_RIPK3",TRUE
"294",73,"TSSK1B","E","TCGA-BR-8680-01","E77K","D,P,V,G,E,Y,G,Q,G,N,P,N,G,G,G,N,E,Y,G,G,D,T,A,D,G,R,S,T,Y,E","K",0,"73_TSSK1B",TRUE
"295",73,"NIM1K","E","TCGA-AO-A0JI-01","E138K","D,P,V,G,E,Y,G,Q,G,N,P,N,G,G,G,N,E,Y,G,G,D,T,A,D,G,R,S,T,Y,E","K",0,"73_NIM1K",TRUE
"298",74,"GSK3B","F","TCGA-AP-A056-01","F115L","V,Y,G,A,I,S,S,E,T,S,C,F,A,V,V,V,V,S,V,V,I,A,S,V,V,T,S,A,F,V","L",0,"74_GSK3B",TRUE
"299",76,"AMHR2","R","TCGA-AA-3672-01","R265W","Y,V,E,K,E,Q,L,D,L,Q,K,D,C,T,E,H,E,Q,T,T,K,E,V,E,T,K,L,R,Y,R","W",0,"76_AMHR2",TRUE
"300",76,"CSNK1A1","D","TCGA-FD-A3B7-01","D84N","Y,V,E,K,E,Q,L,D,L,Q,K,D,C,T,E,H,E,Q,T,T,K,E,V,E,T,K,L,R,Y,R","N",0,"76_CSNK1A1",TRUE
"304",79,"RIPK3","N","TCGA-BR-6452-01","N83I","E,Y,T,T,H,E,T,.,N,G,.,D,S,P,N,E,S,D,Q,K,V,T,D,K,K,K,D,P,G,K","I",0,"79_RIPK3",TRUE
"310",84,"RIPK3","P","TCGA-MI-A75C-01","P88L",".,R,M,.,.,.,.,.,.,.,.,.,.,.,P,.,.,.,.,.,.,Q,.,.,.,.,.,S,E,.","L",0,"84_RIPK3",TRUE
"311",90,"DYRK3","R","TCGA-AO-A128-01","R281Q",".,.,.,L,.,.,.,N,V,.,N,.,.,.,P,R,.,.,.,V,P,.,.,.,V,.,.,P,L,.","Q",0,"90_DYRK3",TRUE
"312",91,"CSNK2A1","A","TCGA-AP-A051-01","A110T",".,.,L,W,.,.,.,V,S,.,A,.,N,C,A,N,.,.,.,M,A,W,C,.,M,.,.,L,N,.","T",0,"91_CSNK2A1",TRUE
"315",95,"EPHA5","E","TCGA-DK-A3WW-01","E754Q","E,E,E,A,E,D,E,D,E,E,E,E,E,E,K,M,E,D,E,E,E,A,E,E,E,L,E,E,D,E","Q",0,"95_EPHA5",TRUE
"316",97,"TSSK1B","A","TCGA-AA-3681-01","A93T","C,M,Y,H,A,L,L,L,V,C,L,M,M,C,M,F,A,I,V,M,V,H,C,V,M,E,L,H,V,I","T",0,"97_TSSK1B",TRUE
"318",98,"BMPR2","P","TCGA-23-1123-01","P283T","V,S,P,E,V,L,G,.,P,D,.,E,A,A,E,E,G,P,S,E,.,A,.,S,E,A,E,P,P,D","T",0,"98_BMPR2",TRUE
"319",98,"CDKL3","D","TCGA-BH-A1F8-01","D83N","V,S,P,E,V,L,G,.,P,D,.,E,A,A,E,E,G,P,S,E,.,A,.,S,E,A,E,P,P,D","N",0,"98_CDKL3",TRUE
"321",98,"TSSK1B","V","TCGA-FD-A3SS-01","V94I","V,S,P,E,V,L,G,.,P,D,.,E,A,A,E,E,G,P,S,E,.,A,.,S,E,A,E,P,P,D","I",0,"98_TSSK1B",TRUE
"324",101,"LATS1","G","TCGA-55-7907-01","G787V","C,T,N,K,Q,G,G,G,G,G,G,G,G,Q,N,L,G,G,G,N,N,G,E,G,N,G,G,K,E,H","V",0,"101_LATS1",TRUE
"326",101,"CHEK2","G","TCGA-EA-A4BA-01","G306W","C,T,N,K,Q,G,G,G,G,G,G,G,G,Q,N,L,G,G,G,N,N,G,E,G,N,G,G,K,E,H","W",0,"101_CHEK2",TRUE
"331",103,"MAP3K1","S","TCGA-A2-A0EU-01","S1330W","M,F,S,S,D,D,S,S,S,D,S,E,S,Q,S,S,E,D,D,S,T,L,R,E,A,E,A,S,V,V","W",0,"103_MAP3K1",TRUE
"332",103,"CSNK1A1","S","TCGA-EU-5906-01","S96I","M,F,S,S,D,D,S,S,S,D,S,E,S,Q,S,S,E,D,D,S,T,L,R,E,A,E,A,S,V,V","I",0,"103_CSNK1A1",TRUE
"340",104,"LATS1","M","TCGA-AA-3681-01","M790T","Q,D,L,L,L,L,A,L,I,L,L,L,V,L,L,I,L,M,F,L,D,Q,D,L,L,L,L,L,Y,L","T",0,"104_LATS1",TRUE
"341",104,"MAP2K4","D","TCGA-BH-A0EI-01","D186G","Q,D,L,L,L,L,A,L,I,L,L,L,V,L,L,I,L,M,F,L,D,Q,D,L,L,L,L,L,Y,L","G",0,"104_MAP2K4",TRUE
"342",104,"NEK11","D","TCGA-CR-7371-01","D115N","Q,D,L,L,L,L,A,L,I,L,L,L,V,L,L,I,L,M,F,L,D,Q,D,L,L,L,L,L,Y,L","N",0,"104_NEK11",TRUE
"344",106,"LATS1","S","TCGA-ND-A4WC-01","S792I","M,F,K,D,E,Y,D,D,S,K,D,D,H,E,G,L,G,S,T,T,K,Y,D,D,A,S,D,H,V,E","I",0,"106_LATS1",TRUE
"345",106,"PAK7","D","TCGA-EE-A3J4-06","D533N","M,F,K,D,E,Y,D,D,S,K,D,D,H,E,G,L,G,S,T,T,K,Y,D,D,A,S,D,H,V,E","N",0,"106_PAK7",TRUE
"346",106,"DYRK3","L","TCGA-BR-8372-01","L295I","M,F,K,D,E,Y,D,D,S,K,D,D,H,E,G,L,G,S,T,T,K,Y,D,D,A,S,D,H,V,E","I",0,"106_DYRK3",TRUE
"347",108,"NEK5","I","TCGA-IB-7651-01","I92S","D,K,L,L,I,L,L,F,I,I,F,V,L,L,L,E,I,L,L,L,L,T,K,L,L,L,V,L,R,Q","S",0,"108_NEK5",TRUE
"350",109,"EPHA7","R","TCGA-BR-4292-01","R724G","S,Y,S,K,K,Q,E,N,N,N,D,V,S,R,Q,L,S,I,R,K,Y,R,I,V,R,R,T,T,H,H","G",0,"109_EPHA7",TRUE
"354",110,"MAP3K19","R","TCGA-YZ-A985-01","R1154C","V,V,L,A,T,Q,P,F,R,R,L,G,K,A,S,I,T,R,R,K,Q,H,Q,K,K,D,H,Q,Y,Y","C",0,"110_MAP3K19",TRUE
"356",111,"ACVR2A","N","TCGA-BH-A1F2-01","N282I","P,Y,H,N,R,N,G,C,F,Q,C,N,Y,G,Q,K,E,M,K,N,T,V,E,K,H,R,T,Y,S,C","I",0,"111_ACVR2A",TRUE
"359",112,"NEK5","R","TCGA-D1-A167-01","R96Q","E,S,T,V,G,V,P,S,G,R,D,K,G,R,C,K,G,G,K,D,L,I,Y,G,D,G,R,T,R,H","Q",0,"112_NEK5",TRUE
"360",112,"EPHA7","D","TCGA-GN-A266-06","D727N","E,S,T,V,G,V,P,S,G,R,D,K,G,R,C,K,G,G,K,D,L,I,Y,G,D,G,R,T,R,H","N",0,"112_EPHA7",TRUE
"367",114,"CSNK2A1","D","TCGA-AP-A051-01","D130Y","R,L,D,S,L,F,D,R,L,V,T,L,F,V,R,K,L,F,E,Q,D,W,Q,L,Q,F,N,D,K,L","Y",0,"114_CSNK2A1",TRUE
"369",116,"EPHA7","T","TCGA-H4-A2HQ-01","T731A","P,D,V,N,E,E,T,T,E,F,S,E,E,P,W,Q,E,E,K,T,D,D,G,P,T,E,E,G,T,S","A",0,"116_EPHA7",TRUE
"371",116,"CSNK1G3","S","TCGA-B5-A0JY-01","S135Y","P,D,V,N,E,E,T,T,E,F,S,E,E,P,W,Q,E,E,K,T,D,D,G,P,T,E,E,G,T,S","Y",0,"116_CSNK1G3",TRUE
"375",117,"LATS1","S","TCGA-91-6829-01","S803T","V,V,S,E,D,E,Q,M,M,S,L,A,S,S,P,G,P,S,L,V,I,L,K,K,V,P,Q,S,L,K","T",0,"117_LATS1",TRUE
"376",118,"BMPR2","S","TCGA-B5-A11E-01","S301A","C,I,S,L,E,T,I,K,V,E,K,T,V,L,L,F,E,L,K,I,R,R,I,E,I,T,I,S,P,R","A",0,"118_BMPR2",TRUE
"380",120,"PAK7","T","TCGA-AX-A0J0-01","T547N","A,E,R,.,R,K,T,V,C,.,V,K,I,V,C,V,K,R,.,.,Y,.,P,R,.,K,T,R,I,R","N",0,"120_PAK7",TRUE
"382",122,"CDKL3","Y","TCGA-B9-7268-01","Y105D","G,I,A,H,K,F,L,M,Y,.,M,Y,Y,W,L,.,I,Y,.,.,Y,L,N,F,.,C,C,A,V,Y","D",0,"122_CDKL3",TRUE
"384",123,"BMPR2","H","TCGA-CG-5728-01","H306Q","Y,L,H,I,F,I,R,L,T,.,I,F,T,S,L,.,F,I,.,.,.,G,.,F,.,V,L,L,K,L","Q",0,"123_BMPR2",TRUE
"392",132,"MAP3K1","R","TCGA-FD-A3SL-01","R1355H","D,K,R,R,L,M,K,S,Q,G,S,L,R,G,L,R,S,C,K,G,K,R,E,S,G,E,R,Q,R,R","H",0,"132_MAP3K1",TRUE
"395",133,"PAK7","A","TCGA-YL-A8SP-01","A555P","G,A,G,G,A,A,G,R,G,W,R,A,G,G,G,K,A,A,F,M,A,G,W,A,M,A,A,G,S,A","P",0,"133_PAK7",TRUE
"397",134,"BRSK1","L","TCGA-AA-3811-01","L144Q","L,L,L,L,I,L,L,I,V,F,M,V,L,M,M,F,V,V,S,L,L,I,F,L,L,F,L,L,L,I","Q",0,"134_BRSK1",TRUE
"398",137,"DYRK3","S","TCGA-EE-A29D-06","S318F",".,.,.,.,.,.,.,.,.,I,.,.,.,.,.,S,.,.,A,I,.,.,L,.,I,.,.,.,.,.","F",0,"137_DYRK3",TRUE
"399",139,"NEK11","L","TCGA-G3-A25Y-01","L144P",".,.,.,.,.,.,.,.,.,L,.,.,.,.,.,L,.,.,A,A,.,.,L,.,A,.,.,.,.,.","P",0,"139_NEK11",TRUE
"400",139,"EPHA5","A","TCGA-64-1678-01","A786E",".,.,.,.,.,.,.,.,.,L,.,.,.,.,.,L,.,.,A,A,.,.,L,.,A,.,.,.,.,.","E",0,"139_EPHA5",TRUE
"401",142,"DYRK3","L","TCGA-B5-A0JY-01","L323S",".,.,.,.,.,.,.,.,.,K,.,.,.,.,.,L,.,.,L,K,.,.,D,.,R,.,.,.,.,.","S",0,"142_DYRK3",TRUE
"403",145,"CHEK2","L","TCGA-NF-A5CP-01","L338R","L,L,L,L,C,L,L,V,L,I,V,L,L,L,L,L,M,V,L,L,C,L,M,C,L,L,L,L,I,L","R",0,"145_CHEK2",TRUE
"404",145,"MAP3K19","L","TCGA-GM-A2D9-01","L1177F","L,L,L,L,C,L,L,V,L,I,V,L,L,L,L,L,M,V,L,L,C,L,M,C,L,L,L,L,I,L","F",0,"145_MAP3K19",TRUE
"405",145,"EPHA5","L","TCGA-CV-6954-01","L791P","L,L,L,L,C,L,L,V,L,I,V,L,L,L,L,L,M,V,L,L,C,L,M,C,L,L,L,L,I,L","P",0,"145_EPHA5",TRUE
"407",146,"STK11","H","TCGA-05-4417-01","H168R","H,K,H,H,H,Q,H,H,H,H,H,H,H,H,H,H,H,H,E,S,H,H,H,H,A,H,H,H,H,H","R",0,"146_STK11",TRUE
"408",146,"CHEK2","H","TCGA-FJ-A3Z7-01","H339Y","H,K,H,H,H,Q,H,H,H,H,H,H,H,H,H,H,H,H,E,S,H,H,H,H,A,H,H,H,H,H","Y",0,"146_CHEK2",TRUE
"409",146,"CSNK1G3","H","TCGA-AX-A060-01","H154N","H,K,H,H,H,Q,H,H,H,H,H,H,H,H,H,H,H,H,E,S,H,H,H,H,A,H,H,H,H,H","N",0,"146_CSNK1G3",TRUE
"410",147,"MAP3K19","E","TCGA-32-4213-01","E1179G","S,E,T,E,D,N,S,T,E,D,S,E,E,L,D,K,E,K,S,D,S,S,E,S,D,R,N,E,S,S","G",0,"147_MAP3K19",TRUE
"411",147,"RIPK3","D","TCGA-05-5420-01","D133V","S,E,T,E,D,N,S,T,E,D,S,E,E,L,D,K,E,K,S,D,S,S,E,S,D,R,N,E,S,S","V",0,"147_RIPK3",TRUE
"415",148,"CSNK2A1","M","TCGA-18-3410-01","M150I","Q,N,E,D,L,Q,E,K,N,R,K,N,N,H,Q,N,N,M,K,M,M,D,R,Y,M,L,Q,E,F,N","I",0,"148_CSNK2A1",TRUE
"418",149,"EPHA7","G","TCGA-GF-A6C9-06","G753E","G,L,L,I,D,R,K,N,C,K,N,G,Q,K,N,K,Q,G,N,G,G,H,R,S,G,G,G,R,G,N","E",0,"149_EPHA7",TRUE
"419",149,"PAK7","G","TCGA-IB-7651-01","G563V","G,L,L,I,D,R,K,N,C,K,N,G,Q,K,N,K,Q,G,N,G,G,H,R,S,G,G,G,R,G,N","V",0,"149_PAK7",TRUE
"421",150,"ACVR2A","P","TCGA-A2-A0EQ-01","P308R",".,K,P,P,.,.,.,.,.,.,.,.,.,.,P,.,.,.,.,.,.,T,.,.,.,.,.,W,.,.","R",0,"150_ACVR2A",TRUE
"422",152,"ACVR2A","L","TCGA-FJ-A3ZF-01","L310Q",".,.,G,L,.,.,.,.,.,.,.,.,.,.,.,.,.,.,.,.,.,C,.,.,.,.,.,N,.,.","Q",0,"152_ACVR2A",TRUE
"423",160,"ACVR2A","I","TCGA-HE-A5NJ-01","I318M","I,I,I,I,V,I,K,F,V,I,L,I,I,I,L,I,I,F,C,Y,I,I,I,I,Y,I,V,I,I,I","M",0,"160_ACVR2A",TRUE
"425",162,"GSK3B","H","TCGA-B5-A11E-01","H179N","H,H,H,H,H,H,H,H,H,H,Y,H,H,H,H,H,H,H,H,H,H,H,H,H,H,Y,H,H,H,H","N",0,"162_GSK3B",TRUE
"427",162,"FER","H","TCGA-BR-A4PE-01","H682Q","H,H,H,H,H,H,H,H,H,H,Y,H,H,H,H,H,H,H,H,H,H,H,H,H,H,Y,H,H,H,H","Q",0,"162_FER",TRUE
"429",162,"NEK11","H","TCGA-A7-A5ZV-01","H156P","H,H,H,H,H,H,H,H,H,H,Y,H,H,H,H,H,H,H,H,H,H,H,H,H,H,Y,H,H,H,H","P",0,"162_NEK11",TRUE
"430",163,"TSSK1B","R","TCGA-46-3765-01","R135L","K,R,R,R,R,R,R,R,R,R,R,R,R,R,R,C,R,R,R,R,R,R,R,R,R,R,R,R,R,R","L",0,"163_TSSK1B",TRUE
"431",163,"AMHR2","R","TCGA-22-5473-01","R332Q","K,R,R,R,R,R,R,R,R,R,R,R,R,R,R,C,R,R,R,R,R,R,R,R,R,R,R,R,R,R","Q",0,"163_AMHR2",TRUE
"432",163,"GSK3B","R","TCGA-EE-A2GR-06","R180Q","K,R,R,R,R,R,R,R,R,R,R,R,R,R,R,C,R,R,R,R,R,R,R,R,R,R,R,R,R,R","Q",0,"163_GSK3B",TRUE
"433",163,"CHEK2","R","TCGA-24-1562-01","R346H","K,R,R,R,R,R,R,R,R,R,R,R,R,R,R,C,R,R,R,R,R,R,R,R,R,R,R,R,R,R","H",0,"163_CHEK2",TRUE
"436",163,"PRKG2","R","TCGA-AA-A010-01","R575I","K,R,R,R,R,R,R,R,R,R,R,R,R,R,R,C,R,R,R,R,R,R,R,R,R,R,R,R,R,R","I",0,"163_PRKG2",TRUE
"439",163,"BRSK1","R","TCGA-CN-4735-01","R155G","K,R,R,R,R,R,R,R,R,R,R,R,R,R,R,C,R,R,R,R,R,R,R,R,R,R,R,R,R,R","G",0,"163_BRSK1",TRUE
"440",163,"RIPK3","R","TCGA-AA-3833-01","R141G","K,R,R,R,R,R,R,R,R,R,R,R,R,R,R,C,R,R,R,R,R,R,R,R,R,R,R,R,R,R","G",0,"163_RIPK3",TRUE
"441",164,"CSNK1A1","D","TCGA-BS-A0TA-01","D136Y","D,D,D,D,D,D,D,D,D,D,D,D,D,D,D,D,D,D,D,D,D,D,D,D,D,D,D,D,D,D","Y",0,"164_CSNK1A1",TRUE
"442",164,"DYRK3","D","TCGA-D1-A17Q-01","D335N","D,D,D,D,D,D,D,D,D,D,D,D,D,D,D,D,D,D,D,D,D,D,D,D,D,D,D,D,D,D","N",0,"164_DYRK3",TRUE
"443",164,"PAK7","D","TCGA-EE-A2GR-06","D568N","D,D,D,D,D,D,D,D,D,D,D,D,D,D,D,D,D,D,D,D,D,D,D,D,D,D,D,D,D,D","N",0,"164_PAK7",TRUE
"445",164,"STK11","D","TCGA-49-4507-01","D176A","D,D,D,D,D,D,D,D,D,D,D,D,D,D,D,D,D,D,D,D,D,D,D,D,D,D,D,D,D,D","A",0,"164_STK11",TRUE
"447",164,"PRKG2","D","TCGA-FU-A3HZ-01","D576Y","D,D,D,D,D,D,D,D,D,D,D,D,D,D,D,D,D,D,D,D,D,D,D,D,D,D,D,D,D,D","Y",0,"164_PRKG2",TRUE
"449",165,"MAP3K1","V","TCGA-IB-7651-01","V1370A","I,I,L,I,L,M,I,I,I,I,V,L,V,L,L,L,L,I,L,L,V,L,L,L,L,L,I,L,I,I","A",0,"165_MAP3K1",TRUE
"450",166,"NEK11","K","TCGA-BS-A0V7-01","K160Q","K,K,N,K,K,K,K,K,K,K,K,K,K,K,K,K,K,K,A,A,K,K,K,K,A,K,K,S,K,K","Q",0,"166_NEK11",TRUE
"451",166,"STK32A","K","TCGA-BR-6452-01","K148E","K,K,N,K,K,K,K,K,K,K,K,K,K,K,K,K,K,K,A,A,K,K,K,K,A,K,K,S,K,K","E",0,"166_STK32A",TRUE
"452",167,"STK11","P","TCGA-EK-A2R8-01","P179Q","P,P,S,S,C,P,A,P,G,A,P,P,G,S,P,P,A,P,A,A,P,S,S,P,A,P,S,S,P,P","Q",0,"167_STK11",TRUE
"454",167,"FER","A","TCGA-IB-7651-01","A687V","P,P,S,S,C,P,A,P,G,A,P,P,G,S,P,P,A,P,A,A,P,S,S,P,A,P,S,S,P,P","V",0,"167_FER",TRUE
"457",168,"BMPR2","R","TCGA-FU-A3HY-01","R337I","G,S,R,K,D,D,A,D,N,Q,E,E,A,P,S,E,E,D,R,R,H,S,K,E,R,E,D,Q,Q,E","I",0,"168_BMPR2",TRUE
"458",168,"EPHA7","R","TCGA-D3-A5GO-06","R762C","G,S,R,K,D,D,A,D,N,Q,E,E,A,P,S,E,E,D,R,R,H,S,K,E,R,E,D,Q,Q,E","C",0,"168_EPHA7",TRUE
"461",168,"MAP3K12","P","TCGA-18-3409-01","P240L","G,S,R,K,D,D,A,D,N,Q,E,E,A,P,S,E,E,D,R,R,H,S,K,E,R,E,D,Q,Q,E","L",0,"168_MAP3K12",TRUE
"465",169,"BRSK1","N","TCGA-AP-A054-01","N161D","N,N,N,N,N,N,N,N,N,N,N,N,N,N,N,N,N,N,N,N,N,N,N,N,N,N,S,N,N,N","D",0,"169_BRSK1",TRUE
"466",169,"STK11","N","TCGA-49-4486-01","N181I","N,N,N,N,N,N,N,N,N,N,N,N,N,N,N,N,N,N,N,N,N,N,N,N,N,N,S,N,N,N","I",0,"169_STK11",TRUE
"468",170,"CSNK2A1","V","TCGA-A5-A0GP-01","V162A","L,I,V,V,L,I,V,F,V,I,F,V,L,M,V,I,V,I,C,I,V,I,V,L,I,L,I,V,L,I","A",0,"170_CSNK2A1",TRUE
"469",171,"CHEK2","L","TCGA-B5-A0JY-01","L354V","L,L,L,L,L,L,L,L,M,F,L,L,L,L,L,L,F,L,L,L,M,L,F,L,L,I,L,L,L,L","V",0,"171_CHEK2",TRUE
"471",172,"TSSK1B","L","TCGA-FW-A3R5-06","L144F","L,L,V,L,L,L,L,M,L,L,I,L,I,I,L,L,Y,I,V,I,I,V,L,L,V,L,L,I,L,V","F",0,"172_TSSK1B",TRUE
"472",173,"MAP3K19","M","TCGA-OR-A5LB-01","M1195V","T,D,K,K,D,D,S,G,M,S,G,S,D,T,D,K,T,D,G,N,D,K,K,D,N,D,T,R,D,S","V",0,"173_MAP3K19",TRUE
"473",173,"NIM1K","T","TCGA-78-7148-01","T205A","T,D,K,K,D,D,S,G,M,S,G,S,D,T,D,K,T,D,G,N,D,K,K,D,N,D,T,R,D,S","A",0,"173_NIM1K",TRUE
"474",173,"CSNK2A1","D","TCGA-CV-7248-01","D165H","T,D,K,K,D,D,S,G,M,S,G,S,D,T,D,K,T,D,G,N,D,K,K,D,N,D,T,R,D,S","H",0,"173_CSNK2A1",TRUE
"477",174,"LATS1","R","TCGA-AC-A23H-01","R838G","T,R,N,N,K,E,E,I,P,K,R,S,S,Y,P,H,S,R,E,S,H,N,N,E,S,A,S,E,P,Q","G",0,"174_LATS1",TRUE
"486",209,"ACVR2A","A","TCGA-B8-4151-01","A336S","L,I,C,A,I,V,V,L,I,A,I,I,L,V,V,T,V,I,L,C,L,C,L,I,C,L,I,C,L,T","S",0,"209_ACVR2A",TRUE
"487",209,"TSSK1B","I","TCGA-AC-A23H-01","I150M","L,I,C,A,I,V,V,L,I,A,I,I,L,V,V,T,V,I,L,C,L,C,L,I,C,L,I,C,L,T","M",0,"209_TSSK1B",TRUE
"489",210,"PRKG2","K","TCGA-BS-A0UF-01","K591E","K,K,V,C,K,H,K,F,K,K,H,K,R,K,K,K,K,K,K,K,R,C,K,R,K,K,K,A,K,K","E",0,"210_PRKG2",TRUE
"490",211,"PRKG2","L","TCGA-A2-A0EU-01","L592S","I,L,I,I,L,I,L,L,L,L,I,I,I,I,L,V,V,L,I,V,L,L,I,I,V,L,L,I,L,L","S",0,"211_PRKG2",TRUE
"491",212,"STK11","S","TCGA-EE-A29V-06","S193F","S,C,S,A,S,T,A,I,I,G,I,T,A,S,A,I,G,T,S,S,I,C,G,A,S,V,S,G,C,C","F",0,"212_STK11",TRUE
"492",212,"FER","S","TCGA-50-5933-01","S701N","S,C,S,A,S,T,A,I,I,G,I,T,A,S,A,I,G,T,S,S,I,C,G,A,S,V,S,G,C,C","N",0,"212_FER",TRUE
"493",212,"NEK5","G","TCGA-BS-A0UJ-01","G146W","S,C,S,A,S,T,A,I,I,G,I,T,A,S,A,I,G,T,S,S,I,C,G,A,S,V,S,G,C,C","W",0,"212_NEK5",TRUE
"496",213,"CSNK1G3","D","TCGA-HU-A4GQ-01","D185Y","D,D,D,D,D,D,D,D,D,D,D,D,D,D,D,D,D,D,D,D,D,D,D,D,D,D,D,D,D,D","Y",0,"213_CSNK1G3",TRUE
"497",213,"PAK7","D","TCGA-ER-A19S-06","D586N","D,D,D,D,D,D,D,D,D,D,D,D,D,D,D,D,D,D,D,D,D,D,D,D,D,D,D,D,D,D","N",0,"213_PAK7",TRUE
"498",213,"DYRK3","D","TCGA-22-5472-01","D355Y","D,D,D,D,D,D,D,D,D,D,D,D,D,D,D,D,D,D,D,D,D,D,D,D,D,D,D,D,D,D","Y",0,"213_DYRK3",TRUE
"499",214,"STK11","L","TCGA-AP-A059-01","L195M","L,F,F,F,F,F,F,F,F,F,F,F,F,F,F,F,F,F,F,F,W,F,F,F,F,F,F,L,F,F","M",0,"214_STK11",TRUE
"500",214,"CSNK2A1","W","TCGA-CG-4305-01","W176C","L,F,F,F,F,F,F,F,F,F,F,F,F,F,F,F,F,F,F,F,W,F,F,F,F,F,F,L,F,F","C",0,"214_CSNK2A1",TRUE
"501",215,"STK11","G","TCGA-FW-A3TV-06","G196V","G,G,G,G,S,N,G,G,G,G,G,G,G,G,G,G,G,G,G,G,G,G,G,G,G,G,G,G,G,G","V",0,"215_STK11",TRUE
"503",215,"EPHA5","G","TCGA-76-6656-01","G820V","G,G,G,G,S,N,G,G,G,G,G,G,G,G,G,G,G,G,G,G,G,G,G,G,G,G,G,G,G,G","V",0,"215_EPHA5",TRUE
"504",215,"AMHR2","G","TCGA-27-2524-01","G353D","G,G,G,G,S,N,G,G,G,G,G,G,G,G,G,G,G,G,G,G,G,G,G,G,G,G,G,G,G,G","D",0,"215_AMHR2",TRUE
"508",217,"MAP2K4","S","TCGA-A2-A1G4-01","S251I","A,S,S,A,S,A,A,A,A,A,A,S,A,S,S,S,S,C,S,S,A,S,S,A,S,A,C,A,A,A","I",0,"217_MAP2K4",TRUE
"510",217,"NIM1K","S","TCGA-BQ-5892-01","S218G","A,S,S,A,S,A,A,A,A,A,A,S,A,S,S,S,S,C,S,S,A,S,S,A,S,A,C,A,A,A","G",0,"217_NIM1K",TRUE
"538",218,"BMPR2","M","TCGA-CV-6961-01","M356I","E,G,M,L,K,A,G,K,R,R,K,K,A,K,T,C,T,T,R,R,E,L,R,S,R,K,A,L,K,R","I",0,"218_BMPR2",TRUE
"542",218,"EPHA5","R","TCGA-BR-8296-01","R823W","E,G,M,L,K,A,G,K,R,R,K,K,A,K,T,C,T,T,R,R,E,L,R,S,R,K,A,L,K,R","W",0,"218_EPHA5",TRUE
"552",218,"FER","R","TCGA-G2-A2EJ-01","R707H","E,G,M,L,K,A,G,K,R,R,K,K,A,K,T,C,T,T,R,R,E,L,R,S,R,K,A,L,K,R","H",0,"218_FER",TRUE
"567",219,"PAK7","Q","TCGA-FS-A4FD-06","Q592P","A,Q,R,K,R,M,Q,K,R,V,E,I,R,E,F,F,V,G,Q,V,F,R,L,L,V,K,Q,V,Q,T","P",0,"219_PAK7",TRUE
"568",219,"TSSK1B","R","TCGA-AP-A0LG-01","R160C","A,Q,R,K,R,M,Q,K,R,V,E,I,R,E,F,F,V,G,Q,V,F,R,L,L,V,K,Q,V,Q,T","C",0,"219_TSSK1B",TRUE
"569",220,"DYRK3","E","TCGA-AA-A00N-01","E362K","L,L,L,F,C,L,L,Y,L,L,Y,L,L,L,Q,E,S,F,.,L,Y,L,L,Q,I,I,V,L,L,L","K",0,"220_DYRK3",TRUE
"571",221,"ACVR2A","E","TCGA-64-1680-01","E348G","H,V,T,E,L,P,T,R,A,N,I,.,A,S,.,Y,K,R,.,.,H,D,M,V,.,.,S,P,V,A","G",0,"221_ACVR2A",TRUE
"576",227,"CHEK2","S","TCGA-D8-A1J8-01","S379F",".,.,L,A,.,.,.,Q,G,.,K,S,A,M,Q,.,.,K,.,.,Y,.,D,L,.,Q,.,Q,N,Y","F",0,"227_CHEK2",TRUE
"577",227,"ACVR2A","A","TCGA-A4-8310-01","A353T",".,.,L,A,.,.,.,Q,G,.,K,S,A,M,Q,.,.,K,.,.,Y,.,D,L,.,Q,.,Q,N,Y","T",0,"227_ACVR2A",TRUE
"578",230,"LATS1","Q","TCGA-CF-A3MG-01","Q863E",".,.,P,.,.,.,.,P,.,.,P,R,.,.,T,.,.,Q,.,.,.,.,T,.,.,W,.,A,.,.","E",0,"230_LATS1",TRUE
"579",231,"BMPR2","G","TCGA-AA-3516-01","G367R",".,.,G,.,.,.,.,Y,.,.,Y,.,.,.,G,.,.,S,.,.,.,.,.,.,.,.,.,W,.,.","R",0,"231_BMPR2",TRUE
"580",233,"FER","E","TCGA-AR-A256-01","E709G","A,.,E,.,R,E,D,E,S,E,E,.,E,.,.,.,E,D,E,E,.,V,.,.,E,.,E,P,.,.","G",0,"233_FER",TRUE
"581",233,"TSSK1B","R","TCGA-P5-A5F0-01","R163W","A,.,E,.,R,E,D,E,S,E,E,.,E,.,.,.,E,D,E,E,.,V,.,.,E,.,E,P,.,.","W",0,"233_TSSK1B",TRUE
"582",236,"NEK5","R","TCGA-AP-A059-01","R162Q","T,.,N,.,S,I,I,.,L,R,.,.,G,.,.,.,N,R,.,P,.,L,.,.,P,.,K,P,.,.","Q",0,"236_NEK5",TRUE
"583",238,"LATS1","D","TCGA-BS-A0UV-01","D871Y","R,.,.,.,R,.,R,.,.,.,.,.,.,.,.,.,.,D,.,.,.,N,.,.,.,.,K,G,.,.","Y",0,"238_LATS1",TRUE
"584",240,"BMPR2","A","TCGA-AP-A059-01","A372T",".,.,A,.,A,.,.,.,.,.,.,.,.,.,.,.,.,M,G,A,.,.,.,.,A,.,.,A,.,.","T",0,"240_BMPR2",TRUE
"585",276,"GSK3B","S","TCGA-GF-A6C9-06","S215L","T,T,S,T,T,T,T,N,S,T,S,T,Q,S,S,T,T,S,S,T,V,S,T,T,T,T,S,M,S,T","L",0,"276_GSK3B",TRUE
"587",277,"CSNK2A1","R","TCGA-21-1078-01","R191Q","S,R,E,H,F,M,F,L,M,C,L,L,L,F,G,Y,F,L,S,T,R,G,L,S,T,F,L,E,Y,D","Q",0,"277_CSNK2A1",TRUE
"588",280,"PRKG2","C","TCGA-F1-6177-01","C611Y","Q,A,V,V,C,A,V,T,H,I,T,C,L,A,G,I,C,V,S,R,V,V,T,C,T,C,V,A,I,V","Y",0,"280_PRKG2",TRUE
"590",280,"PAK7","V","TCGA-A4-A57E-01","V604F","Q,A,V,V,C,A,V,T,H,I,T,C,L,A,G,I,C,V,S,R,V,V,T,C,T,C,V,A,I,V","F",0,"280_PAK7",TRUE
"591",281,"EPHA7","G","TCGA-GF-A6C9-06","G795S","G,G,G,G,G,G,G,G,G,G,G,G,G,G,G,Q,G,G,G,G,A,G,G,G,G,G,G,G,C,A","S",0,"281_EPHA7",TRUE
"595",282,"STK11","S","TCGA-55-1596-01","S216F","S,C,T,T,S,T,T,T,T,T,T,T,T,T,T,S,S,T,L,G,S,T,T,S,G,T,T,T,S,T","F",0,"282_STK11",TRUE
"596",282,"STK24","T","TCGA-KK-A6E1-01","T182K","S,C,T,T,S,T,T,T,T,T,T,T,T,T,T,S,S,T,L,G,S,T,T,S,G,T,T,T,S,T","K",0,"282_STK24",TRUE
"599",283,"NEK5","P","TCGA-66-2759-01","P168S","P,R,I,R,P,K,P,A,P,P,A,P,I,V,L,.,P,P,K,K,.,A,P,P,K,P,P,Q,R,R","S",0,"283_NEK5",TRUE
"600",283,"PAK7","P","TCGA-GF-A6C9-06","P607S","P,R,I,R,P,K,P,A,P,P,A,P,I,V,L,.,P,P,K,K,.,A,P,P,K,P,P,Q,R,R","S",0,"283_PAK7",TRUE
"602",287,"EPHA5","I","TCGA-60-2698-01","I842M",".,.,.,.,.,.,.,.,.,.,.,.,.,.,.,.,.,.,I,I,.,.,.,.,V,.,.,.,.,.","M",0,"287_EPHA5",TRUE
"604",288,"TSSK1B","A","TCGA-AA-A00Z-01","A180V","A,P,R,R,A,P,F,R,Y,Y,R,T,A,A,G,R,P,N,K,R,R,R,H,H,R,E,Y,R,Y,W","V",0,"288_TSSK1B",TRUE
"605",289,"MAP3K19","W","TCGA-BS-A0UF-01","W1233L","F,Y,Y,Y,Y,Y,W,Y,W,Y,Y,Y,F,W,Y,F,Y,Y,W,W,Y,Y,Y,Y,W,Y,W,Y,Y,Y","L",0,"289_MAP3K19",TRUE
"606",289,"EPHA5","W","TCGA-33-6737-01","W844L","F,Y,Y,Y,Y,Y,W,Y,W,Y,Y,Y,F,W,Y,F,Y,Y,W,W,Y,Y,Y,Y,W,Y,W,Y,Y,Y","L",0,"289_EPHA5",TRUE
"608",291,"CHEK2","L","TCGA-DJ-A1QG-01","L391F","Q,M,M,M,A,M,M,A,M,L,M,L,M,M,L,R,A,I,T,T,K,M,M,A,T,V,M,M,R,R","F",0,"291_CHEK2",TRUE
"610",292,"NEK5","S","TCGA-CN-6019-01","S172Y","P,A,A,A,A,A,A,S,A,S,S,A,A,A,A,A,A,A,A,A,G,A,S,C,A,A,A,A,A,A","Y",0,"292_NEK5",TRUE
"612",292,"CHEK2","A","TCGA-50-6673-01","A392V","P,A,A,A,A,A,A,S,A,S,S,A,A,A,A,A,A,A,A,A,G,A,S,C,A,A,A,A,A,A","V",0,"292_CHEK2",TRUE
"613",292,"EPHA7","A","TCGA-FW-A3R5-06","A804T","P,A,A,A,A,A,A,S,A,S,S,A,A,A,A,A,A,A,A,A,G,A,S,C,A,A,A,A,A,A","T",0,"292_EPHA7",TRUE
"614",292,"MAP2K4","A","TCGA-AP-A051-01","A271T","P,A,A,A,A,A,A,S,A,S,S,A,A,A,A,A,A,A,A,A,G,A,S,C,A,A,A,A,A,A","T",0,"292_MAP2K4",TRUE
"615",293,"FER","P","TCGA-IB-7651-01","P729L","P,P,P,P,P,P,P,I,P,P,I,P,P,P,P,P,P,P,P,P,P,P,P,P,P,P,P,P,P,P","L",0,"293_FER",TRUE
"616",293,"ACVR2A","P","TCGA-CG-5720-01","P368S","P,P,P,P,P,P,P,I,P,P,I,P,P,P,P,P,P,P,P,P,P,P,P,P,P,P,P,P,P,P","S",0,"293_ACVR2A",TRUE
"617",293,"MAP2K4","P","TCGA-BR-4362-01","P272S","P,P,P,P,P,P,P,I,P,P,I,P,P,P,P,P,P,P,P,P,P,P,P,P,P,P,P,P,P,P","S",0,"293_MAP2K4",TRUE
"618",293,"CSNK2A1","P","TCGA-B5-A11E-01","P200L","P,P,P,P,P,P,P,I,P,P,I,P,P,P,P,P,P,P,P,P,P,P,P,P,P,P,P,P,P,P","L",0,"293_CSNK2A1",TRUE
"620",294,"FER","E","TCGA-FD-A3B3-01","E730K","E,E,E,E,E,E,E,N,E,E,N,E,E,E,E,E,E,E,E,E,E,E,E,E,E,E,E,E,E,E","K",0,"294_FER",TRUE
"621",294,"DYRK3","E","TCGA-DK-A2I4-01","E379Q","E,E,E,E,E,E,E,N,E,E,N,E,E,E,E,E,E,E,E,E,E,E,E,E,E,E,E,E,E,E","Q",0,"294_DYRK3",TRUE
"622",294,"MAP2K4","E","TCGA-A8-A093-01","E273K","E,E,E,E,E,E,E,N,E,E,N,E,E,E,E,E,E,E,E,E,E,E,E,E,E,E,E,E,E,E","K",0,"294_MAP2K4",TRUE
"623",294,"PAK7","E","TCGA-DD-A113-01","E613V","E,E,E,E,E,E,E,N,E,E,N,E,E,E,E,E,E,E,E,E,E,E,E,E,E,E,E,E,E,E","V",0,"294_PAK7",TRUE
"624",294,"LATS1","E","TCGA-DD-A3A0-01","E920G","E,E,E,E,E,E,E,N,E,E,N,E,E,E,E,E,E,E,E,E,E,E,E,E,E,E,E,E,E,E","G",0,"294_LATS1",TRUE
"625",294,"BMPR2","E","TCGA-28-1747-01","E386G","E,E,E,E,E,E,E,N,E,E,N,E,E,E,E,E,E,E,E,E,E,E,E,E,E,E,E,E,E,E","G",0,"294_BMPR2",TRUE
"626",294,"TSSK1B","E","TCGA-D1-A103-01","E185G","E,E,E,E,E,E,E,N,E,E,N,E,E,E,E,E,E,E,E,E,E,E,E,E,E,E,E,E,E,E","G",0,"294_TSSK1B",TRUE
